================================================================================
[2026-05-25 21:08:14] 查询: 中山紫马岭附近早餐推荐
耗时: 608.0 ms | 命中数: 6 | 阈值: 0.3
--------------------------------------------------------------------------------

  [1] 避坑和实用贴士
      综合得分: 0.7194  (向量:0.5694 + 关键词:0.0000 + 标签:0.1500)
      标签: ['三乡镇', '东升镇', '乳鸽', '历史文化', '小吃', '小榄镇', '攻略', '早茶', '沙溪镇', '海鲜', '石岐区', '自然风光', '购物', '黄圃镇']
      来源: food/food\zhongshan_restaurants.md
      内容: 中山的早茶人均30到50块，基本是广州的三分之一价格，爱群食店6点开门建议8点前到免排队，周一和周四点心还打8折。乳鸽认准12到13天的妙龄鸽，石岐佬建议工作日11点前或17点前到，周末排队至少半小时。省钱吃法：早茶30到50一个人，乳鸽专门店60到80，海鲜大餐100到150。东升镇的脆肉鲩最正宗，沙溪镇的隆都菜最地道，石岐区的乳鸽最集中。三乡濑粉源于清嘉庆年间有200多年历史，上汤是灵魂要放烧鹅和叉烧。小榄菊花会每年11月下旬到12月举行，以菊入馔是中山独有文化。黄圃镇的腊味可以真空包装带回家，煲仔饭放几片腊肠满分。

  [2] 爱群食店 — 30年老牌早茶馆，中山人的集体记忆
      综合得分: 0.7193  (向量:0.5693 + 关键词:0.0000 + 标签:0.1500)
      标签: ['南区', '异国风味', '攻略', '早茶', '海鲜', '自然风光']
      来源: food/food\zhongshan_restaurants.md
      内容: 南区街道银潭二路的爱群食店，开了30年了，每天早上6点开门，里面坐满了阿公阿婆，是那种半自助的——自己拿点心，服务员在点心卡上盖章记账。最绝的是周一和周四点心打8折，茶位只要1块钱起步。他们家的镇店之宝是咖喱金钱肚，25块一份，肚肉特别厚实，吸满了金黄色的咖喱汁，软糯又不失嚼劲，完全不腥不腻。黑胡椒牛仔骨是点单榜第一名，38块一份，大块的牛肉裹着浓稠的黑椒汁，骨头小肉量大，嫩得一咬就脱骨。上汤虾饺19块钱一笼，里面包了三四只虾仁，皮薄得像蝉翼，咬开汤汁迸发，虾肉饱满弹牙，这个性价比真的绝了。还有鸭脚扎22块（腐皮包着鸭脚、猪肚、猪板筋，吸满秘制卤水层次超丰富）、鲍汁凤爪20块（软糯到骨肉分离）

  [3] 中山特产采购实战指南
      综合得分: 0.6625  (向量:0.5125 + 关键词:0.0000 + 标签:0.1500)
      标签: ['历史文化', '小吃', '沙溪镇', '石岐区', '神湾镇', '自然风光', '购物', '黄圃镇']
      来源: general/general\zhongshan_travel.md
      内容: 杏仁饼的话，咀香园（1918年沙溪镇有门店）和惠赞饼家（1911年石岐区）最正宗，20到35一盒。南冲饼家和兴华饼家在石岐老区做烧饼鸡仔饼光酥饼，手工制作十到二十块一包。黄圃腊味真空装35到65，煲仔饭绝配。石岐米酒也是非遗手信25到50一瓶30度左右。孙文西路的中山名品荟集中了170多家名优企业近800个产品，威力奥马华帝格兰仕美的TCL洁柔完美这些品牌一站选购，一楼伴手礼二楼家电家居。白水井大街的杂货铺买特产比景区便宜。神湾菠萝是中山限定水果，个小超甜无渣不用泡盐水直接吃，10到11月旺季，路上水果摊基本都卖。

  [4] 中山的咖啡馆 — 全市1600多家，藏着很多惊喜
      综合得分: 0.6325  (向量:0.4825 + 关键词:0.0000 + 标签:0.1500)
      标签: ['三乡镇', '东区', '五桂山街道', '南朗街道', '历史文化', '咖啡', '宵夜', '石岐区', '神湾镇', '网红打卡', '自然风光']
      来源: food/food\zhongshan_restaurants.md
      内容: 中山被称为"隐藏的咖啡之城"，全市有超过1600家咖啡馆。最出圈的是南朗崖口村的向云端咖啡店，被网友叫做宫崎骏稻田咖啡——坐在木质小椅上面对千亩稻田发呆喝咖啡，拍照出片率拉满，25到38一杯，春天青绿秋天金黄各有味道。崖口村还有个JANLU简庐电厂工坊，把废弃的旧发电厂改成了工业风咖啡馆，保留了50到80年代的发电设备，乡村柴窑是卖点，小红书热度超高。
五桂山那边的不荒樟咖啡开在桂南村的香樟林里，手冲28到45一杯，满眼绿意。东区库充村的囍楼咖啡把古碉楼活化成咖啡馆，保留了原来建筑特色。三乡镇雍陌村的希望咖啡依靠一座古老的华侨楼，历史感满满。东区的Lion咖啡有全景花园，25到45块的咖啡轻食

  [5] 中山特产手信 — 带得走的中山味道
      综合得分: 0.6114  (向量:0.4614 + 关键词:0.0000 + 标签:0.1500)
      标签: ['乳鸽', '历史文化', '小吃', '沙溪镇', '石岐区', '自然风光', '购物', '黄圃镇']
      来源: food/food\zhongshan_restaurants.md
      内容: 咀香园1918年创立，是百年老字号，主打的杏仁饼最有意思——名字叫杏仁饼但其实没有杏仁，是用绿豆粉和冰肉古法制作，入口酥化还有杏仁香，25一盒。沙溪镇有门店。惠赞饼家创于1911年，也是百年历史，主打传统杏仁饼和蛋卷，20到35块，分袋装和盒装。南冲饼家和兴华饼家都在石岐老区，烧饼鸡仔饼光酥饼老婆饼这些，十几二十块一包，坚持古法手工制作。食出石岐鸽可以买到真空包装的，45到88不等，还有鸽羹和椰皇鸽子汤，带回家也能吃到地道风味。黄圃镇是广东腊味之乡，腊肠腊肉真空装35到65，煲仔饭放几片绝了。石岐米酒也是非遗手信，广东四大豉香型米酒之一，酿造技艺起源于明代，30度左右，25到50一瓶。另外孙文

  [6] 市内酒店推荐 — 从五星到性价比
      综合得分: 0.6020  (向量:0.4520 + 关键词:0.0000 + 标签:0.1500)
      标签: ['三乡镇', '东区', '亲子', '住宿', '历史文化', '温泉', '石岐区', '自然风光', '购物']
      来源: general/general\zhongshan_travel.md
      内容: 中山利和希尔顿在石岐区中山三路16号，60层的城市地标，顶楼有360度城市观景台夜景绝美。楼顶还有Stop Here手工精酿啤酒吧，号称全球最高海拔之一。隔壁就是利和广场购物中心位置绝佳，700到1800一晚。中山名座假日酒店在三乡镇，是三乡温泉区的高性价比选择，500到1200一晚，有室内外温泉泡池和儿童水上乐园亲子首选，周边郑观应故居罗三妹山都在10分钟车程内。

================================================================================
[2026-05-25 21:14:41] 查询: 中山老城 包子 早餐 推荐
耗时: 670.8 ms | 命中数: 6 | 阈值: 0.3
--------------------------------------------------------------------------------

  [1] 爱群食店 — 30年老牌早茶馆，中山人的集体记忆
      综合得分: 0.6949  (向量:0.5449 + 关键词:0.0000 + 标签:0.1500)
      标签: ['南区', '异国风味', '攻略', '早茶', '海鲜', '自然风光']
      来源: food/food\zhongshan_restaurants.md
      内容: 南区街道银潭二路的爱群食店，开了30年了，每天早上6点开门，里面坐满了阿公阿婆，是那种半自助的——自己拿点心，服务员在点心卡上盖章记账。最绝的是周一和周四点心打8折，茶位只要1块钱起步。他们家的镇店之宝是咖喱金钱肚，25块一份，肚肉特别厚实，吸满了金黄色的咖喱汁，软糯又不失嚼劲，完全不腥不腻。黑胡椒牛仔骨是点单榜第一名，38块一份，大块的牛肉裹着浓稠的黑椒汁，骨头小肉量大，嫩得一咬就脱骨。上汤虾饺19块钱一笼，里面包了三四只虾仁，皮薄得像蝉翼，咬开汤汁迸发，虾肉饱满弹牙，这个性价比真的绝了。还有鸭脚扎22块（腐皮包着鸭脚、猪肚、猪板筋，吸满秘制卤水层次超丰富）、鲍汁凤爪20块（软糯到骨肉分离）

  [2] 中山特产采购实战指南
      综合得分: 0.6369  (向量:0.4869 + 关键词:0.0000 + 标签:0.1500)
      标签: ['历史文化', '小吃', '沙溪镇', '石岐区', '神湾镇', '自然风光', '购物', '黄圃镇']
      来源: general/general\zhongshan_travel.md
      内容: 杏仁饼的话，咀香园（1918年沙溪镇有门店）和惠赞饼家（1911年石岐区）最正宗，20到35一盒。南冲饼家和兴华饼家在石岐老区做烧饼鸡仔饼光酥饼，手工制作十到二十块一包。黄圃腊味真空装35到65，煲仔饭绝配。石岐米酒也是非遗手信25到50一瓶30度左右。孙文西路的中山名品荟集中了170多家名优企业近800个产品，威力奥马华帝格兰仕美的TCL洁柔完美这些品牌一站选购，一楼伴手礼二楼家电家居。白水井大街的杂货铺买特产比景区便宜。神湾菠萝是中山限定水果，个小超甜无渣不用泡盐水直接吃，10到11月旺季，路上水果摊基本都卖。

  [3] 孙文西路步行街和香山古城 — 石岐老城的灵魂
      综合得分: 0.6352  (向量:0.4852 + 关键词:0.0000 + 标签:0.1500)
      标签: ['住宿', '历史文化', '小吃', '异国风味', '情侣', '石岐区', '网红打卡', '自然风光', '购物', '黄圃镇']
      来源: general/general\zhongshan_travel.md
      内容: 孙文西路是中山最老的商圈，整条街都是南洋风格的骑楼建筑。香山古城的核心区就在这里，2025年国庆假期这一带客流超过130万人次。街上值得看的：思豪大酒店旧楼、香山商业文化博物馆（三层粉色洋楼，本身就是网红拍照地标，馆内展示了香山商业发展史，中山作为侨乡，四大百货先施永安新新大新都和中山有关）。中山名品荟在原来中山百货大楼里面，一楼专门卖伴手礼，二楼卖中山本地生产的家电产品像威力奥马TCL这些。晚上灯光亮起来搭配岐江夜景非常浪漫。白水井大街也在附近，是当地人爱逛的老街，满足面和顺柚记等老字号小吃店就在这里，街边杂货铺还能买到石岐米酒和黄圃腊味，比景区便宜。

  [4] 中山特产手信 — 带得走的中山味道
      综合得分: 0.6329  (向量:0.4829 + 关键词:0.0000 + 标签:0.1500)
      标签: ['乳鸽', '历史文化', '小吃', '沙溪镇', '石岐区', '自然风光', '购物', '黄圃镇']
      来源: food/food\zhongshan_restaurants.md
      内容: 咀香园1918年创立，是百年老字号，主打的杏仁饼最有意思——名字叫杏仁饼但其实没有杏仁，是用绿豆粉和冰肉古法制作，入口酥化还有杏仁香，25一盒。沙溪镇有门店。惠赞饼家创于1911年，也是百年历史，主打传统杏仁饼和蛋卷，20到35块，分袋装和盒装。南冲饼家和兴华饼家都在石岐老区，烧饼鸡仔饼光酥饼老婆饼这些，十几二十块一包，坚持古法手工制作。食出石岐鸽可以买到真空包装的，45到88不等，还有鸽羹和椰皇鸽子汤，带回家也能吃到地道风味。黄圃镇是广东腊味之乡，腊肠腊肉真空装35到65，煲仔饭放几片绝了。石岐米酒也是非遗手信，广东四大豉香型米酒之一，酿造技艺起源于明代，30度左右，25到50一瓶。另外孙文

  [5] 避坑和实用贴士
      综合得分: 0.6183  (向量:0.4683 + 关键词:0.0000 + 标签:0.1500)
      标签: ['三乡镇', '东升镇', '乳鸽', '历史文化', '小吃', '小榄镇', '攻略', '早茶', '沙溪镇', '海鲜', '石岐区', '自然风光', '购物', '黄圃镇']
      来源: food/food\zhongshan_restaurants.md
      内容: 中山的早茶人均30到50块，基本是广州的三分之一价格，爱群食店6点开门建议8点前到免排队，周一和周四点心还打8折。乳鸽认准12到13天的妙龄鸽，石岐佬建议工作日11点前或17点前到，周末排队至少半小时。省钱吃法：早茶30到50一个人，乳鸽专门店60到80，海鲜大餐100到150。东升镇的脆肉鲩最正宗，沙溪镇的隆都菜最地道，石岐区的乳鸽最集中。三乡濑粉源于清嘉庆年间有200多年历史，上汤是灵魂要放烧鹅和叉烧。小榄菊花会每年11月下旬到12月举行，以菊入馔是中山独有文化。黄圃镇的腊味可以真空包装带回家，煲仔饭放几片腊肠满分。

  [6] 中山的咖啡馆 — 全市1600多家，藏着很多惊喜
      综合得分: 0.5741  (向量:0.4241 + 关键词:0.0000 + 标签:0.1500)
      标签: ['三乡镇', '东区', '五桂山街道', '南朗街道', '历史文化', '咖啡', '宵夜', '石岐区', '神湾镇', '网红打卡', '自然风光']
      来源: food/food\zhongshan_restaurants.md
      内容: 中山被称为"隐藏的咖啡之城"，全市有超过1600家咖啡馆。最出圈的是南朗崖口村的向云端咖啡店，被网友叫做宫崎骏稻田咖啡——坐在木质小椅上面对千亩稻田发呆喝咖啡，拍照出片率拉满，25到38一杯，春天青绿秋天金黄各有味道。崖口村还有个JANLU简庐电厂工坊，把废弃的旧发电厂改成了工业风咖啡馆，保留了50到80年代的发电设备，乡村柴窑是卖点，小红书热度超高。
五桂山那边的不荒樟咖啡开在桂南村的香樟林里，手冲28到45一杯，满眼绿意。东区库充村的囍楼咖啡把古碉楼活化成咖啡馆，保留了原来建筑特色。三乡镇雍陌村的希望咖啡依靠一座古老的华侨楼，历史感满满。东区的Lion咖啡有全景花园，25到45块的咖啡轻食

================================================================================
[2026-05-27 19:50:29] 查询: 中山 海鲜餐厅 推荐 人均 口碑 避坑
耗时: 1195.2 ms | 命中数: 6 | 阈值: 0.3
--------------------------------------------------------------------------------

  [1] 带朋友吃遍中山（有好吃的要分享）
      综合得分: 1.2920  (向量:0.6020 + 关键词:0.2400 + 标签:0.4500)
      标签: ['三乡镇', '东升镇', '乳鸽', '小吃', '小榄镇', '攻略', '早茶', '海鲜', '石岐区', '自然风光']
      来源: food/food\scene_guide.md
      内容: - 优先级：体验感 > 特色 > 价格
- 推荐类型：中山地标美食全覆盖
- 人均预算：100-200元（一天）
- 必吃路线：早茶爱群食店→石岐佬乳鸽→崖口煲仔饭→三乡濑粉→小榄炸鱼球→东升脆肉鲩
- 搜索关键词：乳鸽、早茶、濑粉、脆肉鲩、炸鱼球、海鲜

  [2] 月底省钱（人均<30元，吃饱吃好）
      综合得分: 1.2069  (向量:0.4269 + 关键词:0.3300 + 标签:0.4500)
      标签: ['三乡镇', '乳鸽', '小吃', '攻略', '早茶', '海鲜', '石岐区', '自然风光']
      来源: food/food\scene_guide.md
      内容: - 优先级：价格 > 分量 > 口味
- 推荐类型：快餐、小吃、食堂、肠粉、濑粉、煲仔饭
- 人均预算：15-30元
- 搜索关键词：小吃、快餐、濑粉、肠粉、煲仔饭、街坊店
- 中山省钱清单：
  - 煲煲掂红烧乳鸽35元（乳鸽里最便宜的！）
  - 三乡濑粉18元一碗
  - 崖口云吞15元一碗
  - 满足面混酱肠粉12元+炸云吞15元，人均20吃撑
  - 爱群食店周一/四早茶8折，茶位1元起，虾饺19元
  - 白水井大街老字号小吃全部20以内
- 避坑：别去石岐佬（乳鸽80元一只，月底太贵）、海鲜大餐（人均100+）

  [3] 避坑和实用贴士
      综合得分: 1.1693  (向量:0.4793 + 关键词:0.2400 + 标签:0.4500)
      标签: ['三乡镇', '东升镇', '乳鸽', '历史文化', '小吃', '小榄镇', '攻略', '早茶', '沙溪镇', '海鲜', '石岐区', '自然风光', '购物', '黄圃镇']
      来源: food/food\zhongshan_restaurants.md
      内容: 中山的早茶人均30到50块，基本是广州的三分之一价格，爱群食店6点开门建议8点前到免排队，周一和周四点心还打8折。乳鸽认准12到13天的妙龄鸽，石岐佬建议工作日11点前或17点前到，周末排队至少半小时。省钱吃法：早茶30到50一个人，乳鸽专门店60到80，海鲜大餐100到150。东升镇的脆肉鲩最正宗，沙溪镇的隆都菜最地道，石岐区的乳鸽最集中。三乡濑粉源于清嘉庆年间有200多年历史，上汤是灵魂要放烧鹅和叉烧。小榄菊花会每年11月下旬到12月举行，以菊入馔是中山独有文化。黄圃镇的腊味可以真空包装带回家，煲仔饭放几片腊肠满分。

  [4] 爱群食店 — 30年老牌早茶馆，中山人的集体记忆
      综合得分: 1.1016  (向量:0.4416 + 关键词:0.2100 + 标签:0.4500)
      标签: ['南区', '异国风味', '攻略', '早茶', '海鲜', '自然风光']
      来源: food/food\zhongshan_restaurants.md
      内容: 南区街道银潭二路的爱群食店，开了30年了，每天早上6点开门，里面坐满了阿公阿婆，是那种半自助的——自己拿点心，服务员在点心卡上盖章记账。最绝的是周一和周四点心打8折，茶位只要1块钱起步。他们家的镇店之宝是咖喱金钱肚，25块一份，肚肉特别厚实，吸满了金黄色的咖喱汁，软糯又不失嚼劲，完全不腥不腻。黑胡椒牛仔骨是点单榜第一名，38块一份，大块的牛肉裹着浓稠的黑椒汁，骨头小肉量大，嫩得一咬就脱骨。上汤虾饺19块钱一笼，里面包了三四只虾仁，皮薄得像蝉翼，咬开汤汁迸发，虾肉饱满弹牙，这个性价比真的绝了。还有鸭脚扎22块（腐皮包着鸭脚、猪肚、猪板筋，吸满秘制卤水层次超丰富）、鲍汁凤爪20块（软糯到骨肉分离）

  [5] 沙溪镇的隆都菜 — 中山最有地方特色的菜系
      综合得分: 0.9901  (向量:0.4501 + 关键词:0.2400 + 标签:0.3000)
      标签: ['东升镇', '乳鸽', '历史文化', '小吃', '早茶', '沙溪镇', '海鲜', '网红打卡', '自然风光', '购物']
      来源: food/food\zhongshan_restaurants.md
      内容: 沙溪镇是隆都菜的发源地，这边的菜和中山西北部的水乡风味很不一样。隆都渔村在沙溪镇开了十几年，算是隆都菜的天花板了。隆都大烧猪98一份，每天现烧，皮脆肉嫩，蘸着砂糖吃那个口感真的绝了。他们家2025年拿了个全国金奖的乳鸽，65一只，皮薄爆汁，据吃过的人说秒杀深圳那些网红店。还有桂花松子笋壳鱼88一份，酸甜开胃，鱼肉外酥里嫩。
福田酒楼在沙溪镇岐江公路乐群路段59号，有两道拿过2009年名菜金奖和2024年中国文旅金马奖的菜。一个是金牌霸王鸭128一份，另一个是沙溪扣肉52一份。沙溪扣肉是"隆都三宝"之首（另外两个是白切鸡和清蒸鱼），用的是偏肥的五花腩，配上粉葛隔水炖一个小时，吃起来肥而不腻酥而不

  [6] 脆肉鲩 — 中山地理标志产品，别的地方吃不到的口感
      综合得分: 0.9523  (向量:0.4423 + 关键词:0.2100 + 标签:0.3000)
      标签: ['东升镇', '乳鸽', '住宿', '宵夜', '海鲜', '火锅', '烧烤', '石岐区', '自然风光']
      来源: food/food\zhongshan_restaurants.md
      内容: 脆肉鲩是中山的地理标志产品，这个鱼特别在哪儿呢——它是用蚕豆喂养的草鱼，肉质变得特别爽脆，而且耐煮不烂，吃起来和普通鱼肉完全不是一个东西。东升镇是脆肉鲩的核心产区。庆丰鱼庄在东升镇，最经典的是脆肉鲩一鱼六味，158一条，六种吃法：鱼片涮火锅、鱼丸煮汤、鱼腩豉汁蒸、鱼骨炸酥、鱼头鱼尾焖煮，一条鱼从头吃到尾。中山国际酒店（石岐区）也有脆肉鲩宴，198一个人，五星酒店的做法更加精致创新。另外金山记靓鸡专门店（东区）有荔枝柴烧鹅88半只，荔枝柴明火烤的，皮色深红油亮，肉质带着果木的清香。小鳌溪山顶美食在东区，主打粤菜融合湘菜和衡阳烧烤，在山顶上吃脆肉鲩和乳鸽别有风味，下午5点半营业到凌晨2点，还有篝火

================================================================================
[2026-05-29 19:19:40] 查询: 中山 海鲜餐厅 人均100元 推荐
耗时: 1330.5 ms | 命中数: 6 | 阈值: 0.3
--------------------------------------------------------------------------------

  [1] 带朋友吃遍中山（有好吃的要分享）
      综合得分: 1.1151  (向量:0.6051 + 关键词:0.2100 + 标签:0.3000)
      标签: ['三乡镇', '东升镇', '乳鸽', '小吃', '小榄镇', '攻略', '早茶', '海鲜', '石岐区', '自然风光']
      来源: food/food\scene_guide.md
      内容: - 优先级：体验感 > 特色 > 价格
- 推荐类型：中山地标美食全覆盖
- 人均预算：100-200元（一天）
- 必吃路线：早茶爱群食店→石岐佬乳鸽→崖口煲仔饭→三乡濑粉→小榄炸鱼球→东升脆肉鲩
- 搜索关键词：乳鸽、早茶、濑粉、脆肉鲩、炸鱼球、海鲜

  [2] 沙溪镇的隆都菜 — 中山最有地方特色的菜系
      综合得分: 0.9943  (向量:0.4543 + 关键词:0.2400 + 标签:0.3000)
      标签: ['东升镇', '乳鸽', '历史文化', '小吃', '早茶', '沙溪镇', '海鲜', '网红打卡', '自然风光', '购物']
      来源: food/food\zhongshan_restaurants.md
      内容: 沙溪镇是隆都菜的发源地，这边的菜和中山西北部的水乡风味很不一样。隆都渔村在沙溪镇开了十几年，算是隆都菜的天花板了。隆都大烧猪98一份，每天现烧，皮脆肉嫩，蘸着砂糖吃那个口感真的绝了。他们家2025年拿了个全国金奖的乳鸽，65一只，皮薄爆汁，据吃过的人说秒杀深圳那些网红店。还有桂花松子笋壳鱼88一份，酸甜开胃，鱼肉外酥里嫩。
福田酒楼在沙溪镇岐江公路乐群路段59号，有两道拿过2009年名菜金奖和2024年中国文旅金马奖的菜。一个是金牌霸王鸭128一份，另一个是沙溪扣肉52一份。沙溪扣肉是"隆都三宝"之首（另外两个是白切鸡和清蒸鱼），用的是偏肥的五花腩，配上粉葛隔水炖一个小时，吃起来肥而不腻酥而不

  [3] 爱群食店 — 30年老牌早茶馆，中山人的集体记忆
      综合得分: 0.9599  (向量:0.4799 + 关键词:0.1800 + 标签:0.3000)
      标签: ['南区', '异国风味', '攻略', '早茶', '海鲜', '自然风光']
      来源: food/food\zhongshan_restaurants.md
      内容: 南区街道银潭二路的爱群食店，开了30年了，每天早上6点开门，里面坐满了阿公阿婆，是那种半自助的——自己拿点心，服务员在点心卡上盖章记账。最绝的是周一和周四点心打8折，茶位只要1块钱起步。他们家的镇店之宝是咖喱金钱肚，25块一份，肚肉特别厚实，吸满了金黄色的咖喱汁，软糯又不失嚼劲，完全不腥不腻。黑胡椒牛仔骨是点单榜第一名，38块一份，大块的牛肉裹着浓稠的黑椒汁，骨头小肉量大，嫩得一咬就脱骨。上汤虾饺19块钱一笼，里面包了三四只虾仁，皮薄得像蝉翼，咬开汤汁迸发，虾肉饱满弹牙，这个性价比真的绝了。还有鸭脚扎22块（腐皮包着鸭脚、猪肚、猪板筋，吸满秘制卤水层次超丰富）、鲍汁凤爪20块（软糯到骨肉分离）

  [4] 脆肉鲩 — 中山地理标志产品，别的地方吃不到的口感
      综合得分: 0.9326  (向量:0.4226 + 关键词:0.2100 + 标签:0.3000)
      标签: ['东升镇', '乳鸽', '住宿', '宵夜', '海鲜', '火锅', '烧烤', '石岐区', '自然风光']
      来源: food/food\zhongshan_restaurants.md
      内容: 脆肉鲩是中山的地理标志产品，这个鱼特别在哪儿呢——它是用蚕豆喂养的草鱼，肉质变得特别爽脆，而且耐煮不烂，吃起来和普通鱼肉完全不是一个东西。东升镇是脆肉鲩的核心产区。庆丰鱼庄在东升镇，最经典的是脆肉鲩一鱼六味，158一条，六种吃法：鱼片涮火锅、鱼丸煮汤、鱼腩豉汁蒸、鱼骨炸酥、鱼头鱼尾焖煮，一条鱼从头吃到尾。中山国际酒店（石岐区）也有脆肉鲩宴，198一个人，五星酒店的做法更加精致创新。另外金山记靓鸡专门店（东区）有荔枝柴烧鹅88半只，荔枝柴明火烤的，皮色深红油亮，肉质带着果木的清香。小鳌溪山顶美食在东区，主打粤菜融合湘菜和衡阳烧烤，在山顶上吃脆肉鲩和乳鸽别有风味，下午5点半营业到凌晨2点，还有篝火

  [5] 中山特产手信 — 带得走的中山味道
      综合得分: 0.8360  (向量:0.4160 + 关键词:0.2700 + 标签:0.1500)
      标签: ['乳鸽', '历史文化', '小吃', '沙溪镇', '石岐区', '自然风光', '购物', '黄圃镇']
      来源: food/food\zhongshan_restaurants.md
      内容: 咀香园1918年创立，是百年老字号，主打的杏仁饼最有意思——名字叫杏仁饼但其实没有杏仁，是用绿豆粉和冰肉古法制作，入口酥化还有杏仁香，25一盒。沙溪镇有门店。惠赞饼家创于1911年，也是百年历史，主打传统杏仁饼和蛋卷，20到35块，分袋装和盒装。南冲饼家和兴华饼家都在石岐老区，烧饼鸡仔饼光酥饼老婆饼这些，十几二十块一包，坚持古法手工制作。食出石岐鸽可以买到真空包装的，45到88不等，还有鸽羹和椰皇鸽子汤，带回家也能吃到地道风味。黄圃镇是广东腊味之乡，腊肠腊肉真空装35到65，煲仔饭放几片绝了。石岐米酒也是非遗手信，广东四大豉香型米酒之一，酿造技艺起源于明代，30度左右，25到50一瓶。另外孙文

  [6] 月底省钱（人均<30元，吃饱吃好）
      综合得分: 0.8327  (向量:0.4727 + 关键词:0.0600 + 标签:0.3000)
      标签: ['三乡镇', '乳鸽', '小吃', '攻略', '早茶', '海鲜', '石岐区', '自然风光']
      来源: food/food\scene_guide.md
      内容: - 优先级：价格 > 分量 > 口味
- 推荐类型：快餐、小吃、食堂、肠粉、濑粉、煲仔饭
- 人均预算：15-30元
- 搜索关键词：小吃、快餐、濑粉、肠粉、煲仔饭、街坊店
- 中山省钱清单：
  - 煲煲掂红烧乳鸽35元（乳鸽里最便宜的！）
  - 三乡濑粉18元一碗
  - 崖口云吞15元一碗
  - 满足面混酱肠粉12元+炸云吞15元，人均20吃撑
  - 爱群食店周一/四早茶8折，茶位1元起，虾饺19元
  - 白水井大街老字号小吃全部20以内
- 避坑：别去石岐佬（乳鸽80元一只，月底太贵）、海鲜大餐（人均100+）

================================================================================
[2026-05-29 19:55:37] 查询: 中山市 天气 实时 降水概率
耗时: 671.3 ms | 命中数: 3 | 阈值: 0.3
--------------------------------------------------------------------------------

  [1] 中山市区交通和广珠城轨
      综合得分: 0.6412  (向量:0.3112 + 关键词:0.1800 + 标签:0.1500)
      标签: ['交通出行', '南朗街道', '古镇镇', '小榄镇', '火炬开发区', '石岐区', '自然风光', '西区']
      来源: general/general\zhongshan_travel.md
      内容: 中山市区景点集中在石岐老城区，范围不大，走路加共享单车加公交组合最划算。公交起步2块支持微信支付宝乘车码，BRT快速公交覆盖主要干道。网约车起步约8到10块市区内打车一般20到40。骑共享单车逛老城区很舒服，孙文西路岐江公园一带全程步行就行。
广珠城轨有五个站要看清楚——中山站（火炬开发区和东区交界停靠车次多）、中山北站（石岐区离老城区最近）、小榄站（西北部去古镇灯都）、南朗站（去孙中山故里和崖口村最近）、古镇站（灯都）。广州南站到中山站约30分钟票价40块，珠海站到中山站约25到30分钟票价35块。自驾的话广州过来走广珠西线高速约90分钟，珠海澳门过来经广澳高速约40分钟。

  [2] 中山市博物馆 — 2022年新馆，设计感超强
      综合得分: 0.5942  (向量:0.2942 + 关键词:0.1500 + 标签:0.1500)
      标签: ['历史文化', '攻略', '石岐区', '网红打卡', '自然风光']
      来源: general/general\zhongshan_travel.md
      内容: 在石岐区孙文中路197号，2022年新馆开放后成了中山新的文化地标。里面有三个常设展览：中山历史陈列、中山华侨历史、中山非物质文化遗产。最受欢迎的是一比一还原的民国街道场景，拍照非常出片。免费但要提前在"文旅中山"公众号预约，开放时间9点到下午5点，周一闭馆。

  [3] 深中通道 — 2024年通车，彻底改变了中山的区位格局
      综合得分: 0.5476  (向量:0.3376 + 关键词:0.0600 + 标签:0.1500)
      标签: ['交通出行', '住宿', '南朗街道', '宵夜', '网红打卡', '翠亨新区', '自然风光', '购物']
      来源: general/general\zhongshan_travel.md
      内容: 这绝对是中山近年来最大的交通事件。深中通道2024年6月30日正式通车，全长24公里，是把桥、岛、隧、水下互通集合在一起的世界级超级工程。现在从深圳宝安机场到中山马鞍岛只要30分钟左右，从深圳南山到中山市区大概50分钟。双向8车道，限速100公里每小时。目前暂时免收通行费。
跨市公交也同步开通了。深中001路从深圳前海梦工场北区到中山博览中心，约50分钟票价18元；深中002路从深圳前海到中山国际酒店票价15元。运营时间大概是早上6点半到晚上9点，早晚高峰15分钟一班。微信小程序搜"深中跨市公交"可以查实时班次和买票。自驾的话导航设马鞍岛或者南朗出口，深中通道走到头走翠亨快线15分钟就到南朗了

================================================================================
[2026-05-29 21:09:30] 查询: 中山东区紫马岭 烧烤 人均50元 高性价比 无隐形消费
耗时: 636.6 ms | 命中数: 6 | 阈值: 0.3
--------------------------------------------------------------------------------

  [1] 阿炮美食城和谷源私厨 — 东区的实力派
      综合得分: 0.9574  (向量:0.4574 + 关键词:0.2000 + 标签:0.3000)
      标签: ['宵夜', '早茶', '烧烤', '自然风光']
      来源: food/food\zhongshan_restaurants.md
      内容: 阿炮美食城在东区，开了三十年了，是中山美食星榜的冠军，早茶直落宵夜。正宗的化州香油鸡68半只、招牌台山黄鳝饭48、阿炮咸猪骨粥22都是招牌。还有中式炭烧牛排88，中西合璧炭火烤肉。谷源私厨也在东区，CBD旁边的品质餐厅，湛江安铺白切鸡68半只、湛江泥虫粥38，食材新鲜但需要提前预订，有雅致包厢。

  [2] 聚餐/约会（2小时+，享受为主）
      综合得分: 0.9049  (向量:0.4049 + 关键词:0.2000 + 标签:0.3000)
      标签: ['乳鸽', '夜市', '宵夜', '异国风味', '情侣', '攻略', '火锅', '烧烤', '石岐区', '网红打卡', '自然风光', '购物']
      来源: food/food\scene_guide.md
      内容: - 优先级：环境氛围 > 口味 > 价格
- 推荐类型：火锅、日料、西餐、私房菜、酒楼
- 人均预算：80-150元
- 搜索关键词：火锅、日料、西餐、私房菜、约会
- 中山特色选择：蜀大侠火锅(80元)、金阁佬黑松露乳鸽(88元)、安塔利亚土耳其烤肉(128元)、谷源私厨包厢
- 加分项：岐江夜景+兴中广场滨江酒吧街、幻彩摩天轮求婚圣地、森泊营地约会拍照

  [3] 带朋友吃遍中山（有好吃的要分享）
      综合得分: 0.6291  (向量:0.4791 + 关键词:0.0000 + 标签:0.1500)
      标签: ['三乡镇', '东升镇', '乳鸽', '小吃', '小榄镇', '攻略', '早茶', '海鲜', '石岐区', '自然风光']
      来源: food/food\scene_guide.md
      内容: - 优先级：体验感 > 特色 > 价格
- 推荐类型：中山地标美食全覆盖
- 人均预算：100-200元（一天）
- 必吃路线：早茶爱群食店→石岐佬乳鸽→崖口煲仔饭→三乡濑粉→小榄炸鱼球→东升脆肉鲩
- 搜索关键词：乳鸽、早茶、濑粉、脆肉鲩、炸鱼球、海鲜

  [4] 避坑和实用贴士
      综合得分: 0.5995  (向量:0.4495 + 关键词:0.0000 + 标签:0.1500)
      标签: ['三乡镇', '东升镇', '乳鸽', '历史文化', '小吃', '小榄镇', '攻略', '早茶', '沙溪镇', '海鲜', '石岐区', '自然风光', '购物', '黄圃镇']
      来源: food/food\zhongshan_restaurants.md
      内容: 中山的早茶人均30到50块，基本是广州的三分之一价格，爱群食店6点开门建议8点前到免排队，周一和周四点心还打8折。乳鸽认准12到13天的妙龄鸽，石岐佬建议工作日11点前或17点前到，周末排队至少半小时。省钱吃法：早茶30到50一个人，乳鸽专门店60到80，海鲜大餐100到150。东升镇的脆肉鲩最正宗，沙溪镇的隆都菜最地道，石岐区的乳鸽最集中。三乡濑粉源于清嘉庆年间有200多年历史，上汤是灵魂要放烧鹅和叉烧。小榄菊花会每年11月下旬到12月举行，以菊入馔是中山独有文化。黄圃镇的腊味可以真空包装带回家，煲仔饭放几片腊肠满分。

  [5] 爱群食店 — 30年老牌早茶馆，中山人的集体记忆
      综合得分: 0.5889  (向量:0.4389 + 关键词:0.0000 + 标签:0.1500)
      标签: ['南区', '异国风味', '攻略', '早茶', '海鲜', '自然风光']
      来源: food/food\zhongshan_restaurants.md
      内容: 南区街道银潭二路的爱群食店，开了30年了，每天早上6点开门，里面坐满了阿公阿婆，是那种半自助的——自己拿点心，服务员在点心卡上盖章记账。最绝的是周一和周四点心打8折，茶位只要1块钱起步。他们家的镇店之宝是咖喱金钱肚，25块一份，肚肉特别厚实，吸满了金黄色的咖喱汁，软糯又不失嚼劲，完全不腥不腻。黑胡椒牛仔骨是点单榜第一名，38块一份，大块的牛肉裹着浓稠的黑椒汁，骨头小肉量大，嫩得一咬就脱骨。上汤虾饺19块钱一笼，里面包了三四只虾仁，皮薄得像蝉翼，咬开汤汁迸发，虾肉饱满弹牙，这个性价比真的绝了。还有鸭脚扎22块（腐皮包着鸭脚、猪肚、猪板筋，吸满秘制卤水层次超丰富）、鲍汁凤爪20块（软糯到骨肉分离）

  [6] 中山特产采购实战指南
      综合得分: 0.5703  (向量:0.4203 + 关键词:0.0000 + 标签:0.1500)
      标签: ['历史文化', '小吃', '沙溪镇', '石岐区', '神湾镇', '自然风光', '购物', '黄圃镇']
      来源: general/general\zhongshan_travel.md
      内容: 杏仁饼的话，咀香园（1918年沙溪镇有门店）和惠赞饼家（1911年石岐区）最正宗，20到35一盒。南冲饼家和兴华饼家在石岐老区做烧饼鸡仔饼光酥饼，手工制作十到二十块一包。黄圃腊味真空装35到65，煲仔饭绝配。石岐米酒也是非遗手信25到50一瓶30度左右。孙文西路的中山名品荟集中了170多家名优企业近800个产品，威力奥马华帝格兰仕美的TCL洁柔完美这些品牌一站选购，一楼伴手礼二楼家电家居。白水井大街的杂货铺买特产比景区便宜。神湾菠萝是中山限定水果，个小超甜无渣不用泡盐水直接吃，10到11月旺季，路上水果摊基本都卖。

================================================================================
[2026-05-29 21:10:55] 查询: 本地经验推荐 差评 刷评 避坑 贵 排队
耗时: 622.3 ms | 命中数: 2 | 阈值: 0.3
--------------------------------------------------------------------------------

  [1] 避坑和实用贴士
      综合得分: 0.5287  (向量:0.1687 + 关键词:0.2100 + 标签:0.1500)
      标签: ['三乡镇', '东升镇', '乳鸽', '历史文化', '小吃', '小榄镇', '攻略', '早茶', '沙溪镇', '海鲜', '石岐区', '自然风光', '购物', '黄圃镇']
      来源: food/food\zhongshan_restaurants.md
      内容: 中山的早茶人均30到50块，基本是广州的三分之一价格，爱群食店6点开门建议8点前到免排队，周一和周四点心还打8折。乳鸽认准12到13天的妙龄鸽，石岐佬建议工作日11点前或17点前到，周末排队至少半小时。省钱吃法：早茶30到50一个人，乳鸽专门店60到80，海鲜大餐100到150。东升镇的脆肉鲩最正宗，沙溪镇的隆都菜最地道，石岐区的乳鸽最集中。三乡濑粉源于清嘉庆年间有200多年历史，上汤是灵魂要放烧鹅和叉烧。小榄菊花会每年11月下旬到12月举行，以菊入馔是中山独有文化。黄圃镇的腊味可以真空包装带回家，煲仔饭放几片腊肠满分。

  [2] 旅游避坑和实用建议
      综合得分: 0.4832  (向量:0.1832 + 关键词:0.1500 + 标签:0.1500)
      标签: ['东升镇', '乳鸽', '五桂山街道', '交通出行', '住宿', '南朗街道', '历史文化', '小榄镇', '攻略', '海鲜', '温泉', '神湾镇', '翠亨新区', '自然风光']
      来源: general/general\zhongshan_travel.md
      内容: 最佳旅行时间是每年10到12月的秋季和3到5月的春季，气温最舒适。夏天6到9月高温多雨还有台风，出行注意天气预报。冬天1到2月湿冷但游客少。3到4月是回南天特别潮湿衣服多带两件。
什么季节吃什么也有讲究：10到12月乳鸽最肥美，11月小榄菊花会品菊花宴，3到5月脆肉鲩最鲜，5到8月吃荔枝菌，10到11月吃神湾菠萝。
有几个景点必须提前预约别跑空——孙中山故居纪念馆要在公众号预约，中山市博物馆要在文旅中山公众号预约，翠亨国家湿地公园也要预约。三个都是周一闭馆。节假日人流量大建议提前2到3天约好。
防坑方面：景区周边的三轮车摩的不要坐价格虚高不安全，叫网约车最靠谱。部分餐厅会推荐高价海鲜点菜前一定

================================================================================
[2026-05-29 21:10:55] 查询: 阿炮美食城 差评 刷评 避坑 贵 排队
耗时: 537.1 ms | 命中数: 2 | 阈值: 0.3
--------------------------------------------------------------------------------

  [1] 阿炮美食城和谷源私厨 — 东区的实力派
      综合得分: 0.6426  (向量:0.4626 + 关键词:0.1800 + 标签:0.0000)
      标签: ['宵夜', '早茶', '烧烤', '自然风光']
      来源: food/food\zhongshan_restaurants.md
      内容: 阿炮美食城在东区，开了三十年了，是中山美食星榜的冠军，早茶直落宵夜。正宗的化州香油鸡68半只、招牌台山黄鳝饭48、阿炮咸猪骨粥22都是招牌。还有中式炭烧牛排88，中西合璧炭火烤肉。谷源私厨也在东区，CBD旁边的品质餐厅，湛江安铺白切鸡68半只、湛江泥虫粥38，食材新鲜但需要提前预订，有雅致包厢。

  [2] 避坑和实用贴士
      综合得分: 0.5873  (向量:0.2273 + 关键词:0.2100 + 标签:0.1500)
      标签: ['三乡镇', '东升镇', '乳鸽', '历史文化', '小吃', '小榄镇', '攻略', '早茶', '沙溪镇', '海鲜', '石岐区', '自然风光', '购物', '黄圃镇']
      来源: food/food\zhongshan_restaurants.md
      内容: 中山的早茶人均30到50块，基本是广州的三分之一价格，爱群食店6点开门建议8点前到免排队，周一和周四点心还打8折。乳鸽认准12到13天的妙龄鸽，石岐佬建议工作日11点前或17点前到，周末排队至少半小时。省钱吃法：早茶30到50一个人，乳鸽专门店60到80，海鲜大餐100到150。东升镇的脆肉鲩最正宗，沙溪镇的隆都菜最地道，石岐区的乳鸽最集中。三乡濑粉源于清嘉庆年间有200多年历史，上汤是灵魂要放烧鹅和叉烧。小榄菊花会每年11月下旬到12月举行，以菊入馔是中山独有文化。黄圃镇的腊味可以真空包装带回家，煲仔饭放几片腊肠满分。

================================================================================
[2026-05-29 21:10:56] 查询: 中式炭烧烧烤系列 差评 刷评 避坑 贵 排队
耗时: 521.4 ms | 命中数: 2 | 阈值: 0.3
--------------------------------------------------------------------------------

  [1] 聚餐/约会（2小时+，享受为主）
      综合得分: 0.4560  (向量:0.1560 + 关键词:0.0000 + 标签:0.3000)
      标签: ['乳鸽', '夜市', '宵夜', '异国风味', '情侣', '攻略', '火锅', '烧烤', '石岐区', '网红打卡', '自然风光', '购物']
      来源: food/food\scene_guide.md
      内容: - 优先级：环境氛围 > 口味 > 价格
- 推荐类型：火锅、日料、西餐、私房菜、酒楼
- 人均预算：80-150元
- 搜索关键词：火锅、日料、西餐、私房菜、约会
- 中山特色选择：蜀大侠火锅(80元)、金阁佬黑松露乳鸽(88元)、安塔利亚土耳其烤肉(128元)、谷源私厨包厢
- 加分项：岐江夜景+兴中广场滨江酒吧街、幻彩摩天轮求婚圣地、森泊营地约会拍照

  [2] 阿炮美食城和谷源私厨 — 东区的实力派
      综合得分: 0.3850  (向量:0.2350 + 关键词:0.0000 + 标签:0.1500)
      标签: ['宵夜', '早茶', '烧烤', '自然风光']
      来源: food/food\zhongshan_restaurants.md
      内容: 阿炮美食城在东区，开了三十年了，是中山美食星榜的冠军，早茶直落宵夜。正宗的化州香油鸡68半只、招牌台山黄鳝饭48、阿炮咸猪骨粥22都是招牌。还有中式炭烧牛排88，中西合璧炭火烤肉。谷源私厨也在东区，CBD旁边的品质餐厅，湛江安铺白切鸡68半只、湛江泥虫粥38，食材新鲜但需要提前预订，有雅致包厢。

================================================================================
[2026-05-29 21:14:26] 查询: 中山 天气 今天
耗时: 706.8 ms | 命中数: 6 | 阈值: 0.3
--------------------------------------------------------------------------------

  [1] 深中通道 — 2024年通车，彻底改变了中山的区位格局
      综合得分: 0.8182  (向量:0.3982 + 关键词:0.2700 + 标签:0.1500)
      标签: ['交通出行', '住宿', '南朗街道', '宵夜', '网红打卡', '翠亨新区', '自然风光', '购物']
      来源: general/general\zhongshan_travel.md
      内容: 这绝对是中山近年来最大的交通事件。深中通道2024年6月30日正式通车，全长24公里，是把桥、岛、隧、水下互通集合在一起的世界级超级工程。现在从深圳宝安机场到中山马鞍岛只要30分钟左右，从深圳南山到中山市区大概50分钟。双向8车道，限速100公里每小时。目前暂时免收通行费。
跨市公交也同步开通了。深中001路从深圳前海梦工场北区到中山博览中心，约50分钟票价18元；深中002路从深圳前海到中山国际酒店票价15元。运营时间大概是早上6点半到晚上9点，早晚高峰15分钟一班。微信小程序搜"深中跨市公交"可以查实时班次和买票。自驾的话导航设马鞍岛或者南朗出口，深中通道走到头走翠亨快线15分钟就到南朗了

  [2] 中山市区交通和广珠城轨
      综合得分: 0.7522  (向量:0.3322 + 关键词:0.2700 + 标签:0.1500)
      标签: ['交通出行', '南朗街道', '古镇镇', '小榄镇', '火炬开发区', '石岐区', '自然风光', '西区']
      来源: general/general\zhongshan_travel.md
      内容: 中山市区景点集中在石岐老城区，范围不大，走路加共享单车加公交组合最划算。公交起步2块支持微信支付宝乘车码，BRT快速公交覆盖主要干道。网约车起步约8到10块市区内打车一般20到40。骑共享单车逛老城区很舒服，孙文西路岐江公园一带全程步行就行。
广珠城轨有五个站要看清楚——中山站（火炬开发区和东区交界停靠车次多）、中山北站（石岐区离老城区最近）、小榄站（西北部去古镇灯都）、南朗站（去孙中山故里和崖口村最近）、古镇站（灯都）。广州南站到中山站约30分钟票价40块，珠海站到中山站约25到30分钟票价35块。自驾的话广州过来走广珠西线高速约90分钟，珠海澳门过来经广澳高速约40分钟。

  [3] 中山特产手信 — 带得走的中山味道
      综合得分: 0.7407  (向量:0.3207 + 关键词:0.2700 + 标签:0.1500)
      标签: ['乳鸽', '历史文化', '小吃', '沙溪镇', '石岐区', '自然风光', '购物', '黄圃镇']
      来源: food/food\zhongshan_restaurants.md
      内容: 咀香园1918年创立，是百年老字号，主打的杏仁饼最有意思——名字叫杏仁饼但其实没有杏仁，是用绿豆粉和冰肉古法制作，入口酥化还有杏仁香，25一盒。沙溪镇有门店。惠赞饼家创于1911年，也是百年历史，主打传统杏仁饼和蛋卷，20到35块，分袋装和盒装。南冲饼家和兴华饼家都在石岐老区，烧饼鸡仔饼光酥饼老婆饼这些，十几二十块一包，坚持古法手工制作。食出石岐鸽可以买到真空包装的，45到88不等，还有鸽羹和椰皇鸽子汤，带回家也能吃到地道风味。黄圃镇是广东腊味之乡，腊肠腊肉真空装35到65，煲仔饭放几片绝了。石岐米酒也是非遗手信，广东四大豉香型米酒之一，酿造技艺起源于明代，30度左右，25到50一瓶。另外孙文

  [4] 中山市博物馆 — 2022年新馆，设计感超强
      综合得分: 0.7371  (向量:0.3171 + 关键词:0.2700 + 标签:0.1500)
      标签: ['历史文化', '攻略', '石岐区', '网红打卡', '自然风光']
      来源: general/general\zhongshan_travel.md
      内容: 在石岐区孙文中路197号，2022年新馆开放后成了中山新的文化地标。里面有三个常设展览：中山历史陈列、中山华侨历史、中山非物质文化遗产。最受欢迎的是一比一还原的民国街道场景，拍照非常出片。免费但要提前在"文旅中山"公众号预约，开放时间9点到下午5点，周一闭馆。

  [5] 中山特产采购实战指南
      综合得分: 0.7035  (向量:0.3435 + 关键词:0.2100 + 标签:0.1500)
      标签: ['历史文化', '小吃', '沙溪镇', '石岐区', '神湾镇', '自然风光', '购物', '黄圃镇']
      来源: general/general\zhongshan_travel.md
      内容: 杏仁饼的话，咀香园（1918年沙溪镇有门店）和惠赞饼家（1911年石岐区）最正宗，20到35一盒。南冲饼家和兴华饼家在石岐老区做烧饼鸡仔饼光酥饼，手工制作十到二十块一包。黄圃腊味真空装35到65，煲仔饭绝配。石岐米酒也是非遗手信25到50一瓶30度左右。孙文西路的中山名品荟集中了170多家名优企业近800个产品，威力奥马华帝格兰仕美的TCL洁柔完美这些品牌一站选购，一楼伴手礼二楼家电家居。白水井大街的杂货铺买特产比景区便宜。神湾菠萝是中山限定水果，个小超甜无渣不用泡盐水直接吃，10到11月旺季，路上水果摊基本都卖。

  [6] 带朋友吃遍中山（有好吃的要分享）
      综合得分: 0.7030  (向量:0.3730 + 关键词:0.1800 + 标签:0.1500)
      标签: ['三乡镇', '东升镇', '乳鸽', '小吃', '小榄镇', '攻略', '早茶', '海鲜', '石岐区', '自然风光']
      来源: food/food\scene_guide.md
      内容: - 优先级：体验感 > 特色 > 价格
- 推荐类型：中山地标美食全覆盖
- 人均预算：100-200元（一天）
- 必吃路线：早茶爱群食店→石岐佬乳鸽→崖口煲仔饭→三乡濑粉→小榄炸鱼球→东升脆肉鲩
- 搜索关键词：乳鸽、早茶、濑粉、脆肉鲩、炸鱼球、海鲜

================================================================================
[2026-05-29 21:14:40] 查询: 本地经验提示 差评 刷评 避坑 贵 排队
耗时: 708.4 ms | 命中数: 2 | 阈值: 0.3
--------------------------------------------------------------------------------

  [1] 避坑和实用贴士
      综合得分: 0.5087  (向量:0.1487 + 关键词:0.2100 + 标签:0.1500)
      标签: ['三乡镇', '东升镇', '乳鸽', '历史文化', '小吃', '小榄镇', '攻略', '早茶', '沙溪镇', '海鲜', '石岐区', '自然风光', '购物', '黄圃镇']
      来源: food/food\zhongshan_restaurants.md
      内容: 中山的早茶人均30到50块，基本是广州的三分之一价格，爱群食店6点开门建议8点前到免排队，周一和周四点心还打8折。乳鸽认准12到13天的妙龄鸽，石岐佬建议工作日11点前或17点前到，周末排队至少半小时。省钱吃法：早茶30到50一个人，乳鸽专门店60到80，海鲜大餐100到150。东升镇的脆肉鲩最正宗，沙溪镇的隆都菜最地道，石岐区的乳鸽最集中。三乡濑粉源于清嘉庆年间有200多年历史，上汤是灵魂要放烧鹅和叉烧。小榄菊花会每年11月下旬到12月举行，以菊入馔是中山独有文化。黄圃镇的腊味可以真空包装带回家，煲仔饭放几片腊肠满分。

  [2] 旅游避坑和实用建议
      综合得分: 0.4653  (向量:0.1653 + 关键词:0.1500 + 标签:0.1500)
      标签: ['东升镇', '乳鸽', '五桂山街道', '交通出行', '住宿', '南朗街道', '历史文化', '小榄镇', '攻略', '海鲜', '温泉', '神湾镇', '翠亨新区', '自然风光']
      来源: general/general\zhongshan_travel.md
      内容: 最佳旅行时间是每年10到12月的秋季和3到5月的春季，气温最舒适。夏天6到9月高温多雨还有台风，出行注意天气预报。冬天1到2月湿冷但游客少。3到4月是回南天特别潮湿衣服多带两件。
什么季节吃什么也有讲究：10到12月乳鸽最肥美，11月小榄菊花会品菊花宴，3到5月脆肉鲩最鲜，5到8月吃荔枝菌，10到11月吃神湾菠萝。
有几个景点必须提前预约别跑空——孙中山故居纪念馆要在公众号预约，中山市博物馆要在文旅中山公众号预约，翠亨国家湿地公园也要预约。三个都是周一闭馆。节假日人流量大建议提前2到3天约好。
防坑方面：景区周边的三轮车摩的不要坐价格虚高不安全，叫网约车最靠谱。部分餐厅会推荐高价海鲜点菜前一定

================================================================================
[2026-05-29 21:14:41] 查询: 财务提醒 差评 刷评 避坑 贵 排队
耗时: 548.7 ms | 命中数: 2 | 阈值: 0.3
--------------------------------------------------------------------------------

  [1] 避坑和实用贴士
      综合得分: 0.4628  (向量:0.1028 + 关键词:0.2100 + 标签:0.1500)
      标签: ['三乡镇', '东升镇', '乳鸽', '历史文化', '小吃', '小榄镇', '攻略', '早茶', '沙溪镇', '海鲜', '石岐区', '自然风光', '购物', '黄圃镇']
      来源: food/food\zhongshan_restaurants.md
      内容: 中山的早茶人均30到50块，基本是广州的三分之一价格，爱群食店6点开门建议8点前到免排队，周一和周四点心还打8折。乳鸽认准12到13天的妙龄鸽，石岐佬建议工作日11点前或17点前到，周末排队至少半小时。省钱吃法：早茶30到50一个人，乳鸽专门店60到80，海鲜大餐100到150。东升镇的脆肉鲩最正宗，沙溪镇的隆都菜最地道，石岐区的乳鸽最集中。三乡濑粉源于清嘉庆年间有200多年历史，上汤是灵魂要放烧鹅和叉烧。小榄菊花会每年11月下旬到12月举行，以菊入馔是中山独有文化。黄圃镇的腊味可以真空包装带回家，煲仔饭放几片腊肠满分。

  [2] 旅游避坑和实用建议
      综合得分: 0.3885  (向量:0.0885 + 关键词:0.1500 + 标签:0.1500)
      标签: ['东升镇', '乳鸽', '五桂山街道', '交通出行', '住宿', '南朗街道', '历史文化', '小榄镇', '攻略', '海鲜', '温泉', '神湾镇', '翠亨新区', '自然风光']
      来源: general/general\zhongshan_travel.md
      内容: 最佳旅行时间是每年10到12月的秋季和3到5月的春季，气温最舒适。夏天6到9月高温多雨还有台风，出行注意天气预报。冬天1到2月湿冷但游客少。3到4月是回南天特别潮湿衣服多带两件。
什么季节吃什么也有讲究：10到12月乳鸽最肥美，11月小榄菊花会品菊花宴，3到5月脆肉鲩最鲜，5到8月吃荔枝菌，10到11月吃神湾菠萝。
有几个景点必须提前预约别跑空——孙中山故居纪念馆要在公众号预约，中山市博物馆要在文旅中山公众号预约，翠亨国家湿地公园也要预约。三个都是周一闭馆。节假日人流量大建议提前2到3天约好。
防坑方面：景区周边的三轮车摩的不要坐价格虚高不安全，叫网约车最靠谱。部分餐厅会推荐高价海鲜点菜前一定

================================================================================
[2026-05-29 21:18:25] 查询: 中山 天气 实时
耗时: 651.6 ms | 命中数: 6 | 阈值: 0.3
--------------------------------------------------------------------------------

  [1] 深中通道 — 2024年通车，彻底改变了中山的区位格局
      综合得分: 0.8571  (向量:0.4071 + 关键词:0.3000 + 标签:0.1500)
      标签: ['交通出行', '住宿', '南朗街道', '宵夜', '网红打卡', '翠亨新区', '自然风光', '购物']
      来源: general/general\zhongshan_travel.md
      内容: 这绝对是中山近年来最大的交通事件。深中通道2024年6月30日正式通车，全长24公里，是把桥、岛、隧、水下互通集合在一起的世界级超级工程。现在从深圳宝安机场到中山马鞍岛只要30分钟左右，从深圳南山到中山市区大概50分钟。双向8车道，限速100公里每小时。目前暂时免收通行费。
跨市公交也同步开通了。深中001路从深圳前海梦工场北区到中山博览中心，约50分钟票价18元；深中002路从深圳前海到中山国际酒店票价15元。运营时间大概是早上6点半到晚上9点，早晚高峰15分钟一班。微信小程序搜"深中跨市公交"可以查实时班次和买票。自驾的话导航设马鞍岛或者南朗出口，深中通道走到头走翠亨快线15分钟就到南朗了

  [2] 中山市区交通和广珠城轨
      综合得分: 0.7715  (向量:0.3515 + 关键词:0.2700 + 标签:0.1500)
      标签: ['交通出行', '南朗街道', '古镇镇', '小榄镇', '火炬开发区', '石岐区', '自然风光', '西区']
      来源: general/general\zhongshan_travel.md
      内容: 中山市区景点集中在石岐老城区，范围不大，走路加共享单车加公交组合最划算。公交起步2块支持微信支付宝乘车码，BRT快速公交覆盖主要干道。网约车起步约8到10块市区内打车一般20到40。骑共享单车逛老城区很舒服，孙文西路岐江公园一带全程步行就行。
广珠城轨有五个站要看清楚——中山站（火炬开发区和东区交界停靠车次多）、中山北站（石岐区离老城区最近）、小榄站（西北部去古镇灯都）、南朗站（去孙中山故里和崖口村最近）、古镇站（灯都）。广州南站到中山站约30分钟票价40块，珠海站到中山站约25到30分钟票价35块。自驾的话广州过来走广珠西线高速约90分钟，珠海澳门过来经广澳高速约40分钟。

  [3] 中山市博物馆 — 2022年新馆，设计感超强
      综合得分: 0.7493  (向量:0.3293 + 关键词:0.2700 + 标签:0.1500)
      标签: ['历史文化', '攻略', '石岐区', '网红打卡', '自然风光']
      来源: general/general\zhongshan_travel.md
      内容: 在石岐区孙文中路197号，2022年新馆开放后成了中山新的文化地标。里面有三个常设展览：中山历史陈列、中山华侨历史、中山非物质文化遗产。最受欢迎的是一比一还原的民国街道场景，拍照非常出片。免费但要提前在"文旅中山"公众号预约，开放时间9点到下午5点，周一闭馆。

  [4] 十大夜经济集聚区 — 入夜后的中山更精彩
      综合得分: 0.7260  (向量:0.3360 + 关键词:0.2400 + 标签:0.1500)
      标签: ['交通出行', '住宿', '南朗街道', '历史文化', '古镇镇', '坦洲镇', '夜市', '宵夜', '小榄镇', '情侣', '沙溪镇', '港口镇', '石岐区', '网红打卡', '翠亨新区', '自然风光', '西区', '购物', '黄圃镇']
      来源: food/food\zhongshan_restaurants.md
      内容: 中山规划了十大夜经济集聚区。最核心的是石岐的香山古城夜经济街区，以孙文西路步行街、兴中广场、岐江道为轴线，可以夜游夜食夜购夜娱，2025年国庆假期光是这个街区客流就超过130万人次。岐江西岸的夜经济集聚区有岐江夜市、天悦城购物商圈、ART随园剧场，喜来登酒店也在那边。兴中广场的滨江美食酒吧街每晚8点变身，亲水台阶上喝鸡尾酒看音乐喷泉和幻彩摩天轮，露天歌手唱情歌加上水雾激光秀，氛围超浪漫，人均消费50到150。
大涌镇的红博不夜城有300米的消费街区，80多间特色商户，美食非遗文创国风旅拍一应俱全，四楼还有岭南戏剧城，坐57路或者K6路公交能到。港口镇的港福路是宵夜一条街，覆盖青玉立坊和中山湿地

  [5] 中山特产手信 — 带得走的中山味道
      综合得分: 0.7260  (向量:0.3060 + 关键词:0.2700 + 标签:0.1500)
      标签: ['乳鸽', '历史文化', '小吃', '沙溪镇', '石岐区', '自然风光', '购物', '黄圃镇']
      来源: food/food\zhongshan_restaurants.md
      内容: 咀香园1918年创立，是百年老字号，主打的杏仁饼最有意思——名字叫杏仁饼但其实没有杏仁，是用绿豆粉和冰肉古法制作，入口酥化还有杏仁香，25一盒。沙溪镇有门店。惠赞饼家创于1911年，也是百年历史，主打传统杏仁饼和蛋卷，20到35块，分袋装和盒装。南冲饼家和兴华饼家都在石岐老区，烧饼鸡仔饼光酥饼老婆饼这些，十几二十块一包，坚持古法手工制作。食出石岐鸽可以买到真空包装的，45到88不等，还有鸽羹和椰皇鸽子汤，带回家也能吃到地道风味。黄圃镇是广东腊味之乡，腊肠腊肉真空装35到65，煲仔饭放几片绝了。石岐米酒也是非遗手信，广东四大豉香型米酒之一，酿造技艺起源于明代，30度左右，25到50一瓶。另外孙文

  [6] 孙中山故里旅游区 — 5A景区，中山最核心的文化地标
      综合得分: 0.7245  (向量:0.3045 + 关键词:0.2700 + 标签:0.1500)
      标签: ['交通出行', '南朗街道', '历史文化', '攻略', '网红打卡', '自然风光']
      来源: general/general\zhongshan_travel.md
      内容: 这个景区在南朗街道翠亨村，翠亨大道93号，是中山唯一的5A级景区。整个旅游区包括孙中山故居纪念馆、中山影视城、辛亥革命纪念公园和犁头尖山几个部分。故居纪念馆是免费的，但要在孙中山故居纪念馆公众号上提前预约。影视城单独收费65块。开放时间是早上9点到下午5点半，周一闭馆（节假日正常开放），千万别周一跑来吃闭门羹。
孙中山故居本身是1892年孙中山亲自设计建造的二层砖木结构楼房，红墙绿瓦中西合璧的风格，里面展示了孙中山出生和成长的环境。门口那棵酸子树是孙中山1883年从檀香山带回来的树种，活到现在也是个奇迹。交通方面，坐广珠城轨到南朗站下车转公交就能到，自驾的话停车也方便。
中山影视城就在故居旁边

================================================================================
[2026-05-29 21:37:50] 查询: 当前实况（21:30更新） 差评 刷评 避坑 贵 排队
耗时: 724.8 ms | 命中数: 2 | 阈值: 0.3
--------------------------------------------------------------------------------

  [1] 避坑和实用贴士
      综合得分: 0.4428  (向量:0.0828 + 关键词:0.2100 + 标签:0.1500)
      标签: ['三乡镇', '东升镇', '乳鸽', '历史文化', '小吃', '小榄镇', '攻略', '早茶', '沙溪镇', '海鲜', '石岐区', '自然风光', '购物', '黄圃镇']
      来源: food/food\zhongshan_restaurants.md
      内容: 中山的早茶人均30到50块，基本是广州的三分之一价格，爱群食店6点开门建议8点前到免排队，周一和周四点心还打8折。乳鸽认准12到13天的妙龄鸽，石岐佬建议工作日11点前或17点前到，周末排队至少半小时。省钱吃法：早茶30到50一个人，乳鸽专门店60到80，海鲜大餐100到150。东升镇的脆肉鲩最正宗，沙溪镇的隆都菜最地道，石岐区的乳鸽最集中。三乡濑粉源于清嘉庆年间有200多年历史，上汤是灵魂要放烧鹅和叉烧。小榄菊花会每年11月下旬到12月举行，以菊入馔是中山独有文化。黄圃镇的腊味可以真空包装带回家，煲仔饭放几片腊肠满分。

  [2] 月底省钱（人均<30元，吃饱吃好）
      综合得分: 0.2815  (向量:0.0715 + 关键词:0.0600 + 标签:0.1500)
      标签: ['三乡镇', '乳鸽', '小吃', '攻略', '早茶', '海鲜', '石岐区', '自然风光']
      来源: food/food\scene_guide.md
      内容: - 优先级：价格 > 分量 > 口味
- 推荐类型：快餐、小吃、食堂、肠粉、濑粉、煲仔饭
- 人均预算：15-30元
- 搜索关键词：小吃、快餐、濑粉、肠粉、煲仔饭、街坊店
- 中山省钱清单：
  - 煲煲掂红烧乳鸽35元（乳鸽里最便宜的！）
  - 三乡濑粉18元一碗
  - 崖口云吞15元一碗
  - 满足面混酱肠粉12元+炸云吞15元，人均20吃撑
  - 爱群食店周一/四早茶8折，茶位1元起，虾饺19元
  - 白水井大街老字号小吃全部20以内
- 避坑：别去石岐佬（乳鸽80元一只，月底太贵）、海鲜大餐（人均100+）

================================================================================
[2026-05-29 21:37:51] 查询: 温度 差评 刷评 避坑 贵 排队
耗时: 567.2 ms | 命中数: 2 | 阈值: 0.3
--------------------------------------------------------------------------------

  [1] 避坑和实用贴士
      综合得分: 0.5254  (向量:0.1654 + 关键词:0.2100 + 标签:0.1500)
      标签: ['三乡镇', '东升镇', '乳鸽', '历史文化', '小吃', '小榄镇', '攻略', '早茶', '沙溪镇', '海鲜', '石岐区', '自然风光', '购物', '黄圃镇']
      来源: food/food\zhongshan_restaurants.md
      内容: 中山的早茶人均30到50块，基本是广州的三分之一价格，爱群食店6点开门建议8点前到免排队，周一和周四点心还打8折。乳鸽认准12到13天的妙龄鸽，石岐佬建议工作日11点前或17点前到，周末排队至少半小时。省钱吃法：早茶30到50一个人，乳鸽专门店60到80，海鲜大餐100到150。东升镇的脆肉鲩最正宗，沙溪镇的隆都菜最地道，石岐区的乳鸽最集中。三乡濑粉源于清嘉庆年间有200多年历史，上汤是灵魂要放烧鹅和叉烧。小榄菊花会每年11月下旬到12月举行，以菊入馔是中山独有文化。黄圃镇的腊味可以真空包装带回家，煲仔饭放几片腊肠满分。

  [2] 旅游避坑和实用建议
      综合得分: 0.4511  (向量:0.1511 + 关键词:0.1500 + 标签:0.1500)
      标签: ['东升镇', '乳鸽', '五桂山街道', '交通出行', '住宿', '南朗街道', '历史文化', '小榄镇', '攻略', '海鲜', '温泉', '神湾镇', '翠亨新区', '自然风光']
      来源: general/general\zhongshan_travel.md
      内容: 最佳旅行时间是每年10到12月的秋季和3到5月的春季，气温最舒适。夏天6到9月高温多雨还有台风，出行注意天气预报。冬天1到2月湿冷但游客少。3到4月是回南天特别潮湿衣服多带两件。
什么季节吃什么也有讲究：10到12月乳鸽最肥美，11月小榄菊花会品菊花宴，3到5月脆肉鲩最鲜，5到8月吃荔枝菌，10到11月吃神湾菠萝。
有几个景点必须提前预约别跑空——孙中山故居纪念馆要在公众号预约，中山市博物馆要在文旅中山公众号预约，翠亨国家湿地公园也要预约。三个都是周一闭馆。节假日人流量大建议提前2到3天约好。
防坑方面：景区周边的三轮车摩的不要坐价格虚高不安全，叫网约车最靠谱。部分餐厅会推荐高价海鲜点菜前一定

================================================================================
[2026-05-29 21:37:51] 查询: 湿度 差评 刷评 避坑 贵 排队
耗时: 582.7 ms | 命中数: 2 | 阈值: 0.3
--------------------------------------------------------------------------------

  [1] 避坑和实用贴士
      综合得分: 0.4715  (向量:0.1115 + 关键词:0.2100 + 标签:0.1500)
      标签: ['三乡镇', '东升镇', '乳鸽', '历史文化', '小吃', '小榄镇', '攻略', '早茶', '沙溪镇', '海鲜', '石岐区', '自然风光', '购物', '黄圃镇']
      来源: food/food\zhongshan_restaurants.md
      内容: 中山的早茶人均30到50块，基本是广州的三分之一价格，爱群食店6点开门建议8点前到免排队，周一和周四点心还打8折。乳鸽认准12到13天的妙龄鸽，石岐佬建议工作日11点前或17点前到，周末排队至少半小时。省钱吃法：早茶30到50一个人，乳鸽专门店60到80，海鲜大餐100到150。东升镇的脆肉鲩最正宗，沙溪镇的隆都菜最地道，石岐区的乳鸽最集中。三乡濑粉源于清嘉庆年间有200多年历史，上汤是灵魂要放烧鹅和叉烧。小榄菊花会每年11月下旬到12月举行，以菊入馔是中山独有文化。黄圃镇的腊味可以真空包装带回家，煲仔饭放几片腊肠满分。

  [2] 旅游避坑和实用建议
      综合得分: 0.4118  (向量:0.1118 + 关键词:0.1500 + 标签:0.1500)
      标签: ['东升镇', '乳鸽', '五桂山街道', '交通出行', '住宿', '南朗街道', '历史文化', '小榄镇', '攻略', '海鲜', '温泉', '神湾镇', '翠亨新区', '自然风光']
      来源: general/general\zhongshan_travel.md
      内容: 最佳旅行时间是每年10到12月的秋季和3到5月的春季，气温最舒适。夏天6到9月高温多雨还有台风，出行注意天气预报。冬天1到2月湿冷但游客少。3到4月是回南天特别潮湿衣服多带两件。
什么季节吃什么也有讲究：10到12月乳鸽最肥美，11月小榄菊花会品菊花宴，3到5月脆肉鲩最鲜，5到8月吃荔枝菌，10到11月吃神湾菠萝。
有几个景点必须提前预约别跑空——孙中山故居纪念馆要在公众号预约，中山市博物馆要在文旅中山公众号预约，翠亨国家湿地公园也要预约。三个都是周一闭馆。节假日人流量大建议提前2到3天约好。
防坑方面：景区周边的三轮车摩的不要坐价格虚高不安全，叫网约车最靠谱。部分餐厅会推荐高价海鲜点菜前一定

================================================================================
[2026-05-29 21:40:26] 查询: 中山东区紫马岭 双皮奶 推荐 人均30元 高口碑 无隐形消费
耗时: 630.0 ms | 命中数: 6 | 阈值: 0.3
--------------------------------------------------------------------------------

  [1] 带朋友吃遍中山（有好吃的要分享）
      综合得分: 0.6327  (向量:0.4527 + 关键词:0.0300 + 标签:0.1500)
      标签: ['三乡镇', '东升镇', '乳鸽', '小吃', '小榄镇', '攻略', '早茶', '海鲜', '石岐区', '自然风光']
      来源: food/food\scene_guide.md
      内容: - 优先级：体验感 > 特色 > 价格
- 推荐类型：中山地标美食全覆盖
- 人均预算：100-200元（一天）
- 必吃路线：早茶爱群食店→石岐佬乳鸽→崖口煲仔饭→三乡濑粉→小榄炸鱼球→东升脆肉鲩
- 搜索关键词：乳鸽、早茶、濑粉、脆肉鲩、炸鱼球、海鲜

  [2] 石岐佬中山菜馆 — "天下第一鸽"不是白叫的
      综合得分: 0.5690  (向量:0.4190 + 关键词:0.0000 + 标签:0.1500)
      标签: ['乳鸽', '小吃', '攻略', '石岐区', '神湾镇', '自然风光']
      来源: food/food\zhongshan_restaurants.md
      内容: 要说到中山吃乳鸽，石岐佬是绕不过去的。张溪店在石岐区康华路，门口经常排队，周末晚市等30分钟算正常的。这家店的红烧乳鸽被食客叫做"天下第一鸽"，80块钱一只说实话不算便宜，但吃过的都说值——现点现做，皮脆得像纸一样，咬下去咔嚓响，撕开那个肉汁直接爆出来，连骨髓都浸足了卤香味。除了乳鸽，他们家的菠萝包和旺财大煎堆也很多人点，基本上每桌必点。有两个店，张溪店比石岐店人少一点，如果是工作日的话建议11点前或者下午5点前到，能少排点队。
还有个小窍门：选乳鸽要认准12到13天龄的"妙龄鸽"，这个天数的鸽子骨头还软，肉质最嫩，汁水最多。红烧是最经典的做法，不过盐焗和药膳口味也值得试试，吃的时候挤点柠檬汁

  [3] 避坑和实用贴士
      综合得分: 0.5409  (向量:0.3909 + 关键词:0.0000 + 标签:0.1500)
      标签: ['三乡镇', '东升镇', '乳鸽', '历史文化', '小吃', '小榄镇', '攻略', '早茶', '沙溪镇', '海鲜', '石岐区', '自然风光', '购物', '黄圃镇']
      来源: food/food\zhongshan_restaurants.md
      内容: 中山的早茶人均30到50块，基本是广州的三分之一价格，爱群食店6点开门建议8点前到免排队，周一和周四点心还打8折。乳鸽认准12到13天的妙龄鸽，石岐佬建议工作日11点前或17点前到，周末排队至少半小时。省钱吃法：早茶30到50一个人，乳鸽专门店60到80，海鲜大餐100到150。东升镇的脆肉鲩最正宗，沙溪镇的隆都菜最地道，石岐区的乳鸽最集中。三乡濑粉源于清嘉庆年间有200多年历史，上汤是灵魂要放烧鹅和叉烧。小榄菊花会每年11月下旬到12月举行，以菊入馔是中山独有文化。黄圃镇的腊味可以真空包装带回家，煲仔饭放几片腊肠满分。

  [4] 爱群食店 — 30年老牌早茶馆，中山人的集体记忆
      综合得分: 0.5362  (向量:0.3862 + 关键词:0.0000 + 标签:0.1500)
      标签: ['南区', '异国风味', '攻略', '早茶', '海鲜', '自然风光']
      来源: food/food\zhongshan_restaurants.md
      内容: 南区街道银潭二路的爱群食店，开了30年了，每天早上6点开门，里面坐满了阿公阿婆，是那种半自助的——自己拿点心，服务员在点心卡上盖章记账。最绝的是周一和周四点心打8折，茶位只要1块钱起步。他们家的镇店之宝是咖喱金钱肚，25块一份，肚肉特别厚实，吸满了金黄色的咖喱汁，软糯又不失嚼劲，完全不腥不腻。黑胡椒牛仔骨是点单榜第一名，38块一份，大块的牛肉裹着浓稠的黑椒汁，骨头小肉量大，嫩得一咬就脱骨。上汤虾饺19块钱一笼，里面包了三四只虾仁，皮薄得像蝉翼，咬开汤汁迸发，虾肉饱满弹牙，这个性价比真的绝了。还有鸭脚扎22块（腐皮包着鸭脚、猪肚、猪板筋，吸满秘制卤水层次超丰富）、鲍汁凤爪20块（软糯到骨肉分离）

  [5] 中山特产采购实战指南
      综合得分: 0.5247  (向量:0.3747 + 关键词:0.0000 + 标签:0.1500)
      标签: ['历史文化', '小吃', '沙溪镇', '石岐区', '神湾镇', '自然风光', '购物', '黄圃镇']
      来源: general/general\zhongshan_travel.md
      内容: 杏仁饼的话，咀香园（1918年沙溪镇有门店）和惠赞饼家（1911年石岐区）最正宗，20到35一盒。南冲饼家和兴华饼家在石岐老区做烧饼鸡仔饼光酥饼，手工制作十到二十块一包。黄圃腊味真空装35到65，煲仔饭绝配。石岐米酒也是非遗手信25到50一瓶30度左右。孙文西路的中山名品荟集中了170多家名优企业近800个产品，威力奥马华帝格兰仕美的TCL洁柔完美这些品牌一站选购，一楼伴手礼二楼家电家居。白水井大街的杂货铺买特产比景区便宜。神湾菠萝是中山限定水果，个小超甜无渣不用泡盐水直接吃，10到11月旺季，路上水果摊基本都卖。

  [6] 月底省钱（人均<30元，吃饱吃好）
      综合得分: 0.5197  (向量:0.3397 + 关键词:0.0300 + 标签:0.1500)
      标签: ['三乡镇', '乳鸽', '小吃', '攻略', '早茶', '海鲜', '石岐区', '自然风光']
      来源: food/food\scene_guide.md
      内容: - 优先级：价格 > 分量 > 口味
- 推荐类型：快餐、小吃、食堂、肠粉、濑粉、煲仔饭
- 人均预算：15-30元
- 搜索关键词：小吃、快餐、濑粉、肠粉、煲仔饭、街坊店
- 中山省钱清单：
  - 煲煲掂红烧乳鸽35元（乳鸽里最便宜的！）
  - 三乡濑粉18元一碗
  - 崖口云吞15元一碗
  - 满足面混酱肠粉12元+炸云吞15元，人均20吃撑
  - 爱群食店周一/四早茶8折，茶位1元起，虾饺19元
  - 白水井大街老字号小吃全部20以内
- 避坑：别去石岐佬（乳鸽80元一只，月底太贵）、海鲜大餐（人均100+）

================================================================================
[2026-05-29 21:41:09] 查询: 真实高口碑甜品/小吃店 差评 刷评 避坑 贵 排队
耗时: 718.3 ms | 命中数: 2 | 阈值: 0.3
--------------------------------------------------------------------------------

  [1] 快速午餐（30分钟内解决）
      综合得分: 0.6373  (向量:0.3073 + 关键词:0.0300 + 标签:0.3000)
      标签: ['三乡镇', '乳鸽', '小吃', '攻略', '自然风光']
      来源: food/food\scene_guide.md
      内容: - 优先级：上菜速度 > 性价比 > 口味
- 推荐类型：快餐、面馆、濑粉、煲仔饭、云吞
- 人均预算：15-35元
- 搜索关键词：快餐、濑粉、云吞、煲仔饭
- 特别建议：避开热门乳鸽店（等菜+排队常超30分钟），崖口云吞/满足面是理想选择
- 中山特色快速午餐：三乡濑粉(18元)、崖口云吞(15元)、满足面混酱肠粉(12元)、崖口煲仔饭(25-40元)

  [2] 月底省钱（人均<30元，吃饱吃好）
      综合得分: 0.6367  (向量:0.2767 + 关键词:0.0600 + 标签:0.3000)
      标签: ['三乡镇', '乳鸽', '小吃', '攻略', '早茶', '海鲜', '石岐区', '自然风光']
      来源: food/food\scene_guide.md
      内容: - 优先级：价格 > 分量 > 口味
- 推荐类型：快餐、小吃、食堂、肠粉、濑粉、煲仔饭
- 人均预算：15-30元
- 搜索关键词：小吃、快餐、濑粉、肠粉、煲仔饭、街坊店
- 中山省钱清单：
  - 煲煲掂红烧乳鸽35元（乳鸽里最便宜的！）
  - 三乡濑粉18元一碗
  - 崖口云吞15元一碗
  - 满足面混酱肠粉12元+炸云吞15元，人均20吃撑
  - 爱群食店周一/四早茶8折，茶位1元起，虾饺19元
  - 白水井大街老字号小吃全部20以内
- 避坑：别去石岐佬（乳鸽80元一只，月底太贵）、海鲜大餐（人均100+）

================================================================================
[2026-05-29 21:41:10] 查询: 白水井大街老字号糖水铺 差评 刷评 避坑 贵 排队
耗时: 492.4 ms | 命中数: 2 | 阈值: 0.3
--------------------------------------------------------------------------------

  [1] 避坑和实用贴士
      综合得分: 0.7393  (向量:0.2293 + 关键词:0.2100 + 标签:0.3000)
      标签: ['三乡镇', '东升镇', '乳鸽', '历史文化', '小吃', '小榄镇', '攻略', '早茶', '沙溪镇', '海鲜', '石岐区', '自然风光', '购物', '黄圃镇']
      来源: food/food\zhongshan_restaurants.md
      内容: 中山的早茶人均30到50块，基本是广州的三分之一价格，爱群食店6点开门建议8点前到免排队，周一和周四点心还打8折。乳鸽认准12到13天的妙龄鸽，石岐佬建议工作日11点前或17点前到，周末排队至少半小时。省钱吃法：早茶30到50一个人，乳鸽专门店60到80，海鲜大餐100到150。东升镇的脆肉鲩最正宗，沙溪镇的隆都菜最地道，石岐区的乳鸽最集中。三乡濑粉源于清嘉庆年间有200多年历史，上汤是灵魂要放烧鹅和叉烧。小榄菊花会每年11月下旬到12月举行，以菊入馔是中山独有文化。黄圃镇的腊味可以真空包装带回家，煲仔饭放几片腊肠满分。

  [2] 周末遛弯（半天闲逛+随便吃点）
      综合得分: 0.5674  (向量:0.2374 + 关键词:0.0300 + 标签:0.3000)
      标签: ['五桂山街道', '交通出行', '南朗街道', '历史文化', '咖啡', '小吃', '攻略', '石岐区', '自然风光', '西区', '购物']
      来源: food/food\scene_guide.md
      内容: - 优先级：顺路 > 轻松 > 不排队
- 推荐类型：街边小吃、咖啡馆、面包店
- 人均预算：30-60元
- 搜关键词：咖啡、小吃、骑楼、老街、公园
- 中山最佳遛弯路线：
  - 石岐老城线：孙文西路→香山商业文化博物馆→白水井大街吃满足面/顺柚记→岐江公园→烟墩山看日落→兴中广场（全程步行）
  - 崖口稻田线：崖口村稻田→向云端咖啡(25元)→崖口云吞(15元)→东堤海景路骑行→煲仔饭(30元)
  - 五桂山户外线：逍遥谷→旗溪村鸡煲→桂南村不荒樟咖啡(28元)

================================================================================
[2026-05-29 21:41:10] 查询: 位置 差评 刷评 避坑 贵 排队
耗时: 569.3 ms | 命中数: 2 | 阈值: 0.3
--------------------------------------------------------------------------------

  [1] 避坑和实用贴士
      综合得分: 0.5378  (向量:0.1778 + 关键词:0.2100 + 标签:0.1500)
      标签: ['三乡镇', '东升镇', '乳鸽', '历史文化', '小吃', '小榄镇', '攻略', '早茶', '沙溪镇', '海鲜', '石岐区', '自然风光', '购物', '黄圃镇']
      来源: food/food\zhongshan_restaurants.md
      内容: 中山的早茶人均30到50块，基本是广州的三分之一价格，爱群食店6点开门建议8点前到免排队，周一和周四点心还打8折。乳鸽认准12到13天的妙龄鸽，石岐佬建议工作日11点前或17点前到，周末排队至少半小时。省钱吃法：早茶30到50一个人，乳鸽专门店60到80，海鲜大餐100到150。东升镇的脆肉鲩最正宗，沙溪镇的隆都菜最地道，石岐区的乳鸽最集中。三乡濑粉源于清嘉庆年间有200多年历史，上汤是灵魂要放烧鹅和叉烧。小榄菊花会每年11月下旬到12月举行，以菊入馔是中山独有文化。黄圃镇的腊味可以真空包装带回家，煲仔饭放几片腊肠满分。

  [2] 旅游避坑和实用建议
      综合得分: 0.4461  (向量:0.1461 + 关键词:0.1500 + 标签:0.1500)
      标签: ['东升镇', '乳鸽', '五桂山街道', '交通出行', '住宿', '南朗街道', '历史文化', '小榄镇', '攻略', '海鲜', '温泉', '神湾镇', '翠亨新区', '自然风光']
      来源: general/general\zhongshan_travel.md
      内容: 最佳旅行时间是每年10到12月的秋季和3到5月的春季，气温最舒适。夏天6到9月高温多雨还有台风，出行注意天气预报。冬天1到2月湿冷但游客少。3到4月是回南天特别潮湿衣服多带两件。
什么季节吃什么也有讲究：10到12月乳鸽最肥美，11月小榄菊花会品菊花宴，3到5月脆肉鲩最鲜，5到8月吃荔枝菌，10到11月吃神湾菠萝。
有几个景点必须提前预约别跑空——孙中山故居纪念馆要在公众号预约，中山市博物馆要在文旅中山公众号预约，翠亨国家湿地公园也要预约。三个都是周一闭馆。节假日人流量大建议提前2到3天约好。
防坑方面：景区周边的三轮车摩的不要坐价格虚高不安全，叫网约车最靠谱。部分餐厅会推荐高价海鲜点菜前一定

================================================================================
[2026-05-29 21:44:16] 查询: 中山东区紫马岭 川菜馆 人均50元 高口碑 无隐形消费
耗时: 699.6 ms | 命中数: 6 | 阈值: 0.3
--------------------------------------------------------------------------------

  [1] 爱群食店 — 30年老牌早茶馆，中山人的集体记忆
      综合得分: 0.6179  (向量:0.4679 + 关键词:0.0000 + 标签:0.1500)
      标签: ['南区', '异国风味', '攻略', '早茶', '海鲜', '自然风光']
      来源: food/food\zhongshan_restaurants.md
      内容: 南区街道银潭二路的爱群食店，开了30年了，每天早上6点开门，里面坐满了阿公阿婆，是那种半自助的——自己拿点心，服务员在点心卡上盖章记账。最绝的是周一和周四点心打8折，茶位只要1块钱起步。他们家的镇店之宝是咖喱金钱肚，25块一份，肚肉特别厚实，吸满了金黄色的咖喱汁，软糯又不失嚼劲，完全不腥不腻。黑胡椒牛仔骨是点单榜第一名，38块一份，大块的牛肉裹着浓稠的黑椒汁，骨头小肉量大，嫩得一咬就脱骨。上汤虾饺19块钱一笼，里面包了三四只虾仁，皮薄得像蝉翼，咬开汤汁迸发，虾肉饱满弹牙，这个性价比真的绝了。还有鸭脚扎22块（腐皮包着鸭脚、猪肚、猪板筋，吸满秘制卤水层次超丰富）、鲍汁凤爪20块（软糯到骨肉分离）

  [2] 带朋友吃遍中山（有好吃的要分享）
      综合得分: 0.6139  (向量:0.4639 + 关键词:0.0000 + 标签:0.1500)
      标签: ['三乡镇', '东升镇', '乳鸽', '小吃', '小榄镇', '攻略', '早茶', '海鲜', '石岐区', '自然风光']
      来源: food/food\scene_guide.md
      内容: - 优先级：体验感 > 特色 > 价格
- 推荐类型：中山地标美食全覆盖
- 人均预算：100-200元（一天）
- 必吃路线：早茶爱群食店→石岐佬乳鸽→崖口煲仔饭→三乡濑粉→小榄炸鱼球→东升脆肉鲩
- 搜索关键词：乳鸽、早茶、濑粉、脆肉鲩、炸鱼球、海鲜

  [3] 沙溪镇的隆都菜 — 中山最有地方特色的菜系
      综合得分: 0.6026  (向量:0.4526 + 关键词:0.0000 + 标签:0.1500)
      标签: ['东升镇', '乳鸽', '历史文化', '小吃', '早茶', '沙溪镇', '海鲜', '网红打卡', '自然风光', '购物']
      来源: food/food\zhongshan_restaurants.md
      内容: 沙溪镇是隆都菜的发源地，这边的菜和中山西北部的水乡风味很不一样。隆都渔村在沙溪镇开了十几年，算是隆都菜的天花板了。隆都大烧猪98一份，每天现烧，皮脆肉嫩，蘸着砂糖吃那个口感真的绝了。他们家2025年拿了个全国金奖的乳鸽，65一只，皮薄爆汁，据吃过的人说秒杀深圳那些网红店。还有桂花松子笋壳鱼88一份，酸甜开胃，鱼肉外酥里嫩。
福田酒楼在沙溪镇岐江公路乐群路段59号，有两道拿过2009年名菜金奖和2024年中国文旅金马奖的菜。一个是金牌霸王鸭128一份，另一个是沙溪扣肉52一份。沙溪扣肉是"隆都三宝"之首（另外两个是白切鸡和清蒸鱼），用的是偏肥的五花腩，配上粉葛隔水炖一个小时，吃起来肥而不腻酥而不

  [4] 阿炮美食城和谷源私厨 — 东区的实力派
      综合得分: 0.5912  (向量:0.4412 + 关键词:0.0000 + 标签:0.1500)
      标签: ['宵夜', '早茶', '烧烤', '自然风光']
      来源: food/food\zhongshan_restaurants.md
      内容: 阿炮美食城在东区，开了三十年了，是中山美食星榜的冠军，早茶直落宵夜。正宗的化州香油鸡68半只、招牌台山黄鳝饭48、阿炮咸猪骨粥22都是招牌。还有中式炭烧牛排88，中西合璧炭火烤肉。谷源私厨也在东区，CBD旁边的品质餐厅，湛江安铺白切鸡68半只、湛江泥虫粥38，食材新鲜但需要提前预订，有雅致包厢。

  [5] 崖口村美食 — 南朗最有烟火气的地方
      综合得分: 0.5691  (向量:0.4191 + 关键词:0.0000 + 标签:0.1500)
      标签: ['南朗街道', '小吃', '海鲜', '石岐区', '自然风光', '购物', '黄圃镇']
      来源: food/food\zhongshan_restaurants.md
      内容: 南朗街道的崖口村是近几年突然火起来的，里面藏着两家中山必吃的店。崖口云吞开了36年，鲜虾云吞15块一碗，皮薄馅嫩，虾籽汤底鲜掉眉毛，来崖口村基本没有不吃的。崖口煲仔饭用本地的富硒大米煮，锅巴特别香，可以自选腊味、排骨、滑鸡这些配料，25到40块不等。石岐区白水井大街的满足面是老字号隐藏店，混酱肠粉12块酱汁浓郁口感滑嫩，炸云吞15块外皮酥脆蘸甜辣酱绝了，人均20就能吃撑。同一条街的顺柚记开了40年，品类丰富百吃不厌。

  [6] 避坑和实用贴士
      综合得分: 0.5634  (向量:0.4134 + 关键词:0.0000 + 标签:0.1500)
      标签: ['三乡镇', '东升镇', '乳鸽', '历史文化', '小吃', '小榄镇', '攻略', '早茶', '沙溪镇', '海鲜', '石岐区', '自然风光', '购物', '黄圃镇']
      来源: food/food\zhongshan_restaurants.md
      内容: 中山的早茶人均30到50块，基本是广州的三分之一价格，爱群食店6点开门建议8点前到免排队，周一和周四点心还打8折。乳鸽认准12到13天的妙龄鸽，石岐佬建议工作日11点前或17点前到，周末排队至少半小时。省钱吃法：早茶30到50一个人，乳鸽专门店60到80，海鲜大餐100到150。东升镇的脆肉鲩最正宗，沙溪镇的隆都菜最地道，石岐区的乳鸽最集中。三乡濑粉源于清嘉庆年间有200多年历史，上汤是灵魂要放烧鹅和叉烧。小榄菊花会每年11月下旬到12月举行，以菊入馔是中山独有文化。黄圃镇的腊味可以真空包装带回家，煲仔饭放几片腊肠满分。

================================================================================
[2026-05-29 21:45:03] 查询: 紫马岭周边以粤菜及中山本土菜系为主，严格意义上的川菜馆较少 差评 刷评 避坑 贵 排队
耗时: 662.0 ms | 命中数: 2 | 阈值: 0.3
--------------------------------------------------------------------------------

  [1] 避坑和实用贴士
      综合得分: 0.9348  (向量:0.4248 + 关键词:0.2100 + 标签:0.3000)
      标签: ['三乡镇', '东升镇', '乳鸽', '历史文化', '小吃', '小榄镇', '攻略', '早茶', '沙溪镇', '海鲜', '石岐区', '自然风光', '购物', '黄圃镇']
      来源: food/food\zhongshan_restaurants.md
      内容: 中山的早茶人均30到50块，基本是广州的三分之一价格，爱群食店6点开门建议8点前到免排队，周一和周四点心还打8折。乳鸽认准12到13天的妙龄鸽，石岐佬建议工作日11点前或17点前到，周末排队至少半小时。省钱吃法：早茶30到50一个人，乳鸽专门店60到80，海鲜大餐100到150。东升镇的脆肉鲩最正宗，沙溪镇的隆都菜最地道，石岐区的乳鸽最集中。三乡濑粉源于清嘉庆年间有200多年历史，上汤是灵魂要放烧鹅和叉烧。小榄菊花会每年11月下旬到12月举行，以菊入馔是中山独有文化。黄圃镇的腊味可以真空包装带回家，煲仔饭放几片腊肠满分。

  [2] 带朋友吃遍中山（有好吃的要分享）
      综合得分: 0.8027  (向量:0.5027 + 关键词:0.0000 + 标签:0.3000)
      标签: ['三乡镇', '东升镇', '乳鸽', '小吃', '小榄镇', '攻略', '早茶', '海鲜', '石岐区', '自然风光']
      来源: food/food\scene_guide.md
      内容: - 优先级：体验感 > 特色 > 价格
- 推荐类型：中山地标美食全覆盖
- 人均预算：100-200元（一天）
- 必吃路线：早茶爱群食店→石岐佬乳鸽→崖口煲仔饭→三乡濑粉→小榄炸鱼球→东升脆肉鲩
- 搜索关键词：乳鸽、早茶、濑粉、脆肉鲩、炸鱼球、海鲜

================================================================================
[2026-05-29 21:45:04] 查询: 阿炮美食城 差评 刷评 避坑 贵 排队
耗时: 598.0 ms | 命中数: 2 | 阈值: 0.3
--------------------------------------------------------------------------------

  [1] 阿炮美食城和谷源私厨 — 东区的实力派
      综合得分: 0.6426  (向量:0.4626 + 关键词:0.1800 + 标签:0.0000)
      标签: ['宵夜', '早茶', '烧烤', '自然风光']
      来源: food/food\zhongshan_restaurants.md
      内容: 阿炮美食城在东区，开了三十年了，是中山美食星榜的冠军，早茶直落宵夜。正宗的化州香油鸡68半只、招牌台山黄鳝饭48、阿炮咸猪骨粥22都是招牌。还有中式炭烧牛排88，中西合璧炭火烤肉。谷源私厨也在东区，CBD旁边的品质餐厅，湛江安铺白切鸡68半只、湛江泥虫粥38，食材新鲜但需要提前预订，有雅致包厢。

  [2] 避坑和实用贴士
      综合得分: 0.5873  (向量:0.2273 + 关键词:0.2100 + 标签:0.1500)
      标签: ['三乡镇', '东升镇', '乳鸽', '历史文化', '小吃', '小榄镇', '攻略', '早茶', '沙溪镇', '海鲜', '石岐区', '自然风光', '购物', '黄圃镇']
      来源: food/food\zhongshan_restaurants.md
      内容: 中山的早茶人均30到50块，基本是广州的三分之一价格，爱群食店6点开门建议8点前到免排队，周一和周四点心还打8折。乳鸽认准12到13天的妙龄鸽，石岐佬建议工作日11点前或17点前到，周末排队至少半小时。省钱吃法：早茶30到50一个人，乳鸽专门店60到80，海鲜大餐100到150。东升镇的脆肉鲩最正宗，沙溪镇的隆都菜最地道，石岐区的乳鸽最集中。三乡濑粉源于清嘉庆年间有200多年历史，上汤是灵魂要放烧鹅和叉烧。小榄菊花会每年11月下旬到12月举行，以菊入馔是中山独有文化。黄圃镇的腊味可以真空包装带回家，煲仔饭放几片腊肠满分。

================================================================================
[2026-05-29 21:45:04] 查询: 本地人认证 差评 刷评 避坑 贵 排队
耗时: 587.2 ms | 命中数: 2 | 阈值: 0.3
--------------------------------------------------------------------------------

  [1] 避坑和实用贴士
      综合得分: 0.4568  (向量:0.0968 + 关键词:0.2100 + 标签:0.1500)
      标签: ['三乡镇', '东升镇', '乳鸽', '历史文化', '小吃', '小榄镇', '攻略', '早茶', '沙溪镇', '海鲜', '石岐区', '自然风光', '购物', '黄圃镇']
      来源: food/food\zhongshan_restaurants.md
      内容: 中山的早茶人均30到50块，基本是广州的三分之一价格，爱群食店6点开门建议8点前到免排队，周一和周四点心还打8折。乳鸽认准12到13天的妙龄鸽，石岐佬建议工作日11点前或17点前到，周末排队至少半小时。省钱吃法：早茶30到50一个人，乳鸽专门店60到80，海鲜大餐100到150。东升镇的脆肉鲩最正宗，沙溪镇的隆都菜最地道，石岐区的乳鸽最集中。三乡濑粉源于清嘉庆年间有200多年历史，上汤是灵魂要放烧鹅和叉烧。小榄菊花会每年11月下旬到12月举行，以菊入馔是中山独有文化。黄圃镇的腊味可以真空包装带回家，煲仔饭放几片腊肠满分。

  [2] 聚餐/约会（2小时+，享受为主）
      综合得分: 0.2995  (向量:0.1495 + 关键词:0.0000 + 标签:0.1500)
      标签: ['乳鸽', '夜市', '宵夜', '异国风味', '情侣', '攻略', '火锅', '烧烤', '石岐区', '网红打卡', '自然风光', '购物']
      来源: food/food\scene_guide.md
      内容: - 优先级：环境氛围 > 口味 > 价格
- 推荐类型：火锅、日料、西餐、私房菜、酒楼
- 人均预算：80-150元
- 搜索关键词：火锅、日料、西餐、私房菜、约会
- 中山特色选择：蜀大侠火锅(80元)、金阁佬黑松露乳鸽(88元)、安塔利亚土耳其烤肉(128元)、谷源私厨包厢
- 加分项：岐江夜景+兴中广场滨江酒吧街、幻彩摩天轮求婚圣地、森泊营地约会拍照

================================================================================
[2026-05-30 15:12:47] 查询: 重要提示 差评 刷评 避坑 贵 排队
耗时: 996.1 ms | 命中数: 2 | 阈值: 0.3
--------------------------------------------------------------------------------

  [1] 避坑和实用贴士
      综合得分: 0.4718  (向量:0.1118 + 关键词:0.2100 + 标签:0.1500)
      标签: ['三乡镇', '东升镇', '乳鸽', '历史文化', '小吃', '小榄镇', '攻略', '早茶', '沙溪镇', '海鲜', '石岐区', '自然风光', '购物', '黄圃镇']
      来源: food/food\zhongshan_restaurants.md
      内容: 中山的早茶人均30到50块，基本是广州的三分之一价格，爱群食店6点开门建议8点前到免排队，周一和周四点心还打8折。乳鸽认准12到13天的妙龄鸽，石岐佬建议工作日11点前或17点前到，周末排队至少半小时。省钱吃法：早茶30到50一个人，乳鸽专门店60到80，海鲜大餐100到150。东升镇的脆肉鲩最正宗，沙溪镇的隆都菜最地道，石岐区的乳鸽最集中。三乡濑粉源于清嘉庆年间有200多年历史，上汤是灵魂要放烧鹅和叉烧。小榄菊花会每年11月下旬到12月举行，以菊入馔是中山独有文化。黄圃镇的腊味可以真空包装带回家，煲仔饭放几片腊肠满分。

  [2] 旅游避坑和实用建议
      综合得分: 0.3951  (向量:0.0951 + 关键词:0.1500 + 标签:0.1500)
      标签: ['东升镇', '乳鸽', '五桂山街道', '交通出行', '住宿', '南朗街道', '历史文化', '小榄镇', '攻略', '海鲜', '温泉', '神湾镇', '翠亨新区', '自然风光']
      来源: general/general\zhongshan_travel.md
      内容: 最佳旅行时间是每年10到12月的秋季和3到5月的春季，气温最舒适。夏天6到9月高温多雨还有台风，出行注意天气预报。冬天1到2月湿冷但游客少。3到4月是回南天特别潮湿衣服多带两件。
什么季节吃什么也有讲究：10到12月乳鸽最肥美，11月小榄菊花会品菊花宴，3到5月脆肉鲩最鲜，5到8月吃荔枝菌，10到11月吃神湾菠萝。
有几个景点必须提前预约别跑空——孙中山故居纪念馆要在公众号预约，中山市博物馆要在文旅中山公众号预约，翠亨国家湿地公园也要预约。三个都是周一闭馆。节假日人流量大建议提前2到3天约好。
防坑方面：景区周边的三轮车摩的不要坐价格虚高不安全，叫网约车最靠谱。部分餐厅会推荐高价海鲜点菜前一定

================================================================================
[2026-05-30 15:16:25] 查询: 起点 差评 刷评 避坑 贵 排队
耗时: 520.6 ms | 命中数: 2 | 阈值: 0.3
--------------------------------------------------------------------------------

  [1] 避坑和实用贴士
      综合得分: 0.4968  (向量:0.1368 + 关键词:0.2100 + 标签:0.1500)
      标签: ['三乡镇', '东升镇', '乳鸽', '历史文化', '小吃', '小榄镇', '攻略', '早茶', '沙溪镇', '海鲜', '石岐区', '自然风光', '购物', '黄圃镇']
      来源: food/food\zhongshan_restaurants.md
      内容: 中山的早茶人均30到50块，基本是广州的三分之一价格，爱群食店6点开门建议8点前到免排队，周一和周四点心还打8折。乳鸽认准12到13天的妙龄鸽，石岐佬建议工作日11点前或17点前到，周末排队至少半小时。省钱吃法：早茶30到50一个人，乳鸽专门店60到80，海鲜大餐100到150。东升镇的脆肉鲩最正宗，沙溪镇的隆都菜最地道，石岐区的乳鸽最集中。三乡濑粉源于清嘉庆年间有200多年历史，上汤是灵魂要放烧鹅和叉烧。小榄菊花会每年11月下旬到12月举行，以菊入馔是中山独有文化。黄圃镇的腊味可以真空包装带回家，煲仔饭放几片腊肠满分。

  [2] 旅游避坑和实用建议
      综合得分: 0.4274  (向量:0.1274 + 关键词:0.1500 + 标签:0.1500)
      标签: ['东升镇', '乳鸽', '五桂山街道', '交通出行', '住宿', '南朗街道', '历史文化', '小榄镇', '攻略', '海鲜', '温泉', '神湾镇', '翠亨新区', '自然风光']
      来源: general/general\zhongshan_travel.md
      内容: 最佳旅行时间是每年10到12月的秋季和3到5月的春季，气温最舒适。夏天6到9月高温多雨还有台风，出行注意天气预报。冬天1到2月湿冷但游客少。3到4月是回南天特别潮湿衣服多带两件。
什么季节吃什么也有讲究：10到12月乳鸽最肥美，11月小榄菊花会品菊花宴，3到5月脆肉鲩最鲜，5到8月吃荔枝菌，10到11月吃神湾菠萝。
有几个景点必须提前预约别跑空——孙中山故居纪念馆要在公众号预约，中山市博物馆要在文旅中山公众号预约，翠亨国家湿地公园也要预约。三个都是周一闭馆。节假日人流量大建议提前2到3天约好。
防坑方面：景区周边的三轮车摩的不要坐价格虚高不安全，叫网约车最靠谱。部分餐厅会推荐高价海鲜点菜前一定

================================================================================
[2026-05-30 15:16:26] 查询: 终点 差评 刷评 避坑 贵 排队
耗时: 600.3 ms | 命中数: 2 | 阈值: 0.3
--------------------------------------------------------------------------------

  [1] 避坑和实用贴士
      综合得分: 0.4553  (向量:0.0953 + 关键词:0.2100 + 标签:0.1500)
      标签: ['三乡镇', '东升镇', '乳鸽', '历史文化', '小吃', '小榄镇', '攻略', '早茶', '沙溪镇', '海鲜', '石岐区', '自然风光', '购物', '黄圃镇']
      来源: food/food\zhongshan_restaurants.md
      内容: 中山的早茶人均30到50块，基本是广州的三分之一价格，爱群食店6点开门建议8点前到免排队，周一和周四点心还打8折。乳鸽认准12到13天的妙龄鸽，石岐佬建议工作日11点前或17点前到，周末排队至少半小时。省钱吃法：早茶30到50一个人，乳鸽专门店60到80，海鲜大餐100到150。东升镇的脆肉鲩最正宗，沙溪镇的隆都菜最地道，石岐区的乳鸽最集中。三乡濑粉源于清嘉庆年间有200多年历史，上汤是灵魂要放烧鹅和叉烧。小榄菊花会每年11月下旬到12月举行，以菊入馔是中山独有文化。黄圃镇的腊味可以真空包装带回家，煲仔饭放几片腊肠满分。

  [2] 旅游避坑和实用建议
      综合得分: 0.4357  (向量:0.1357 + 关键词:0.1500 + 标签:0.1500)
      标签: ['东升镇', '乳鸽', '五桂山街道', '交通出行', '住宿', '南朗街道', '历史文化', '小榄镇', '攻略', '海鲜', '温泉', '神湾镇', '翠亨新区', '自然风光']
      来源: general/general\zhongshan_travel.md
      内容: 最佳旅行时间是每年10到12月的秋季和3到5月的春季，气温最舒适。夏天6到9月高温多雨还有台风，出行注意天气预报。冬天1到2月湿冷但游客少。3到4月是回南天特别潮湿衣服多带两件。
什么季节吃什么也有讲究：10到12月乳鸽最肥美，11月小榄菊花会品菊花宴，3到5月脆肉鲩最鲜，5到8月吃荔枝菌，10到11月吃神湾菠萝。
有几个景点必须提前预约别跑空——孙中山故居纪念馆要在公众号预约，中山市博物馆要在文旅中山公众号预约，翠亨国家湿地公园也要预约。三个都是周一闭馆。节假日人流量大建议提前2到3天约好。
防坑方面：景区周边的三轮车摩的不要坐价格虚高不安全，叫网约车最靠谱。部分餐厅会推荐高价海鲜点菜前一定

================================================================================
[2026-05-30 15:16:26] 查询: 公交方案 差评 刷评 避坑 贵 排队
耗时: 530.5 ms | 命中数: 2 | 阈值: 0.3
--------------------------------------------------------------------------------

  [1] 旅游避坑和实用建议
      综合得分: 0.6747  (向量:0.2247 + 关键词:0.1500 + 标签:0.3000)
      标签: ['东升镇', '乳鸽', '五桂山街道', '交通出行', '住宿', '南朗街道', '历史文化', '小榄镇', '攻略', '海鲜', '温泉', '神湾镇', '翠亨新区', '自然风光']
      来源: general/general\zhongshan_travel.md
      内容: 最佳旅行时间是每年10到12月的秋季和3到5月的春季，气温最舒适。夏天6到9月高温多雨还有台风，出行注意天气预报。冬天1到2月湿冷但游客少。3到4月是回南天特别潮湿衣服多带两件。
什么季节吃什么也有讲究：10到12月乳鸽最肥美，11月小榄菊花会品菊花宴，3到5月脆肉鲩最鲜，5到8月吃荔枝菌，10到11月吃神湾菠萝。
有几个景点必须提前预约别跑空——孙中山故居纪念馆要在公众号预约，中山市博物馆要在文旅中山公众号预约，翠亨国家湿地公园也要预约。三个都是周一闭馆。节假日人流量大建议提前2到3天约好。
防坑方面：景区周边的三轮车摩的不要坐价格虚高不安全，叫网约车最靠谱。部分餐厅会推荐高价海鲜点菜前一定

  [2] 周末遛弯（半天闲逛+随便吃点）
      综合得分: 0.5438  (向量:0.2138 + 关键词:0.0300 + 标签:0.3000)
      标签: ['五桂山街道', '交通出行', '南朗街道', '历史文化', '咖啡', '小吃', '攻略', '石岐区', '自然风光', '西区', '购物']
      来源: food/food\scene_guide.md
      内容: - 优先级：顺路 > 轻松 > 不排队
- 推荐类型：街边小吃、咖啡馆、面包店
- 人均预算：30-60元
- 搜关键词：咖啡、小吃、骑楼、老街、公园
- 中山最佳遛弯路线：
  - 石岐老城线：孙文西路→香山商业文化博物馆→白水井大街吃满足面/顺柚记→岐江公园→烟墩山看日落→兴中广场（全程步行）
  - 崖口稻田线：崖口村稻田→向云端咖啡(25元)→崖口云吞(15元)→东堤海景路骑行→煲仔饭(30元)
  - 五桂山户外线：逍遥谷→旗溪村鸡煲→桂南村不荒樟咖啡(28元)

================================================================================
[2026-05-30 15:47:10] 查询: 紫马岭公园到中山纪念图书馆 路线规划 公交 打车 步行
耗时: 567.0 ms | 命中数: 6 | 阈值: 0.3
--------------------------------------------------------------------------------

  [1] 孙中山故里旅游区 — 5A景区，中山最核心的文化地标
      综合得分: 0.9650  (向量:0.4850 + 关键词:0.0300 + 标签:0.4500)
      标签: ['交通出行', '南朗街道', '历史文化', '攻略', '网红打卡', '自然风光']
      来源: general/general\zhongshan_travel.md
      内容: 这个景区在南朗街道翠亨村，翠亨大道93号，是中山唯一的5A级景区。整个旅游区包括孙中山故居纪念馆、中山影视城、辛亥革命纪念公园和犁头尖山几个部分。故居纪念馆是免费的，但要在孙中山故居纪念馆公众号上提前预约。影视城单独收费65块。开放时间是早上9点到下午5点半，周一闭馆（节假日正常开放），千万别周一跑来吃闭门羹。
孙中山故居本身是1892年孙中山亲自设计建造的二层砖木结构楼房，红墙绿瓦中西合璧的风格，里面展示了孙中山出生和成长的环境。门口那棵酸子树是孙中山1883年从檀香山带回来的树种，活到现在也是个奇迹。交通方面，坐广珠城轨到南朗站下车转公交就能到，自驾的话停车也方便。
中山影视城就在故居旁边

  [2] 中山市区交通和广珠城轨
      综合得分: 0.9411  (向量:0.4911 + 关键词:0.1500 + 标签:0.3000)
      标签: ['交通出行', '南朗街道', '古镇镇', '小榄镇', '火炬开发区', '石岐区', '自然风光', '西区']
      来源: general/general\zhongshan_travel.md
      内容: 中山市区景点集中在石岐老城区，范围不大，走路加共享单车加公交组合最划算。公交起步2块支持微信支付宝乘车码，BRT快速公交覆盖主要干道。网约车起步约8到10块市区内打车一般20到40。骑共享单车逛老城区很舒服，孙文西路岐江公园一带全程步行就行。
广珠城轨有五个站要看清楚——中山站（火炬开发区和东区交界停靠车次多）、中山北站（石岐区离老城区最近）、小榄站（西北部去古镇灯都）、南朗站（去孙中山故里和崖口村最近）、古镇站（灯都）。广州南站到中山站约30分钟票价40块，珠海站到中山站约25到30分钟票价35块。自驾的话广州过来走广珠西线高速约90分钟，珠海澳门过来经广澳高速约40分钟。

  [3] 周末遛弯（半天闲逛+随便吃点）
      综合得分: 0.9133  (向量:0.4333 + 关键词:0.0300 + 标签:0.4500)
      标签: ['五桂山街道', '交通出行', '南朗街道', '历史文化', '咖啡', '小吃', '攻略', '石岐区', '自然风光', '西区', '购物']
      来源: food/food\scene_guide.md
      内容: - 优先级：顺路 > 轻松 > 不排队
- 推荐类型：街边小吃、咖啡馆、面包店
- 人均预算：30-60元
- 搜关键词：咖啡、小吃、骑楼、老街、公园
- 中山最佳遛弯路线：
  - 石岐老城线：孙文西路→香山商业文化博物馆→白水井大街吃满足面/顺柚记→岐江公园→烟墩山看日落→兴中广场（全程步行）
  - 崖口稻田线：崖口村稻田→向云端咖啡(25元)→崖口云吞(15元)→东堤海景路骑行→煲仔饭(30元)
  - 五桂山户外线：逍遥谷→旗溪村鸡煲→桂南村不荒樟咖啡(28元)

  [4] 金钟水库和树木园 — 中山人周末最爱去的城市绿肺
      综合得分: 0.8820  (向量:0.4320 + 关键词:0.0000 + 标签:0.4500)
      标签: ['东区', '交通出行', '南区', '攻略', '烧烤', '自然风光']
      来源: general/general\zhongshan_travel.md
      内容: 金钟水库在东区新安村，绕水库一圈大概12公里全程绿道，有专门的自行车道，可以租车骑行（约20块一小时），也有烧烤场。环境清幽湖水碧绿，节假日人多建议早上去。树木园在南区南外环路，和金钟水库不同，这里以植物科普为主，有竹园木兰园等专类园区，绿道平缓适合老人小孩。

  [5] 深中通道 — 2024年通车，彻底改变了中山的区位格局
      综合得分: 0.8497  (向量:0.4897 + 关键词:0.0600 + 标签:0.3000)
      标签: ['交通出行', '住宿', '南朗街道', '宵夜', '网红打卡', '翠亨新区', '自然风光', '购物']
      来源: general/general\zhongshan_travel.md
      内容: 这绝对是中山近年来最大的交通事件。深中通道2024年6月30日正式通车，全长24公里，是把桥、岛、隧、水下互通集合在一起的世界级超级工程。现在从深圳宝安机场到中山马鞍岛只要30分钟左右，从深圳南山到中山市区大概50分钟。双向8车道，限速100公里每小时。目前暂时免收通行费。
跨市公交也同步开通了。深中001路从深圳前海梦工场北区到中山博览中心，约50分钟票价18元；深中002路从深圳前海到中山国际酒店票价15元。运营时间大概是早上6点半到晚上9点，早晚高峰15分钟一班。微信小程序搜"深中跨市公交"可以查实时班次和买票。自驾的话导航设马鞍岛或者南朗出口，深中通道走到头走翠亨快线15分钟就到南朗了

  [6] 中山市博物馆 — 2022年新馆，设计感超强
      综合得分: 0.8184  (向量:0.5184 + 关键词:0.0000 + 标签:0.3000)
      标签: ['历史文化', '攻略', '石岐区', '网红打卡', '自然风光']
      来源: general/general\zhongshan_travel.md
      内容: 在石岐区孙文中路197号，2022年新馆开放后成了中山新的文化地标。里面有三个常设展览：中山历史陈列、中山华侨历史、中山非物质文化遗产。最受欢迎的是一比一还原的民国街道场景，拍照非常出片。免费但要提前在"文旅中山"公众号预约，开放时间9点到下午5点，周一闭馆。

================================================================================
[2026-05-30 15:48:18] 查询: 🚌 公交方案（最优推荐） 差评 刷评 避坑 贵 排队
耗时: 627.4 ms | 命中数: 2 | 阈值: 0.3
--------------------------------------------------------------------------------

  [1] 旅游避坑和实用建议
      综合得分: 0.7407  (向量:0.2907 + 关键词:0.1500 + 标签:0.3000)
      标签: ['东升镇', '乳鸽', '五桂山街道', '交通出行', '住宿', '南朗街道', '历史文化', '小榄镇', '攻略', '海鲜', '温泉', '神湾镇', '翠亨新区', '自然风光']
      来源: general/general\zhongshan_travel.md
      内容: 最佳旅行时间是每年10到12月的秋季和3到5月的春季，气温最舒适。夏天6到9月高温多雨还有台风，出行注意天气预报。冬天1到2月湿冷但游客少。3到4月是回南天特别潮湿衣服多带两件。
什么季节吃什么也有讲究：10到12月乳鸽最肥美，11月小榄菊花会品菊花宴，3到5月脆肉鲩最鲜，5到8月吃荔枝菌，10到11月吃神湾菠萝。
有几个景点必须提前预约别跑空——孙中山故居纪念馆要在公众号预约，中山市博物馆要在文旅中山公众号预约，翠亨国家湿地公园也要预约。三个都是周一闭馆。节假日人流量大建议提前2到3天约好。
防坑方面：景区周边的三轮车摩的不要坐价格虚高不安全，叫网约车最靠谱。部分餐厅会推荐高价海鲜点菜前一定

  [2] 周末遛弯（半天闲逛+随便吃点）
      综合得分: 0.6004  (向量:0.2704 + 关键词:0.0300 + 标签:0.3000)
      标签: ['五桂山街道', '交通出行', '南朗街道', '历史文化', '咖啡', '小吃', '攻略', '石岐区', '自然风光', '西区', '购物']
      来源: food/food\scene_guide.md
      内容: - 优先级：顺路 > 轻松 > 不排队
- 推荐类型：街边小吃、咖啡馆、面包店
- 人均预算：30-60元
- 搜关键词：咖啡、小吃、骑楼、老街、公园
- 中山最佳遛弯路线：
  - 石岐老城线：孙文西路→香山商业文化博物馆→白水井大街吃满足面/顺柚记→岐江公园→烟墩山看日落→兴中广场（全程步行）
  - 崖口稻田线：崖口村稻田→向云端咖啡(25元)→崖口云吞(15元)→东堤海景路骑行→煲仔饭(30元)
  - 五桂山户外线：逍遥谷→旗溪村鸡煲→桂南村不荒樟咖啡(28元)

================================================================================
[2026-05-30 15:48:18] 查询: B19路（BRT快速公交） 差评 刷评 避坑 贵 排队
耗时: 555.8 ms | 命中数: 2 | 阈值: 0.3
--------------------------------------------------------------------------------

  [1] 旅游避坑和实用建议
      综合得分: 0.5776  (向量:0.1276 + 关键词:0.1500 + 标签:0.3000)
      标签: ['东升镇', '乳鸽', '五桂山街道', '交通出行', '住宿', '南朗街道', '历史文化', '小榄镇', '攻略', '海鲜', '温泉', '神湾镇', '翠亨新区', '自然风光']
      来源: general/general\zhongshan_travel.md
      内容: 最佳旅行时间是每年10到12月的秋季和3到5月的春季，气温最舒适。夏天6到9月高温多雨还有台风，出行注意天气预报。冬天1到2月湿冷但游客少。3到4月是回南天特别潮湿衣服多带两件。
什么季节吃什么也有讲究：10到12月乳鸽最肥美，11月小榄菊花会品菊花宴，3到5月脆肉鲩最鲜，5到8月吃荔枝菌，10到11月吃神湾菠萝。
有几个景点必须提前预约别跑空——孙中山故居纪念馆要在公众号预约，中山市博物馆要在文旅中山公众号预约，翠亨国家湿地公园也要预约。三个都是周一闭馆。节假日人流量大建议提前2到3天约好。
防坑方面：景区周边的三轮车摩的不要坐价格虚高不安全，叫网约车最靠谱。部分餐厅会推荐高价海鲜点菜前一定

  [2] 避坑和实用贴士
      综合得分: 0.4680  (向量:0.1080 + 关键词:0.2100 + 标签:0.1500)
      标签: ['三乡镇', '东升镇', '乳鸽', '历史文化', '小吃', '小榄镇', '攻略', '早茶', '沙溪镇', '海鲜', '石岐区', '自然风光', '购物', '黄圃镇']
      来源: food/food\zhongshan_restaurants.md
      内容: 中山的早茶人均30到50块，基本是广州的三分之一价格，爱群食店6点开门建议8点前到免排队，周一和周四点心还打8折。乳鸽认准12到13天的妙龄鸽，石岐佬建议工作日11点前或17点前到，周末排队至少半小时。省钱吃法：早茶30到50一个人，乳鸽专门店60到80，海鲜大餐100到150。东升镇的脆肉鲩最正宗，沙溪镇的隆都菜最地道，石岐区的乳鸽最集中。三乡濑粉源于清嘉庆年间有200多年历史，上汤是灵魂要放烧鹅和叉烧。小榄菊花会每年11月下旬到12月举行，以菊入馔是中山独有文化。黄圃镇的腊味可以真空包装带回家，煲仔饭放几片腊肠满分。

================================================================================
[2026-05-30 15:48:19] 查询: 路线 差评 刷评 避坑 贵 排队
耗时: 622.2 ms | 命中数: 2 | 阈值: 0.3
--------------------------------------------------------------------------------

  [1] 避坑和实用贴士
      综合得分: 0.5560  (向量:0.1960 + 关键词:0.2100 + 标签:0.1500)
      标签: ['三乡镇', '东升镇', '乳鸽', '历史文化', '小吃', '小榄镇', '攻略', '早茶', '沙溪镇', '海鲜', '石岐区', '自然风光', '购物', '黄圃镇']
      来源: food/food\zhongshan_restaurants.md
      内容: 中山的早茶人均30到50块，基本是广州的三分之一价格，爱群食店6点开门建议8点前到免排队，周一和周四点心还打8折。乳鸽认准12到13天的妙龄鸽，石岐佬建议工作日11点前或17点前到，周末排队至少半小时。省钱吃法：早茶30到50一个人，乳鸽专门店60到80，海鲜大餐100到150。东升镇的脆肉鲩最正宗，沙溪镇的隆都菜最地道，石岐区的乳鸽最集中。三乡濑粉源于清嘉庆年间有200多年历史，上汤是灵魂要放烧鹅和叉烧。小榄菊花会每年11月下旬到12月举行，以菊入馔是中山独有文化。黄圃镇的腊味可以真空包装带回家，煲仔饭放几片腊肠满分。

  [2] 旅游避坑和实用建议
      综合得分: 0.5548  (向量:0.2548 + 关键词:0.1500 + 标签:0.1500)
      标签: ['东升镇', '乳鸽', '五桂山街道', '交通出行', '住宿', '南朗街道', '历史文化', '小榄镇', '攻略', '海鲜', '温泉', '神湾镇', '翠亨新区', '自然风光']
      来源: general/general\zhongshan_travel.md
      内容: 最佳旅行时间是每年10到12月的秋季和3到5月的春季，气温最舒适。夏天6到9月高温多雨还有台风，出行注意天气预报。冬天1到2月湿冷但游客少。3到4月是回南天特别潮湿衣服多带两件。
什么季节吃什么也有讲究：10到12月乳鸽最肥美，11月小榄菊花会品菊花宴，3到5月脆肉鲩最鲜，5到8月吃荔枝菌，10到11月吃神湾菠萝。
有几个景点必须提前预约别跑空——孙中山故居纪念馆要在公众号预约，中山市博物馆要在文旅中山公众号预约，翠亨国家湿地公园也要预约。三个都是周一闭馆。节假日人流量大建议提前2到3天约好。
防坑方面：景区周边的三轮车摩的不要坐价格虚高不安全，叫网约车最靠谱。部分餐厅会推荐高价海鲜点菜前一定

================================================================================
[2026-05-30 15:56:13] 查询: 最优路线 差评 刷评 避坑 贵 排队
耗时: 776.0 ms | 命中数: 2 | 阈值: 0.3
--------------------------------------------------------------------------------

  [1] 旅游避坑和实用建议
      综合得分: 0.6366  (向量:0.3366 + 关键词:0.1500 + 标签:0.1500)
      标签: ['东升镇', '乳鸽', '五桂山街道', '交通出行', '住宿', '南朗街道', '历史文化', '小榄镇', '攻略', '海鲜', '温泉', '神湾镇', '翠亨新区', '自然风光']
      来源: general/general\zhongshan_travel.md
      内容: 最佳旅行时间是每年10到12月的秋季和3到5月的春季，气温最舒适。夏天6到9月高温多雨还有台风，出行注意天气预报。冬天1到2月湿冷但游客少。3到4月是回南天特别潮湿衣服多带两件。
什么季节吃什么也有讲究：10到12月乳鸽最肥美，11月小榄菊花会品菊花宴，3到5月脆肉鲩最鲜，5到8月吃荔枝菌，10到11月吃神湾菠萝。
有几个景点必须提前预约别跑空——孙中山故居纪念馆要在公众号预约，中山市博物馆要在文旅中山公众号预约，翠亨国家湿地公园也要预约。三个都是周一闭馆。节假日人流量大建议提前2到3天约好。
防坑方面：景区周边的三轮车摩的不要坐价格虚高不安全，叫网约车最靠谱。部分餐厅会推荐高价海鲜点菜前一定

  [2] 避坑和实用贴士
      综合得分: 0.5926  (向量:0.2326 + 关键词:0.2100 + 标签:0.1500)
      标签: ['三乡镇', '东升镇', '乳鸽', '历史文化', '小吃', '小榄镇', '攻略', '早茶', '沙溪镇', '海鲜', '石岐区', '自然风光', '购物', '黄圃镇']
      来源: food/food\zhongshan_restaurants.md
      内容: 中山的早茶人均30到50块，基本是广州的三分之一价格，爱群食店6点开门建议8点前到免排队，周一和周四点心还打8折。乳鸽认准12到13天的妙龄鸽，石岐佬建议工作日11点前或17点前到，周末排队至少半小时。省钱吃法：早茶30到50一个人，乳鸽专门店60到80，海鲜大餐100到150。东升镇的脆肉鲩最正宗，沙溪镇的隆都菜最地道，石岐区的乳鸽最集中。三乡濑粉源于清嘉庆年间有200多年历史，上汤是灵魂要放烧鹅和叉烧。小榄菊花会每年11月下旬到12月举行，以菊入馔是中山独有文化。黄圃镇的腊味可以真空包装带回家，煲仔饭放几片腊肠满分。

================================================================================
[2026-05-30 15:56:14] 查询: 线路 差评 刷评 避坑 贵 排队
耗时: 849.6 ms | 命中数: 2 | 阈值: 0.3
--------------------------------------------------------------------------------

  [1] 避坑和实用贴士
      综合得分: 0.5026  (向量:0.1426 + 关键词:0.2100 + 标签:0.1500)
      标签: ['三乡镇', '东升镇', '乳鸽', '历史文化', '小吃', '小榄镇', '攻略', '早茶', '沙溪镇', '海鲜', '石岐区', '自然风光', '购物', '黄圃镇']
      来源: food/food\zhongshan_restaurants.md
      内容: 中山的早茶人均30到50块，基本是广州的三分之一价格，爱群食店6点开门建议8点前到免排队，周一和周四点心还打8折。乳鸽认准12到13天的妙龄鸽，石岐佬建议工作日11点前或17点前到，周末排队至少半小时。省钱吃法：早茶30到50一个人，乳鸽专门店60到80，海鲜大餐100到150。东升镇的脆肉鲩最正宗，沙溪镇的隆都菜最地道，石岐区的乳鸽最集中。三乡濑粉源于清嘉庆年间有200多年历史，上汤是灵魂要放烧鹅和叉烧。小榄菊花会每年11月下旬到12月举行，以菊入馔是中山独有文化。黄圃镇的腊味可以真空包装带回家，煲仔饭放几片腊肠满分。

  [2] 旅游避坑和实用建议
      综合得分: 0.4717  (向量:0.1717 + 关键词:0.1500 + 标签:0.1500)
      标签: ['东升镇', '乳鸽', '五桂山街道', '交通出行', '住宿', '南朗街道', '历史文化', '小榄镇', '攻略', '海鲜', '温泉', '神湾镇', '翠亨新区', '自然风光']
      来源: general/general\zhongshan_travel.md
      内容: 最佳旅行时间是每年10到12月的秋季和3到5月的春季，气温最舒适。夏天6到9月高温多雨还有台风，出行注意天气预报。冬天1到2月湿冷但游客少。3到4月是回南天特别潮湿衣服多带两件。
什么季节吃什么也有讲究：10到12月乳鸽最肥美，11月小榄菊花会品菊花宴，3到5月脆肉鲩最鲜，5到8月吃荔枝菌，10到11月吃神湾菠萝。
有几个景点必须提前预约别跑空——孙中山故居纪念馆要在公众号预约，中山市博物馆要在文旅中山公众号预约，翠亨国家湿地公园也要预约。三个都是周一闭馆。节假日人流量大建议提前2到3天约好。
防坑方面：景区周边的三轮车摩的不要坐价格虚高不安全，叫网约车最靠谱。部分餐厅会推荐高价海鲜点菜前一定

================================================================================
[2026-05-30 15:56:14] 查询: 步骤 差评 刷评 避坑 贵 排队
耗时: 535.8 ms | 命中数: 2 | 阈值: 0.3
--------------------------------------------------------------------------------

  [1] 避坑和实用贴士
      综合得分: 0.4704  (向量:0.1104 + 关键词:0.2100 + 标签:0.1500)
      标签: ['三乡镇', '东升镇', '乳鸽', '历史文化', '小吃', '小榄镇', '攻略', '早茶', '沙溪镇', '海鲜', '石岐区', '自然风光', '购物', '黄圃镇']
      来源: food/food\zhongshan_restaurants.md
      内容: 中山的早茶人均30到50块，基本是广州的三分之一价格，爱群食店6点开门建议8点前到免排队，周一和周四点心还打8折。乳鸽认准12到13天的妙龄鸽，石岐佬建议工作日11点前或17点前到，周末排队至少半小时。省钱吃法：早茶30到50一个人，乳鸽专门店60到80，海鲜大餐100到150。东升镇的脆肉鲩最正宗，沙溪镇的隆都菜最地道，石岐区的乳鸽最集中。三乡濑粉源于清嘉庆年间有200多年历史，上汤是灵魂要放烧鹅和叉烧。小榄菊花会每年11月下旬到12月举行，以菊入馔是中山独有文化。黄圃镇的腊味可以真空包装带回家，煲仔饭放几片腊肠满分。

  [2] 旅游避坑和实用建议
      综合得分: 0.3967  (向量:0.0967 + 关键词:0.1500 + 标签:0.1500)
      标签: ['东升镇', '乳鸽', '五桂山街道', '交通出行', '住宿', '南朗街道', '历史文化', '小榄镇', '攻略', '海鲜', '温泉', '神湾镇', '翠亨新区', '自然风光']
      来源: general/general\zhongshan_travel.md
      内容: 最佳旅行时间是每年10到12月的秋季和3到5月的春季，气温最舒适。夏天6到9月高温多雨还有台风，出行注意天气预报。冬天1到2月湿冷但游客少。3到4月是回南天特别潮湿衣服多带两件。
什么季节吃什么也有讲究：10到12月乳鸽最肥美，11月小榄菊花会品菊花宴，3到5月脆肉鲩最鲜，5到8月吃荔枝菌，10到11月吃神湾菠萝。
有几个景点必须提前预约别跑空——孙中山故居纪念馆要在公众号预约，中山市博物馆要在文旅中山公众号预约，翠亨国家湿地公园也要预约。三个都是周一闭馆。节假日人流量大建议提前2到3天约好。
防坑方面：景区周边的三轮车摩的不要坐价格虚高不安全，叫网约车最靠谱。部分餐厅会推荐高价海鲜点菜前一定

================================================================================
[2026-05-30 15:57:54] 查询: 🚌 公交方案（推荐） 差评 刷评 避坑 贵 排队
耗时: 519.4 ms | 命中数: 2 | 阈值: 0.3
--------------------------------------------------------------------------------

  [1] 旅游避坑和实用建议
      综合得分: 0.7382  (向量:0.2882 + 关键词:0.1500 + 标签:0.3000)
      标签: ['东升镇', '乳鸽', '五桂山街道', '交通出行', '住宿', '南朗街道', '历史文化', '小榄镇', '攻略', '海鲜', '温泉', '神湾镇', '翠亨新区', '自然风光']
      来源: general/general\zhongshan_travel.md
      内容: 最佳旅行时间是每年10到12月的秋季和3到5月的春季，气温最舒适。夏天6到9月高温多雨还有台风，出行注意天气预报。冬天1到2月湿冷但游客少。3到4月是回南天特别潮湿衣服多带两件。
什么季节吃什么也有讲究：10到12月乳鸽最肥美，11月小榄菊花会品菊花宴，3到5月脆肉鲩最鲜，5到8月吃荔枝菌，10到11月吃神湾菠萝。
有几个景点必须提前预约别跑空——孙中山故居纪念馆要在公众号预约，中山市博物馆要在文旅中山公众号预约，翠亨国家湿地公园也要预约。三个都是周一闭馆。节假日人流量大建议提前2到3天约好。
防坑方面：景区周边的三轮车摩的不要坐价格虚高不安全，叫网约车最靠谱。部分餐厅会推荐高价海鲜点菜前一定

  [2] 周末遛弯（半天闲逛+随便吃点）
      综合得分: 0.5963  (向量:0.2663 + 关键词:0.0300 + 标签:0.3000)
      标签: ['五桂山街道', '交通出行', '南朗街道', '历史文化', '咖啡', '小吃', '攻略', '石岐区', '自然风光', '西区', '购物']
      来源: food/food\scene_guide.md
      内容: - 优先级：顺路 > 轻松 > 不排队
- 推荐类型：街边小吃、咖啡馆、面包店
- 人均预算：30-60元
- 搜关键词：咖啡、小吃、骑楼、老街、公园
- 中山最佳遛弯路线：
  - 石岐老城线：孙文西路→香山商业文化博物馆→白水井大街吃满足面/顺柚记→岐江公园→烟墩山看日落→兴中广场（全程步行）
  - 崖口稻田线：崖口村稻田→向云端咖啡(25元)→崖口云吞(15元)→东堤海景路骑行→煲仔饭(30元)
  - 五桂山户外线：逍遥谷→旗溪村鸡煲→桂南村不荒樟咖啡(28元)

================================================================================
[2026-05-30 15:57:55] 查询: 最快路线：013路/003路（21分钟） 差评 刷评 避坑 贵 排队
耗时: 482.3 ms | 命中数: 2 | 阈值: 0.3
--------------------------------------------------------------------------------

  [1] 避坑和实用贴士
      综合得分: 0.5714  (向量:0.2114 + 关键词:0.2100 + 标签:0.1500)
      标签: ['三乡镇', '东升镇', '乳鸽', '历史文化', '小吃', '小榄镇', '攻略', '早茶', '沙溪镇', '海鲜', '石岐区', '自然风光', '购物', '黄圃镇']
      来源: food/food\zhongshan_restaurants.md
      内容: 中山的早茶人均30到50块，基本是广州的三分之一价格，爱群食店6点开门建议8点前到免排队，周一和周四点心还打8折。乳鸽认准12到13天的妙龄鸽，石岐佬建议工作日11点前或17点前到，周末排队至少半小时。省钱吃法：早茶30到50一个人，乳鸽专门店60到80，海鲜大餐100到150。东升镇的脆肉鲩最正宗，沙溪镇的隆都菜最地道，石岐区的乳鸽最集中。三乡濑粉源于清嘉庆年间有200多年历史，上汤是灵魂要放烧鹅和叉烧。小榄菊花会每年11月下旬到12月举行，以菊入馔是中山独有文化。黄圃镇的腊味可以真空包装带回家，煲仔饭放几片腊肠满分。

  [2] 旅游避坑和实用建议
      综合得分: 0.5466  (向量:0.2466 + 关键词:0.1500 + 标签:0.1500)
      标签: ['东升镇', '乳鸽', '五桂山街道', '交通出行', '住宿', '南朗街道', '历史文化', '小榄镇', '攻略', '海鲜', '温泉', '神湾镇', '翠亨新区', '自然风光']
      来源: general/general\zhongshan_travel.md
      内容: 最佳旅行时间是每年10到12月的秋季和3到5月的春季，气温最舒适。夏天6到9月高温多雨还有台风，出行注意天气预报。冬天1到2月湿冷但游客少。3到4月是回南天特别潮湿衣服多带两件。
什么季节吃什么也有讲究：10到12月乳鸽最肥美，11月小榄菊花会品菊花宴，3到5月脆肉鲩最鲜，5到8月吃荔枝菌，10到11月吃神湾菠萝。
有几个景点必须提前预约别跑空——孙中山故居纪念馆要在公众号预约，中山市博物馆要在文旅中山公众号预约，翠亨国家湿地公园也要预约。三个都是周一闭馆。节假日人流量大建议提前2到3天约好。
防坑方面：景区周边的三轮车摩的不要坐价格虚高不安全，叫网约车最靠谱。部分餐厅会推荐高价海鲜点菜前一定

================================================================================
[2026-05-30 15:57:55] 查询: 步行116米 差评 刷评 避坑 贵 排队
耗时: 569.0 ms | 命中数: 2 | 阈值: 0.3
--------------------------------------------------------------------------------

  [1] 避坑和实用贴士
      综合得分: 0.5081  (向量:0.1481 + 关键词:0.2100 + 标签:0.1500)
      标签: ['三乡镇', '东升镇', '乳鸽', '历史文化', '小吃', '小榄镇', '攻略', '早茶', '沙溪镇', '海鲜', '石岐区', '自然风光', '购物', '黄圃镇']
      来源: food/food\zhongshan_restaurants.md
      内容: 中山的早茶人均30到50块，基本是广州的三分之一价格，爱群食店6点开门建议8点前到免排队，周一和周四点心还打8折。乳鸽认准12到13天的妙龄鸽，石岐佬建议工作日11点前或17点前到，周末排队至少半小时。省钱吃法：早茶30到50一个人，乳鸽专门店60到80，海鲜大餐100到150。东升镇的脆肉鲩最正宗，沙溪镇的隆都菜最地道，石岐区的乳鸽最集中。三乡濑粉源于清嘉庆年间有200多年历史，上汤是灵魂要放烧鹅和叉烧。小榄菊花会每年11月下旬到12月举行，以菊入馔是中山独有文化。黄圃镇的腊味可以真空包装带回家，煲仔饭放几片腊肠满分。

  [2] 旅游避坑和实用建议
      综合得分: 0.5012  (向量:0.2012 + 关键词:0.1500 + 标签:0.1500)
      标签: ['东升镇', '乳鸽', '五桂山街道', '交通出行', '住宿', '南朗街道', '历史文化', '小榄镇', '攻略', '海鲜', '温泉', '神湾镇', '翠亨新区', '自然风光']
      来源: general/general\zhongshan_travel.md
      内容: 最佳旅行时间是每年10到12月的秋季和3到5月的春季，气温最舒适。夏天6到9月高温多雨还有台风，出行注意天气预报。冬天1到2月湿冷但游客少。3到4月是回南天特别潮湿衣服多带两件。
什么季节吃什么也有讲究：10到12月乳鸽最肥美，11月小榄菊花会品菊花宴，3到5月脆肉鲩最鲜，5到8月吃荔枝菌，10到11月吃神湾菠萝。
有几个景点必须提前预约别跑空——孙中山故居纪念馆要在公众号预约，中山市博物馆要在文旅中山公众号预约，翠亨国家湿地公园也要预约。三个都是周一闭馆。节假日人流量大建议提前2到3天约好。
防坑方面：景区周边的三轮车摩的不要坐价格虚高不安全，叫网约车最靠谱。部分餐厅会推荐高价海鲜点菜前一定

================================================================================
[2026-05-30 15:58:25] 查询: 紫马岭公园到中山纪念图书馆 路线规划
耗时: 513.5 ms | 命中数: 6 | 阈值: 0.3
--------------------------------------------------------------------------------

  [1] 中山市博物馆 — 2022年新馆，设计感超强
      综合得分: 0.8331  (向量:0.5331 + 关键词:0.0000 + 标签:0.3000)
      标签: ['历史文化', '攻略', '石岐区', '网红打卡', '自然风光']
      来源: general/general\zhongshan_travel.md
      内容: 在石岐区孙文中路197号，2022年新馆开放后成了中山新的文化地标。里面有三个常设展览：中山历史陈列、中山华侨历史、中山非物质文化遗产。最受欢迎的是一比一还原的民国街道场景，拍照非常出片。免费但要提前在"文旅中山"公众号预约，开放时间9点到下午5点，周一闭馆。

  [2] 孙中山故里旅游区 — 5A景区，中山最核心的文化地标
      综合得分: 0.7801  (向量:0.4801 + 关键词:0.0000 + 标签:0.3000)
      标签: ['交通出行', '南朗街道', '历史文化', '攻略', '网红打卡', '自然风光']
      来源: general/general\zhongshan_travel.md
      内容: 这个景区在南朗街道翠亨村，翠亨大道93号，是中山唯一的5A级景区。整个旅游区包括孙中山故居纪念馆、中山影视城、辛亥革命纪念公园和犁头尖山几个部分。故居纪念馆是免费的，但要在孙中山故居纪念馆公众号上提前预约。影视城单独收费65块。开放时间是早上9点到下午5点半，周一闭馆（节假日正常开放），千万别周一跑来吃闭门羹。
孙中山故居本身是1892年孙中山亲自设计建造的二层砖木结构楼房，红墙绿瓦中西合璧的风格，里面展示了孙中山出生和成长的环境。门口那棵酸子树是孙中山1883年从檀香山带回来的树种，活到现在也是个奇迹。交通方面，坐广珠城轨到南朗站下车转公交就能到，自驾的话停车也方便。
中山影视城就在故居旁边

  [3] 金钟水库和树木园 — 中山人周末最爱去的城市绿肺
      综合得分: 0.7199  (向量:0.4199 + 关键词:0.0000 + 标签:0.3000)
      标签: ['东区', '交通出行', '南区', '攻略', '烧烤', '自然风光']
      来源: general/general\zhongshan_travel.md
      内容: 金钟水库在东区新安村，绕水库一圈大概12公里全程绿道，有专门的自行车道，可以租车骑行（约20块一小时），也有烧烤场。环境清幽湖水碧绿，节假日人多建议早上去。树木园在南区南外环路，和金钟水库不同，这里以植物科普为主，有竹园木兰园等专类园区，绿道平缓适合老人小孩。

  [4] 周末遛弯（半天闲逛+随便吃点）
      综合得分: 0.7017  (向量:0.4017 + 关键词:0.0000 + 标签:0.3000)
      标签: ['五桂山街道', '交通出行', '南朗街道', '历史文化', '咖啡', '小吃', '攻略', '石岐区', '自然风光', '西区', '购物']
      来源: food/food\scene_guide.md
      内容: - 优先级：顺路 > 轻松 > 不排队
- 推荐类型：街边小吃、咖啡馆、面包店
- 人均预算：30-60元
- 搜关键词：咖啡、小吃、骑楼、老街、公园
- 中山最佳遛弯路线：
  - 石岐老城线：孙文西路→香山商业文化博物馆→白水井大街吃满足面/顺柚记→岐江公园→烟墩山看日落→兴中广场（全程步行）
  - 崖口稻田线：崖口村稻田→向云端咖啡(25元)→崖口云吞(15元)→东堤海景路骑行→煲仔饭(30元)
  - 五桂山户外线：逍遥谷→旗溪村鸡煲→桂南村不荒樟咖啡(28元)

  [5] 带朋友吃遍中山（有好吃的要分享）
      综合得分: 0.6699  (向量:0.3699 + 关键词:0.0000 + 标签:0.3000)
      标签: ['三乡镇', '东升镇', '乳鸽', '小吃', '小榄镇', '攻略', '早茶', '海鲜', '石岐区', '自然风光']
      来源: food/food\scene_guide.md
      内容: - 优先级：体验感 > 特色 > 价格
- 推荐类型：中山地标美食全覆盖
- 人均预算：100-200元（一天）
- 必吃路线：早茶爱群食店→石岐佬乳鸽→崖口煲仔饭→三乡濑粉→小榄炸鱼球→东升脆肉鲩
- 搜索关键词：乳鸽、早茶、濑粉、脆肉鲩、炸鱼球、海鲜

  [6] 深中通道 — 2024年通车，彻底改变了中山的区位格局
      综合得分: 0.6205  (向量:0.4705 + 关键词:0.0000 + 标签:0.1500)
      标签: ['交通出行', '住宿', '南朗街道', '宵夜', '网红打卡', '翠亨新区', '自然风光', '购物']
      来源: general/general\zhongshan_travel.md
      内容: 这绝对是中山近年来最大的交通事件。深中通道2024年6月30日正式通车，全长24公里，是把桥、岛、隧、水下互通集合在一起的世界级超级工程。现在从深圳宝安机场到中山马鞍岛只要30分钟左右，从深圳南山到中山市区大概50分钟。双向8车道，限速100公里每小时。目前暂时免收通行费。
跨市公交也同步开通了。深中001路从深圳前海梦工场北区到中山博览中心，约50分钟票价18元；深中002路从深圳前海到中山国际酒店票价15元。运营时间大概是早上6点半到晚上9点，早晚高峰15分钟一班。微信小程序搜"深中跨市公交"可以查实时班次和买票。自驾的话导航设马鞍岛或者南朗出口，深中通道走到头走翠亨快线15分钟就到南朗了

================================================================================
[2026-05-30 15:59:32] 查询: 🚌 公交方案（推荐2条高效路线） 差评 刷评 避坑 贵 排队
耗时: 553.7 ms | 命中数: 2 | 阈值: 0.3
--------------------------------------------------------------------------------

  [1] 旅游避坑和实用建议
      综合得分: 0.7865  (向量:0.3365 + 关键词:0.1500 + 标签:0.3000)
      标签: ['东升镇', '乳鸽', '五桂山街道', '交通出行', '住宿', '南朗街道', '历史文化', '小榄镇', '攻略', '海鲜', '温泉', '神湾镇', '翠亨新区', '自然风光']
      来源: general/general\zhongshan_travel.md
      内容: 最佳旅行时间是每年10到12月的秋季和3到5月的春季，气温最舒适。夏天6到9月高温多雨还有台风，出行注意天气预报。冬天1到2月湿冷但游客少。3到4月是回南天特别潮湿衣服多带两件。
什么季节吃什么也有讲究：10到12月乳鸽最肥美，11月小榄菊花会品菊花宴，3到5月脆肉鲩最鲜，5到8月吃荔枝菌，10到11月吃神湾菠萝。
有几个景点必须提前预约别跑空——孙中山故居纪念馆要在公众号预约，中山市博物馆要在文旅中山公众号预约，翠亨国家湿地公园也要预约。三个都是周一闭馆。节假日人流量大建议提前2到3天约好。
防坑方面：景区周边的三轮车摩的不要坐价格虚高不安全，叫网约车最靠谱。部分餐厅会推荐高价海鲜点菜前一定

  [2] 周末遛弯（半天闲逛+随便吃点）
      综合得分: 0.6639  (向量:0.3339 + 关键词:0.0300 + 标签:0.3000)
      标签: ['五桂山街道', '交通出行', '南朗街道', '历史文化', '咖啡', '小吃', '攻略', '石岐区', '自然风光', '西区', '购物']
      来源: food/food\scene_guide.md
      内容: - 优先级：顺路 > 轻松 > 不排队
- 推荐类型：街边小吃、咖啡馆、面包店
- 人均预算：30-60元
- 搜关键词：咖啡、小吃、骑楼、老街、公园
- 中山最佳遛弯路线：
  - 石岐老城线：孙文西路→香山商业文化博物馆→白水井大街吃满足面/顺柚记→岐江公园→烟墩山看日落→兴中广场（全程步行）
  - 崖口稻田线：崖口村稻田→向云端咖啡(25元)→崖口云吞(15元)→东堤海景路骑行→煲仔饭(30元)
  - 五桂山户外线：逍遥谷→旗溪村鸡煲→桂南村不荒樟咖啡(28元)

================================================================================
[2026-05-30 15:59:32] 查询: B19路直达线（最快27分钟） 差评 刷评 避坑 贵 排队
耗时: 611.1 ms | 命中数: 2 | 阈值: 0.3
--------------------------------------------------------------------------------

  [1] 避坑和实用贴士
      综合得分: 0.4966  (向量:0.1366 + 关键词:0.2100 + 标签:0.1500)
      标签: ['三乡镇', '东升镇', '乳鸽', '历史文化', '小吃', '小榄镇', '攻略', '早茶', '沙溪镇', '海鲜', '石岐区', '自然风光', '购物', '黄圃镇']
      来源: food/food\zhongshan_restaurants.md
      内容: 中山的早茶人均30到50块，基本是广州的三分之一价格，爱群食店6点开门建议8点前到免排队，周一和周四点心还打8折。乳鸽认准12到13天的妙龄鸽，石岐佬建议工作日11点前或17点前到，周末排队至少半小时。省钱吃法：早茶30到50一个人，乳鸽专门店60到80，海鲜大餐100到150。东升镇的脆肉鲩最正宗，沙溪镇的隆都菜最地道，石岐区的乳鸽最集中。三乡濑粉源于清嘉庆年间有200多年历史，上汤是灵魂要放烧鹅和叉烧。小榄菊花会每年11月下旬到12月举行，以菊入馔是中山独有文化。黄圃镇的腊味可以真空包装带回家，煲仔饭放几片腊肠满分。

  [2] 旅游避坑和实用建议
      综合得分: 0.4899  (向量:0.1899 + 关键词:0.1500 + 标签:0.1500)
      标签: ['东升镇', '乳鸽', '五桂山街道', '交通出行', '住宿', '南朗街道', '历史文化', '小榄镇', '攻略', '海鲜', '温泉', '神湾镇', '翠亨新区', '自然风光']
      来源: general/general\zhongshan_travel.md
      内容: 最佳旅行时间是每年10到12月的秋季和3到5月的春季，气温最舒适。夏天6到9月高温多雨还有台风，出行注意天气预报。冬天1到2月湿冷但游客少。3到4月是回南天特别潮湿衣服多带两件。
什么季节吃什么也有讲究：10到12月乳鸽最肥美，11月小榄菊花会品菊花宴，3到5月脆肉鲩最鲜，5到8月吃荔枝菌，10到11月吃神湾菠萝。
有几个景点必须提前预约别跑空——孙中山故居纪念馆要在公众号预约，中山市博物馆要在文旅中山公众号预约，翠亨国家湿地公园也要预约。三个都是周一闭馆。节假日人流量大建议提前2到3天约好。
防坑方面：景区周边的三轮车摩的不要坐价格虚高不安全，叫网约车最靠谱。部分餐厅会推荐高价海鲜点菜前一定

================================================================================
[2026-05-30 15:59:33] 查询: 步行232米 差评 刷评 避坑 贵 排队
耗时: 568.6 ms | 命中数: 2 | 阈值: 0.3
--------------------------------------------------------------------------------

  [1] 旅游避坑和实用建议
      综合得分: 0.4889  (向量:0.1889 + 关键词:0.1500 + 标签:0.1500)
      标签: ['东升镇', '乳鸽', '五桂山街道', '交通出行', '住宿', '南朗街道', '历史文化', '小榄镇', '攻略', '海鲜', '温泉', '神湾镇', '翠亨新区', '自然风光']
      来源: general/general\zhongshan_travel.md
      内容: 最佳旅行时间是每年10到12月的秋季和3到5月的春季，气温最舒适。夏天6到9月高温多雨还有台风，出行注意天气预报。冬天1到2月湿冷但游客少。3到4月是回南天特别潮湿衣服多带两件。
什么季节吃什么也有讲究：10到12月乳鸽最肥美，11月小榄菊花会品菊花宴，3到5月脆肉鲩最鲜，5到8月吃荔枝菌，10到11月吃神湾菠萝。
有几个景点必须提前预约别跑空——孙中山故居纪念馆要在公众号预约，中山市博物馆要在文旅中山公众号预约，翠亨国家湿地公园也要预约。三个都是周一闭馆。节假日人流量大建议提前2到3天约好。
防坑方面：景区周边的三轮车摩的不要坐价格虚高不安全，叫网约车最靠谱。部分餐厅会推荐高价海鲜点菜前一定

  [2] 周末遛弯（半天闲逛+随便吃点）
      综合得分: 0.4526  (向量:0.2726 + 关键词:0.0300 + 标签:0.1500)
      标签: ['五桂山街道', '交通出行', '南朗街道', '历史文化', '咖啡', '小吃', '攻略', '石岐区', '自然风光', '西区', '购物']
      来源: food/food\scene_guide.md
      内容: - 优先级：顺路 > 轻松 > 不排队
- 推荐类型：街边小吃、咖啡馆、面包店
- 人均预算：30-60元
- 搜关键词：咖啡、小吃、骑楼、老街、公园
- 中山最佳遛弯路线：
  - 石岐老城线：孙文西路→香山商业文化博物馆→白水井大街吃满足面/顺柚记→岐江公园→烟墩山看日落→兴中广场（全程步行）
  - 崖口稻田线：崖口村稻田→向云端咖啡(25元)→崖口云吞(15元)→东堤海景路骑行→煲仔饭(30元)
  - 五桂山户外线：逍遥谷→旗溪村鸡煲→桂南村不荒樟咖啡(28元)

================================================================================
[2026-05-30 16:01:08] 查询: 013路/003路直达线 差评 刷评 避坑 贵 排队
耗时: 683.5 ms | 命中数: 2 | 阈值: 0.3
--------------------------------------------------------------------------------

  [1] 避坑和实用贴士
      综合得分: 0.4792  (向量:0.1192 + 关键词:0.2100 + 标签:0.1500)
      标签: ['三乡镇', '东升镇', '乳鸽', '历史文化', '小吃', '小榄镇', '攻略', '早茶', '沙溪镇', '海鲜', '石岐区', '自然风光', '购物', '黄圃镇']
      来源: food/food\zhongshan_restaurants.md
      内容: 中山的早茶人均30到50块，基本是广州的三分之一价格，爱群食店6点开门建议8点前到免排队，周一和周四点心还打8折。乳鸽认准12到13天的妙龄鸽，石岐佬建议工作日11点前或17点前到，周末排队至少半小时。省钱吃法：早茶30到50一个人，乳鸽专门店60到80，海鲜大餐100到150。东升镇的脆肉鲩最正宗，沙溪镇的隆都菜最地道，石岐区的乳鸽最集中。三乡濑粉源于清嘉庆年间有200多年历史，上汤是灵魂要放烧鹅和叉烧。小榄菊花会每年11月下旬到12月举行，以菊入馔是中山独有文化。黄圃镇的腊味可以真空包装带回家，煲仔饭放几片腊肠满分。

  [2] 旅游避坑和实用建议
      综合得分: 0.4027  (向量:0.1027 + 关键词:0.1500 + 标签:0.1500)
      标签: ['东升镇', '乳鸽', '五桂山街道', '交通出行', '住宿', '南朗街道', '历史文化', '小榄镇', '攻略', '海鲜', '温泉', '神湾镇', '翠亨新区', '自然风光']
      来源: general/general\zhongshan_travel.md
      内容: 最佳旅行时间是每年10到12月的秋季和3到5月的春季，气温最舒适。夏天6到9月高温多雨还有台风，出行注意天气预报。冬天1到2月湿冷但游客少。3到4月是回南天特别潮湿衣服多带两件。
什么季节吃什么也有讲究：10到12月乳鸽最肥美，11月小榄菊花会品菊花宴，3到5月脆肉鲩最鲜，5到8月吃荔枝菌，10到11月吃神湾菠萝。
有几个景点必须提前预约别跑空——孙中山故居纪念馆要在公众号预约，中山市博物馆要在文旅中山公众号预约，翠亨国家湿地公园也要预约。三个都是周一闭馆。节假日人流量大建议提前2到3天约好。
防坑方面：景区周边的三轮车摩的不要坐价格虚高不安全，叫网约车最靠谱。部分餐厅会推荐高价海鲜点菜前一定

================================================================================
[2026-05-30 16:01:09] 查询: 步行116米 差评 刷评 避坑 贵 排队
耗时: 689.5 ms | 命中数: 2 | 阈值: 0.3
--------------------------------------------------------------------------------

  [1] 避坑和实用贴士
      综合得分: 0.5081  (向量:0.1481 + 关键词:0.2100 + 标签:0.1500)
      标签: ['三乡镇', '东升镇', '乳鸽', '历史文化', '小吃', '小榄镇', '攻略', '早茶', '沙溪镇', '海鲜', '石岐区', '自然风光', '购物', '黄圃镇']
      来源: food/food\zhongshan_restaurants.md
      内容: 中山的早茶人均30到50块，基本是广州的三分之一价格，爱群食店6点开门建议8点前到免排队，周一和周四点心还打8折。乳鸽认准12到13天的妙龄鸽，石岐佬建议工作日11点前或17点前到，周末排队至少半小时。省钱吃法：早茶30到50一个人，乳鸽专门店60到80，海鲜大餐100到150。东升镇的脆肉鲩最正宗，沙溪镇的隆都菜最地道，石岐区的乳鸽最集中。三乡濑粉源于清嘉庆年间有200多年历史，上汤是灵魂要放烧鹅和叉烧。小榄菊花会每年11月下旬到12月举行，以菊入馔是中山独有文化。黄圃镇的腊味可以真空包装带回家，煲仔饭放几片腊肠满分。

  [2] 旅游避坑和实用建议
      综合得分: 0.5012  (向量:0.2012 + 关键词:0.1500 + 标签:0.1500)
      标签: ['东升镇', '乳鸽', '五桂山街道', '交通出行', '住宿', '南朗街道', '历史文化', '小榄镇', '攻略', '海鲜', '温泉', '神湾镇', '翠亨新区', '自然风光']
      来源: general/general\zhongshan_travel.md
      内容: 最佳旅行时间是每年10到12月的秋季和3到5月的春季，气温最舒适。夏天6到9月高温多雨还有台风，出行注意天气预报。冬天1到2月湿冷但游客少。3到4月是回南天特别潮湿衣服多带两件。
什么季节吃什么也有讲究：10到12月乳鸽最肥美，11月小榄菊花会品菊花宴，3到5月脆肉鲩最鲜，5到8月吃荔枝菌，10到11月吃神湾菠萝。
有几个景点必须提前预约别跑空——孙中山故居纪念馆要在公众号预约，中山市博物馆要在文旅中山公众号预约，翠亨国家湿地公园也要预约。三个都是周一闭馆。节假日人流量大建议提前2到3天约好。
防坑方面：景区周边的三轮车摩的不要坐价格虚高不安全，叫网约车最靠谱。部分餐厅会推荐高价海鲜点菜前一定

================================================================================
[2026-05-30 16:01:09] 查询: 乘坐013路（星晨桥东方方向） 差评 刷评 避坑 贵 排队
耗时: 476.8 ms | 命中数: 2 | 阈值: 0.3
--------------------------------------------------------------------------------

  [1] 避坑和实用贴士
      综合得分: 0.5439  (向量:0.1839 + 关键词:0.2100 + 标签:0.1500)
      标签: ['三乡镇', '东升镇', '乳鸽', '历史文化', '小吃', '小榄镇', '攻略', '早茶', '沙溪镇', '海鲜', '石岐区', '自然风光', '购物', '黄圃镇']
      来源: food/food\zhongshan_restaurants.md
      内容: 中山的早茶人均30到50块，基本是广州的三分之一价格，爱群食店6点开门建议8点前到免排队，周一和周四点心还打8折。乳鸽认准12到13天的妙龄鸽，石岐佬建议工作日11点前或17点前到，周末排队至少半小时。省钱吃法：早茶30到50一个人，乳鸽专门店60到80，海鲜大餐100到150。东升镇的脆肉鲩最正宗，沙溪镇的隆都菜最地道，石岐区的乳鸽最集中。三乡濑粉源于清嘉庆年间有200多年历史，上汤是灵魂要放烧鹅和叉烧。小榄菊花会每年11月下旬到12月举行，以菊入馔是中山独有文化。黄圃镇的腊味可以真空包装带回家，煲仔饭放几片腊肠满分。

  [2] 旅游避坑和实用建议
      综合得分: 0.4870  (向量:0.1870 + 关键词:0.1500 + 标签:0.1500)
      标签: ['东升镇', '乳鸽', '五桂山街道', '交通出行', '住宿', '南朗街道', '历史文化', '小榄镇', '攻略', '海鲜', '温泉', '神湾镇', '翠亨新区', '自然风光']
      来源: general/general\zhongshan_travel.md
      内容: 最佳旅行时间是每年10到12月的秋季和3到5月的春季，气温最舒适。夏天6到9月高温多雨还有台风，出行注意天气预报。冬天1到2月湿冷但游客少。3到4月是回南天特别潮湿衣服多带两件。
什么季节吃什么也有讲究：10到12月乳鸽最肥美，11月小榄菊花会品菊花宴，3到5月脆肉鲩最鲜，5到8月吃荔枝菌，10到11月吃神湾菠萝。
有几个景点必须提前预约别跑空——孙中山故居纪念馆要在公众号预约，中山市博物馆要在文旅中山公众号预约，翠亨国家湿地公园也要预约。三个都是周一闭馆。节假日人流量大建议提前2到3天约好。
防坑方面：景区周边的三轮车摩的不要坐价格虚高不安全，叫网约车最靠谱。部分餐厅会推荐高价海鲜点菜前一定

================================================================================
[2026-05-30 19:14:39] 查询: 紫马岭公园到中山纪念图书馆 路线规划
耗时: 851.2 ms | 命中数: 6 | 阈值: 0.3
--------------------------------------------------------------------------------

  [1] 中山市博物馆 — 2022年新馆，设计感超强
      综合得分: 0.8331  (向量:0.5331 + 关键词:0.0000 + 标签:0.3000)
      标签: ['历史文化', '攻略', '石岐区', '网红打卡', '自然风光']
      来源: general/general\zhongshan_travel.md
      内容: 在石岐区孙文中路197号，2022年新馆开放后成了中山新的文化地标。里面有三个常设展览：中山历史陈列、中山华侨历史、中山非物质文化遗产。最受欢迎的是一比一还原的民国街道场景，拍照非常出片。免费但要提前在"文旅中山"公众号预约，开放时间9点到下午5点，周一闭馆。

  [2] 孙中山故里旅游区 — 5A景区，中山最核心的文化地标
      综合得分: 0.7801  (向量:0.4801 + 关键词:0.0000 + 标签:0.3000)
      标签: ['交通出行', '南朗街道', '历史文化', '攻略', '网红打卡', '自然风光']
      来源: general/general\zhongshan_travel.md
      内容: 这个景区在南朗街道翠亨村，翠亨大道93号，是中山唯一的5A级景区。整个旅游区包括孙中山故居纪念馆、中山影视城、辛亥革命纪念公园和犁头尖山几个部分。故居纪念馆是免费的，但要在孙中山故居纪念馆公众号上提前预约。影视城单独收费65块。开放时间是早上9点到下午5点半，周一闭馆（节假日正常开放），千万别周一跑来吃闭门羹。
孙中山故居本身是1892年孙中山亲自设计建造的二层砖木结构楼房，红墙绿瓦中西合璧的风格，里面展示了孙中山出生和成长的环境。门口那棵酸子树是孙中山1883年从檀香山带回来的树种，活到现在也是个奇迹。交通方面，坐广珠城轨到南朗站下车转公交就能到，自驾的话停车也方便。
中山影视城就在故居旁边

  [3] 金钟水库和树木园 — 中山人周末最爱去的城市绿肺
      综合得分: 0.7199  (向量:0.4199 + 关键词:0.0000 + 标签:0.3000)
      标签: ['东区', '交通出行', '南区', '攻略', '烧烤', '自然风光']
      来源: general/general\zhongshan_travel.md
      内容: 金钟水库在东区新安村，绕水库一圈大概12公里全程绿道，有专门的自行车道，可以租车骑行（约20块一小时），也有烧烤场。环境清幽湖水碧绿，节假日人多建议早上去。树木园在南区南外环路，和金钟水库不同，这里以植物科普为主，有竹园木兰园等专类园区，绿道平缓适合老人小孩。

  [4] 周末遛弯（半天闲逛+随便吃点）
      综合得分: 0.7017  (向量:0.4017 + 关键词:0.0000 + 标签:0.3000)
      标签: ['五桂山街道', '交通出行', '南朗街道', '历史文化', '咖啡', '小吃', '攻略', '石岐区', '自然风光', '西区', '购物']
      来源: food/food\scene_guide.md
      内容: - 优先级：顺路 > 轻松 > 不排队
- 推荐类型：街边小吃、咖啡馆、面包店
- 人均预算：30-60元
- 搜关键词：咖啡、小吃、骑楼、老街、公园
- 中山最佳遛弯路线：
  - 石岐老城线：孙文西路→香山商业文化博物馆→白水井大街吃满足面/顺柚记→岐江公园→烟墩山看日落→兴中广场（全程步行）
  - 崖口稻田线：崖口村稻田→向云端咖啡(25元)→崖口云吞(15元)→东堤海景路骑行→煲仔饭(30元)
  - 五桂山户外线：逍遥谷→旗溪村鸡煲→桂南村不荒樟咖啡(28元)

  [5] 带朋友吃遍中山（有好吃的要分享）
      综合得分: 0.6699  (向量:0.3699 + 关键词:0.0000 + 标签:0.3000)
      标签: ['三乡镇', '东升镇', '乳鸽', '小吃', '小榄镇', '攻略', '早茶', '海鲜', '石岐区', '自然风光']
      来源: food/food\scene_guide.md
      内容: - 优先级：体验感 > 特色 > 价格
- 推荐类型：中山地标美食全覆盖
- 人均预算：100-200元（一天）
- 必吃路线：早茶爱群食店→石岐佬乳鸽→崖口煲仔饭→三乡濑粉→小榄炸鱼球→东升脆肉鲩
- 搜索关键词：乳鸽、早茶、濑粉、脆肉鲩、炸鱼球、海鲜

  [6] 深中通道 — 2024年通车，彻底改变了中山的区位格局
      综合得分: 0.6205  (向量:0.4705 + 关键词:0.0000 + 标签:0.1500)
      标签: ['交通出行', '住宿', '南朗街道', '宵夜', '网红打卡', '翠亨新区', '自然风光', '购物']
      来源: general/general\zhongshan_travel.md
      内容: 这绝对是中山近年来最大的交通事件。深中通道2024年6月30日正式通车，全长24公里，是把桥、岛、隧、水下互通集合在一起的世界级超级工程。现在从深圳宝安机场到中山马鞍岛只要30分钟左右，从深圳南山到中山市区大概50分钟。双向8车道，限速100公里每小时。目前暂时免收通行费。
跨市公交也同步开通了。深中001路从深圳前海梦工场北区到中山博览中心，约50分钟票价18元；深中002路从深圳前海到中山国际酒店票价15元。运营时间大概是早上6点半到晚上9点，早晚高峰15分钟一班。微信小程序搜"深中跨市公交"可以查实时班次和买票。自驾的话导航设马鞍岛或者南朗出口，深中通道走到头走翠亨快线15分钟就到南朗了

================================================================================
[2026-05-30 19:16:31] 查询: 公交方案（推荐B19路） 差评 刷评 避坑 贵 排队
耗时: 663.9 ms | 命中数: 2 | 阈值: 0.3
--------------------------------------------------------------------------------

  [1] 旅游避坑和实用建议
      综合得分: 0.6984  (向量:0.2484 + 关键词:0.1500 + 标签:0.3000)
      标签: ['东升镇', '乳鸽', '五桂山街道', '交通出行', '住宿', '南朗街道', '历史文化', '小榄镇', '攻略', '海鲜', '温泉', '神湾镇', '翠亨新区', '自然风光']
      来源: general/general\zhongshan_travel.md
      内容: 最佳旅行时间是每年10到12月的秋季和3到5月的春季，气温最舒适。夏天6到9月高温多雨还有台风，出行注意天气预报。冬天1到2月湿冷但游客少。3到4月是回南天特别潮湿衣服多带两件。
什么季节吃什么也有讲究：10到12月乳鸽最肥美，11月小榄菊花会品菊花宴，3到5月脆肉鲩最鲜，5到8月吃荔枝菌，10到11月吃神湾菠萝。
有几个景点必须提前预约别跑空——孙中山故居纪念馆要在公众号预约，中山市博物馆要在文旅中山公众号预约，翠亨国家湿地公园也要预约。三个都是周一闭馆。节假日人流量大建议提前2到3天约好。
防坑方面：景区周边的三轮车摩的不要坐价格虚高不安全，叫网约车最靠谱。部分餐厅会推荐高价海鲜点菜前一定

  [2] 周末遛弯（半天闲逛+随便吃点）
      综合得分: 0.5463  (向量:0.2163 + 关键词:0.0300 + 标签:0.3000)
      标签: ['五桂山街道', '交通出行', '南朗街道', '历史文化', '咖啡', '小吃', '攻略', '石岐区', '自然风光', '西区', '购物']
      来源: food/food\scene_guide.md
      内容: - 优先级：顺路 > 轻松 > 不排队
- 推荐类型：街边小吃、咖啡馆、面包店
- 人均预算：30-60元
- 搜关键词：咖啡、小吃、骑楼、老街、公园
- 中山最佳遛弯路线：
  - 石岐老城线：孙文西路→香山商业文化博物馆→白水井大街吃满足面/顺柚记→岐江公园→烟墩山看日落→兴中广场（全程步行）
  - 崖口稻田线：崖口村稻田→向云端咖啡(25元)→崖口云吞(15元)→东堤海景路骑行→煲仔饭(30元)
  - 五桂山户外线：逍遥谷→旗溪村鸡煲→桂南村不荒樟咖啡(28元)

================================================================================
[2026-05-30 19:16:32] 查询: 总耗时 差评 刷评 避坑 贵 排队
耗时: 489.5 ms | 命中数: 2 | 阈值: 0.3
--------------------------------------------------------------------------------

  [1] 避坑和实用贴士
      综合得分: 0.5057  (向量:0.1457 + 关键词:0.2100 + 标签:0.1500)
      标签: ['三乡镇', '东升镇', '乳鸽', '历史文化', '小吃', '小榄镇', '攻略', '早茶', '沙溪镇', '海鲜', '石岐区', '自然风光', '购物', '黄圃镇']
      来源: food/food\zhongshan_restaurants.md
      内容: 中山的早茶人均30到50块，基本是广州的三分之一价格，爱群食店6点开门建议8点前到免排队，周一和周四点心还打8折。乳鸽认准12到13天的妙龄鸽，石岐佬建议工作日11点前或17点前到，周末排队至少半小时。省钱吃法：早茶30到50一个人，乳鸽专门店60到80，海鲜大餐100到150。东升镇的脆肉鲩最正宗，沙溪镇的隆都菜最地道，石岐区的乳鸽最集中。三乡濑粉源于清嘉庆年间有200多年历史，上汤是灵魂要放烧鹅和叉烧。小榄菊花会每年11月下旬到12月举行，以菊入馔是中山独有文化。黄圃镇的腊味可以真空包装带回家，煲仔饭放几片腊肠满分。

  [2] 旅游避坑和实用建议
      综合得分: 0.4541  (向量:0.1541 + 关键词:0.1500 + 标签:0.1500)
      标签: ['东升镇', '乳鸽', '五桂山街道', '交通出行', '住宿', '南朗街道', '历史文化', '小榄镇', '攻略', '海鲜', '温泉', '神湾镇', '翠亨新区', '自然风光']
      来源: general/general\zhongshan_travel.md
      内容: 最佳旅行时间是每年10到12月的秋季和3到5月的春季，气温最舒适。夏天6到9月高温多雨还有台风，出行注意天气预报。冬天1到2月湿冷但游客少。3到4月是回南天特别潮湿衣服多带两件。
什么季节吃什么也有讲究：10到12月乳鸽最肥美，11月小榄菊花会品菊花宴，3到5月脆肉鲩最鲜，5到8月吃荔枝菌，10到11月吃神湾菠萝。
有几个景点必须提前预约别跑空——孙中山故居纪念馆要在公众号预约，中山市博物馆要在文旅中山公众号预约，翠亨国家湿地公园也要预约。三个都是周一闭馆。节假日人流量大建议提前2到3天约好。
防坑方面：景区周边的三轮车摩的不要坐价格虚高不安全，叫网约车最靠谱。部分餐厅会推荐高价海鲜点菜前一定

================================================================================
[2026-05-30 19:16:32] 查询: 距离 差评 刷评 避坑 贵 排队
耗时: 510.3 ms | 命中数: 2 | 阈值: 0.3
--------------------------------------------------------------------------------

  [1] 避坑和实用贴士
      综合得分: 0.5070  (向量:0.1470 + 关键词:0.2100 + 标签:0.1500)
      标签: ['三乡镇', '东升镇', '乳鸽', '历史文化', '小吃', '小榄镇', '攻略', '早茶', '沙溪镇', '海鲜', '石岐区', '自然风光', '购物', '黄圃镇']
      来源: food/food\zhongshan_restaurants.md
      内容: 中山的早茶人均30到50块，基本是广州的三分之一价格，爱群食店6点开门建议8点前到免排队，周一和周四点心还打8折。乳鸽认准12到13天的妙龄鸽，石岐佬建议工作日11点前或17点前到，周末排队至少半小时。省钱吃法：早茶30到50一个人，乳鸽专门店60到80，海鲜大餐100到150。东升镇的脆肉鲩最正宗，沙溪镇的隆都菜最地道，石岐区的乳鸽最集中。三乡濑粉源于清嘉庆年间有200多年历史，上汤是灵魂要放烧鹅和叉烧。小榄菊花会每年11月下旬到12月举行，以菊入馔是中山独有文化。黄圃镇的腊味可以真空包装带回家，煲仔饭放几片腊肠满分。

  [2] 旅游避坑和实用建议
      综合得分: 0.4326  (向量:0.1326 + 关键词:0.1500 + 标签:0.1500)
      标签: ['东升镇', '乳鸽', '五桂山街道', '交通出行', '住宿', '南朗街道', '历史文化', '小榄镇', '攻略', '海鲜', '温泉', '神湾镇', '翠亨新区', '自然风光']
      来源: general/general\zhongshan_travel.md
      内容: 最佳旅行时间是每年10到12月的秋季和3到5月的春季，气温最舒适。夏天6到9月高温多雨还有台风，出行注意天气预报。冬天1到2月湿冷但游客少。3到4月是回南天特别潮湿衣服多带两件。
什么季节吃什么也有讲究：10到12月乳鸽最肥美，11月小榄菊花会品菊花宴，3到5月脆肉鲩最鲜，5到8月吃荔枝菌，10到11月吃神湾菠萝。
有几个景点必须提前预约别跑空——孙中山故居纪念馆要在公众号预约，中山市博物馆要在文旅中山公众号预约，翠亨国家湿地公园也要预约。三个都是周一闭馆。节假日人流量大建议提前2到3天约好。
防坑方面：景区周边的三轮车摩的不要坐价格虚高不安全，叫网约车最靠谱。部分餐厅会推荐高价海鲜点菜前一定

================================================================================
[2026-05-30 19:32:58] 查询: 打车方案（推荐） 差评 刷评 避坑 贵 排队
耗时: 733.7 ms | 命中数: 2 | 阈值: 0.3
--------------------------------------------------------------------------------

  [1] 旅游避坑和实用建议
      综合得分: 0.7302  (向量:0.2802 + 关键词:0.1500 + 标签:0.3000)
      标签: ['东升镇', '乳鸽', '五桂山街道', '交通出行', '住宿', '南朗街道', '历史文化', '小榄镇', '攻略', '海鲜', '温泉', '神湾镇', '翠亨新区', '自然风光']
      来源: general/general\zhongshan_travel.md
      内容: 最佳旅行时间是每年10到12月的秋季和3到5月的春季，气温最舒适。夏天6到9月高温多雨还有台风，出行注意天气预报。冬天1到2月湿冷但游客少。3到4月是回南天特别潮湿衣服多带两件。
什么季节吃什么也有讲究：10到12月乳鸽最肥美，11月小榄菊花会品菊花宴，3到5月脆肉鲩最鲜，5到8月吃荔枝菌，10到11月吃神湾菠萝。
有几个景点必须提前预约别跑空——孙中山故居纪念馆要在公众号预约，中山市博物馆要在文旅中山公众号预约，翠亨国家湿地公园也要预约。三个都是周一闭馆。节假日人流量大建议提前2到3天约好。
防坑方面：景区周边的三轮车摩的不要坐价格虚高不安全，叫网约车最靠谱。部分餐厅会推荐高价海鲜点菜前一定

  [2] 周末遛弯（半天闲逛+随便吃点）
      综合得分: 0.5952  (向量:0.2652 + 关键词:0.0300 + 标签:0.3000)
      标签: ['五桂山街道', '交通出行', '南朗街道', '历史文化', '咖啡', '小吃', '攻略', '石岐区', '自然风光', '西区', '购物']
      来源: food/food\scene_guide.md
      内容: - 优先级：顺路 > 轻松 > 不排队
- 推荐类型：街边小吃、咖啡馆、面包店
- 人均预算：30-60元
- 搜关键词：咖啡、小吃、骑楼、老街、公园
- 中山最佳遛弯路线：
  - 石岐老城线：孙文西路→香山商业文化博物馆→白水井大街吃满足面/顺柚记→岐江公园→烟墩山看日落→兴中广场（全程步行）
  - 崖口稻田线：崖口村稻田→向云端咖啡(25元)→崖口云吞(15元)→东堤海景路骑行→煲仔饭(30元)
  - 五桂山户外线：逍遥谷→旗溪村鸡煲→桂南村不荒樟咖啡(28元)

================================================================================
[2026-05-30 19:32:58] 查询: 距离 差评 刷评 避坑 贵 排队
耗时: 456.9 ms | 命中数: 2 | 阈值: 0.3
--------------------------------------------------------------------------------

  [1] 避坑和实用贴士
      综合得分: 0.5070  (向量:0.1470 + 关键词:0.2100 + 标签:0.1500)
      标签: ['三乡镇', '东升镇', '乳鸽', '历史文化', '小吃', '小榄镇', '攻略', '早茶', '沙溪镇', '海鲜', '石岐区', '自然风光', '购物', '黄圃镇']
      来源: food/food\zhongshan_restaurants.md
      内容: 中山的早茶人均30到50块，基本是广州的三分之一价格，爱群食店6点开门建议8点前到免排队，周一和周四点心还打8折。乳鸽认准12到13天的妙龄鸽，石岐佬建议工作日11点前或17点前到，周末排队至少半小时。省钱吃法：早茶30到50一个人，乳鸽专门店60到80，海鲜大餐100到150。东升镇的脆肉鲩最正宗，沙溪镇的隆都菜最地道，石岐区的乳鸽最集中。三乡濑粉源于清嘉庆年间有200多年历史，上汤是灵魂要放烧鹅和叉烧。小榄菊花会每年11月下旬到12月举行，以菊入馔是中山独有文化。黄圃镇的腊味可以真空包装带回家，煲仔饭放几片腊肠满分。

  [2] 旅游避坑和实用建议
      综合得分: 0.4326  (向量:0.1326 + 关键词:0.1500 + 标签:0.1500)
      标签: ['东升镇', '乳鸽', '五桂山街道', '交通出行', '住宿', '南朗街道', '历史文化', '小榄镇', '攻略', '海鲜', '温泉', '神湾镇', '翠亨新区', '自然风光']
      来源: general/general\zhongshan_travel.md
      内容: 最佳旅行时间是每年10到12月的秋季和3到5月的春季，气温最舒适。夏天6到9月高温多雨还有台风，出行注意天气预报。冬天1到2月湿冷但游客少。3到4月是回南天特别潮湿衣服多带两件。
什么季节吃什么也有讲究：10到12月乳鸽最肥美，11月小榄菊花会品菊花宴，3到5月脆肉鲩最鲜，5到8月吃荔枝菌，10到11月吃神湾菠萝。
有几个景点必须提前预约别跑空——孙中山故居纪念馆要在公众号预约，中山市博物馆要在文旅中山公众号预约，翠亨国家湿地公园也要预约。三个都是周一闭馆。节假日人流量大建议提前2到3天约好。
防坑方面：景区周边的三轮车摩的不要坐价格虚高不安全，叫网约车最靠谱。部分餐厅会推荐高价海鲜点菜前一定

================================================================================
[2026-05-30 19:32:59] 查询: 预估时间 差评 刷评 避坑 贵 排队
耗时: 537.4 ms | 命中数: 2 | 阈值: 0.3
--------------------------------------------------------------------------------

  [1] 旅游避坑和实用建议
      综合得分: 0.5093  (向量:0.2093 + 关键词:0.1500 + 标签:0.1500)
      标签: ['东升镇', '乳鸽', '五桂山街道', '交通出行', '住宿', '南朗街道', '历史文化', '小榄镇', '攻略', '海鲜', '温泉', '神湾镇', '翠亨新区', '自然风光']
      来源: general/general\zhongshan_travel.md
      内容: 最佳旅行时间是每年10到12月的秋季和3到5月的春季，气温最舒适。夏天6到9月高温多雨还有台风，出行注意天气预报。冬天1到2月湿冷但游客少。3到4月是回南天特别潮湿衣服多带两件。
什么季节吃什么也有讲究：10到12月乳鸽最肥美，11月小榄菊花会品菊花宴，3到5月脆肉鲩最鲜，5到8月吃荔枝菌，10到11月吃神湾菠萝。
有几个景点必须提前预约别跑空——孙中山故居纪念馆要在公众号预约，中山市博物馆要在文旅中山公众号预约，翠亨国家湿地公园也要预约。三个都是周一闭馆。节假日人流量大建议提前2到3天约好。
防坑方面：景区周边的三轮车摩的不要坐价格虚高不安全，叫网约车最靠谱。部分餐厅会推荐高价海鲜点菜前一定

  [2] 避坑和实用贴士
      综合得分: 0.5030  (向量:0.1430 + 关键词:0.2100 + 标签:0.1500)
      标签: ['三乡镇', '东升镇', '乳鸽', '历史文化', '小吃', '小榄镇', '攻略', '早茶', '沙溪镇', '海鲜', '石岐区', '自然风光', '购物', '黄圃镇']
      来源: food/food\zhongshan_restaurants.md
      内容: 中山的早茶人均30到50块，基本是广州的三分之一价格，爱群食店6点开门建议8点前到免排队，周一和周四点心还打8折。乳鸽认准12到13天的妙龄鸽，石岐佬建议工作日11点前或17点前到，周末排队至少半小时。省钱吃法：早茶30到50一个人，乳鸽专门店60到80，海鲜大餐100到150。东升镇的脆肉鲩最正宗，沙溪镇的隆都菜最地道，石岐区的乳鸽最集中。三乡濑粉源于清嘉庆年间有200多年历史，上汤是灵魂要放烧鹅和叉烧。小榄菊花会每年11月下旬到12月举行，以菊入馔是中山独有文化。黄圃镇的腊味可以真空包装带回家，煲仔饭放几片腊肠满分。

================================================================================
[2026-05-30 19:33:51] 查询: 中山纪念图书馆 紫马岭下街4号 安逸住宿 路线规划
耗时: 642.6 ms | 命中数: 6 | 阈值: 0.3
--------------------------------------------------------------------------------

  [1] 市内酒店推荐 — 从五星到性价比
      综合得分: 0.6845  (向量:0.3845 + 关键词:0.0000 + 标签:0.3000)
      标签: ['三乡镇', '东区', '亲子', '住宿', '历史文化', '温泉', '石岐区', '自然风光', '购物']
      来源: general/general\zhongshan_travel.md
      内容: 中山利和希尔顿在石岐区中山三路16号，60层的城市地标，顶楼有360度城市观景台夜景绝美。楼顶还有Stop Here手工精酿啤酒吧，号称全球最高海拔之一。隔壁就是利和广场购物中心位置绝佳，700到1800一晚。中山名座假日酒店在三乡镇，是三乡温泉区的高性价比选择，500到1200一晚，有室内外温泉泡池和儿童水上乐园亲子首选，周边郑观应故居罗三妹山都在10分钟车程内。

  [2] 中山温泉宾馆和罗三妹山 — 邓小平1984年下榻的地方
      综合得分: 0.6780  (向量:0.3780 + 关键词:0.0000 + 标签:0.3000)
      标签: ['三乡镇', '住宿', '历史文化', '咖啡', '海鲜', '温泉', '自然风光']
      来源: general/general\zhongshan_travel.md
      内容: 中山温泉宾馆在三乡镇雍陌村迎宾三路，1980年开业，是中国第一家合资酒店，老牌五星。最有名的是1984年邓小平在这里下榻并题词"不走回头路"。天然温泉泉眼水温93度，48个泡池分布在岭南园林之中——水滑洗凝脂是真的。住一晚600到1500块，西餐厅自助晚餐有烤生蚝和三文鱼。旁边的罗三妹山是邓小平主题公园，有邓小平铜像，"不走回头路"的典故就出自这里。郑观应故居也在雍陌村，离温泉宾馆步行10分钟，盛世危言作者的出生地，清末岭南民居建筑保存完好。雍陌村里还有希望咖啡（开在华侨楼里）和美宿雍陌民宿（闲置老宅改造）。

  [3] 中山的特色民宿 — 2024年爆发式增长
      综合得分: 0.6598  (向量:0.3598 + 关键词:0.0000 + 标签:0.3000)
      标签: ['三乡镇', '五桂山街道', '住宿', '南朗街道', '咖啡', '情侣', '自然风光']
      来源: general/general\zhongshan_travel.md
      内容: 崖口村的禾田香野民宿开窗就是千亩稻田，350到700一晚，一层咖啡厅对外开放。原野之上原野之居在五桂山桂南村，竹海环绕木屋别墅风格，私密性强适合情侣度假，500到1000一晚，去逍遥谷只要5分钟。蝉意民枫民宿在五桂山深处，中式庭院围炉煮茶避世首选，500到900一晚。竹衣闲庭民宿在五桂山旗溪村，客家风情后山竹林可挖竹笋，300到650一晚。三乡镇的东街里和集在古鹤村，集民宿手作艺术展览于一体，400到800一晚。枫江别苑民宿在崖口村，水乡庭院院中有棵大树晚上乘凉喝茶看星星，350到700一晚。美宿雍陌在三乡镇雍陌村，闲置老宅改造的青砖灰瓦古色古香，300到600一晚。

  [4] 周末遛弯（半天闲逛+随便吃点）
      综合得分: 0.6480  (向量:0.3480 + 关键词:0.0000 + 标签:0.3000)
      标签: ['五桂山街道', '交通出行', '南朗街道', '历史文化', '咖啡', '小吃', '攻略', '石岐区', '自然风光', '西区', '购物']
      来源: food/food\scene_guide.md
      内容: - 优先级：顺路 > 轻松 > 不排队
- 推荐类型：街边小吃、咖啡馆、面包店
- 人均预算：30-60元
- 搜关键词：咖啡、小吃、骑楼、老街、公园
- 中山最佳遛弯路线：
  - 石岐老城线：孙文西路→香山商业文化博物馆→白水井大街吃满足面/顺柚记→岐江公园→烟墩山看日落→兴中广场（全程步行）
  - 崖口稻田线：崖口村稻田→向云端咖啡(25元)→崖口云吞(15元)→东堤海景路骑行→煲仔饭(30元)
  - 五桂山户外线：逍遥谷→旗溪村鸡煲→桂南村不荒樟咖啡(28元)

  [5] 中山市博物馆 — 2022年新馆，设计感超强
      综合得分: 0.6434  (向量:0.3434 + 关键词:0.0000 + 标签:0.3000)
      标签: ['历史文化', '攻略', '石岐区', '网红打卡', '自然风光']
      来源: general/general\zhongshan_travel.md
      内容: 在石岐区孙文中路197号，2022年新馆开放后成了中山新的文化地标。里面有三个常设展览：中山历史陈列、中山华侨历史、中山非物质文化遗产。最受欢迎的是一比一还原的民国街道场景，拍照非常出片。免费但要提前在"文旅中山"公众号预约，开放时间9点到下午5点，周一闭馆。

  [6] 深中通道 — 2024年通车，彻底改变了中山的区位格局
      综合得分: 0.6273  (向量:0.3273 + 关键词:0.0000 + 标签:0.3000)
      标签: ['交通出行', '住宿', '南朗街道', '宵夜', '网红打卡', '翠亨新区', '自然风光', '购物']
      来源: general/general\zhongshan_travel.md
      内容: 这绝对是中山近年来最大的交通事件。深中通道2024年6月30日正式通车，全长24公里，是把桥、岛、隧、水下互通集合在一起的世界级超级工程。现在从深圳宝安机场到中山马鞍岛只要30分钟左右，从深圳南山到中山市区大概50分钟。双向8车道，限速100公里每小时。目前暂时免收通行费。
跨市公交也同步开通了。深中001路从深圳前海梦工场北区到中山博览中心，约50分钟票价18元；深中002路从深圳前海到中山国际酒店票价15元。运营时间大概是早上6点半到晚上9点，早晚高峰15分钟一班。微信小程序搜"深中跨市公交"可以查实时班次和买票。自驾的话导航设马鞍岛或者南朗出口，深中通道走到头走翠亨快线15分钟就到南朗了

================================================================================
[2026-05-30 19:35:17] 查询: 🚌 公交方案（推荐BRT快速公交） 差评 刷评 避坑 贵 排队
耗时: 633.9 ms | 命中数: 2 | 阈值: 0.3
--------------------------------------------------------------------------------

  [1] 旅游避坑和实用建议
      综合得分: 0.7074  (向量:0.2574 + 关键词:0.1500 + 标签:0.3000)
      标签: ['东升镇', '乳鸽', '五桂山街道', '交通出行', '住宿', '南朗街道', '历史文化', '小榄镇', '攻略', '海鲜', '温泉', '神湾镇', '翠亨新区', '自然风光']
      来源: general/general\zhongshan_travel.md
      内容: 最佳旅行时间是每年10到12月的秋季和3到5月的春季，气温最舒适。夏天6到9月高温多雨还有台风，出行注意天气预报。冬天1到2月湿冷但游客少。3到4月是回南天特别潮湿衣服多带两件。
什么季节吃什么也有讲究：10到12月乳鸽最肥美，11月小榄菊花会品菊花宴，3到5月脆肉鲩最鲜，5到8月吃荔枝菌，10到11月吃神湾菠萝。
有几个景点必须提前预约别跑空——孙中山故居纪念馆要在公众号预约，中山市博物馆要在文旅中山公众号预约，翠亨国家湿地公园也要预约。三个都是周一闭馆。节假日人流量大建议提前2到3天约好。
防坑方面：景区周边的三轮车摩的不要坐价格虚高不安全，叫网约车最靠谱。部分餐厅会推荐高价海鲜点菜前一定

  [2] 中山市区交通和广珠城轨
      综合得分: 0.5800  (向量:0.4300 + 关键词:0.0000 + 标签:0.1500)
      标签: ['交通出行', '南朗街道', '古镇镇', '小榄镇', '火炬开发区', '石岐区', '自然风光', '西区']
      来源: general/general\zhongshan_travel.md
      内容: 中山市区景点集中在石岐老城区，范围不大，走路加共享单车加公交组合最划算。公交起步2块支持微信支付宝乘车码，BRT快速公交覆盖主要干道。网约车起步约8到10块市区内打车一般20到40。骑共享单车逛老城区很舒服，孙文西路岐江公园一带全程步行就行。
广珠城轨有五个站要看清楚——中山站（火炬开发区和东区交界停靠车次多）、中山北站（石岐区离老城区最近）、小榄站（西北部去古镇灯都）、南朗站（去孙中山故里和崖口村最近）、古镇站（灯都）。广州南站到中山站约30分钟票价40块，珠海站到中山站约25到30分钟票价35块。自驾的话广州过来走广珠西线高速约90分钟，珠海澳门过来经广澳高速约40分钟。

================================================================================
[2026-05-30 19:35:17] 查询: B19路（最优选） 差评 刷评 避坑 贵 排队
耗时: 528.9 ms | 命中数: 2 | 阈值: 0.3
--------------------------------------------------------------------------------

  [1] 避坑和实用贴士
      综合得分: 0.4633  (向量:0.1033 + 关键词:0.2100 + 标签:0.1500)
      标签: ['三乡镇', '东升镇', '乳鸽', '历史文化', '小吃', '小榄镇', '攻略', '早茶', '沙溪镇', '海鲜', '石岐区', '自然风光', '购物', '黄圃镇']
      来源: food/food\zhongshan_restaurants.md
      内容: 中山的早茶人均30到50块，基本是广州的三分之一价格，爱群食店6点开门建议8点前到免排队，周一和周四点心还打8折。乳鸽认准12到13天的妙龄鸽，石岐佬建议工作日11点前或17点前到，周末排队至少半小时。省钱吃法：早茶30到50一个人，乳鸽专门店60到80，海鲜大餐100到150。东升镇的脆肉鲩最正宗，沙溪镇的隆都菜最地道，石岐区的乳鸽最集中。三乡濑粉源于清嘉庆年间有200多年历史，上汤是灵魂要放烧鹅和叉烧。小榄菊花会每年11月下旬到12月举行，以菊入馔是中山独有文化。黄圃镇的腊味可以真空包装带回家，煲仔饭放几片腊肠满分。

  [2] 旅游避坑和实用建议
      综合得分: 0.4483  (向量:0.1483 + 关键词:0.1500 + 标签:0.1500)
      标签: ['东升镇', '乳鸽', '五桂山街道', '交通出行', '住宿', '南朗街道', '历史文化', '小榄镇', '攻略', '海鲜', '温泉', '神湾镇', '翠亨新区', '自然风光']
      来源: general/general\zhongshan_travel.md
      内容: 最佳旅行时间是每年10到12月的秋季和3到5月的春季，气温最舒适。夏天6到9月高温多雨还有台风，出行注意天气预报。冬天1到2月湿冷但游客少。3到4月是回南天特别潮湿衣服多带两件。
什么季节吃什么也有讲究：10到12月乳鸽最肥美，11月小榄菊花会品菊花宴，3到5月脆肉鲩最鲜，5到8月吃荔枝菌，10到11月吃神湾菠萝。
有几个景点必须提前预约别跑空——孙中山故居纪念馆要在公众号预约，中山市博物馆要在文旅中山公众号预约，翠亨国家湿地公园也要预约。三个都是周一闭馆。节假日人流量大建议提前2到3天约好。
防坑方面：景区周边的三轮车摩的不要坐价格虚高不安全，叫网约车最靠谱。部分餐厅会推荐高价海鲜点菜前一定

================================================================================
[2026-05-30 19:35:18] 查询: 路线 差评 刷评 避坑 贵 排队
耗时: 605.7 ms | 命中数: 2 | 阈值: 0.3
--------------------------------------------------------------------------------

  [1] 避坑和实用贴士
      综合得分: 0.5560  (向量:0.1960 + 关键词:0.2100 + 标签:0.1500)
      标签: ['三乡镇', '东升镇', '乳鸽', '历史文化', '小吃', '小榄镇', '攻略', '早茶', '沙溪镇', '海鲜', '石岐区', '自然风光', '购物', '黄圃镇']
      来源: food/food\zhongshan_restaurants.md
      内容: 中山的早茶人均30到50块，基本是广州的三分之一价格，爱群食店6点开门建议8点前到免排队，周一和周四点心还打8折。乳鸽认准12到13天的妙龄鸽，石岐佬建议工作日11点前或17点前到，周末排队至少半小时。省钱吃法：早茶30到50一个人，乳鸽专门店60到80，海鲜大餐100到150。东升镇的脆肉鲩最正宗，沙溪镇的隆都菜最地道，石岐区的乳鸽最集中。三乡濑粉源于清嘉庆年间有200多年历史，上汤是灵魂要放烧鹅和叉烧。小榄菊花会每年11月下旬到12月举行，以菊入馔是中山独有文化。黄圃镇的腊味可以真空包装带回家，煲仔饭放几片腊肠满分。

  [2] 旅游避坑和实用建议
      综合得分: 0.5548  (向量:0.2548 + 关键词:0.1500 + 标签:0.1500)
      标签: ['东升镇', '乳鸽', '五桂山街道', '交通出行', '住宿', '南朗街道', '历史文化', '小榄镇', '攻略', '海鲜', '温泉', '神湾镇', '翠亨新区', '自然风光']
      来源: general/general\zhongshan_travel.md
      内容: 最佳旅行时间是每年10到12月的秋季和3到5月的春季，气温最舒适。夏天6到9月高温多雨还有台风，出行注意天气预报。冬天1到2月湿冷但游客少。3到4月是回南天特别潮湿衣服多带两件。
什么季节吃什么也有讲究：10到12月乳鸽最肥美，11月小榄菊花会品菊花宴，3到5月脆肉鲩最鲜，5到8月吃荔枝菌，10到11月吃神湾菠萝。
有几个景点必须提前预约别跑空——孙中山故居纪念馆要在公众号预约，中山市博物馆要在文旅中山公众号预约，翠亨国家湿地公园也要预约。三个都是周一闭馆。节假日人流量大建议提前2到3天约好。
防坑方面：景区周边的三轮车摩的不要坐价格虚高不安全，叫网约车最靠谱。部分餐厅会推荐高价海鲜点菜前一定

================================================================================
[2026-05-30 19:56:23] 查询: 中山纪念图书馆到利和广场 路线规划
耗时: 791.3 ms | 命中数: 6 | 阈值: 0.3
--------------------------------------------------------------------------------

  [1] 周末遛弯（半天闲逛+随便吃点）
      综合得分: 0.8447  (向量:0.3947 + 关键词:0.0000 + 标签:0.4500)
      标签: ['五桂山街道', '交通出行', '南朗街道', '历史文化', '咖啡', '小吃', '攻略', '石岐区', '自然风光', '西区', '购物']
      来源: food/food\scene_guide.md
      内容: - 优先级：顺路 > 轻松 > 不排队
- 推荐类型：街边小吃、咖啡馆、面包店
- 人均预算：30-60元
- 搜关键词：咖啡、小吃、骑楼、老街、公园
- 中山最佳遛弯路线：
  - 石岐老城线：孙文西路→香山商业文化博物馆→白水井大街吃满足面/顺柚记→岐江公园→烟墩山看日落→兴中广场（全程步行）
  - 崖口稻田线：崖口村稻田→向云端咖啡(25元)→崖口云吞(15元)→东堤海景路骑行→煲仔饭(30元)
  - 五桂山户外线：逍遥谷→旗溪村鸡煲→桂南村不荒樟咖啡(28元)

  [2] 避坑和实用贴士
      综合得分: 0.8046  (向量:0.3546 + 关键词:0.0000 + 标签:0.4500)
      标签: ['三乡镇', '东升镇', '乳鸽', '历史文化', '小吃', '小榄镇', '攻略', '早茶', '沙溪镇', '海鲜', '石岐区', '自然风光', '购物', '黄圃镇']
      来源: food/food\zhongshan_restaurants.md
      内容: 中山的早茶人均30到50块，基本是广州的三分之一价格，爱群食店6点开门建议8点前到免排队，周一和周四点心还打8折。乳鸽认准12到13天的妙龄鸽，石岐佬建议工作日11点前或17点前到，周末排队至少半小时。省钱吃法：早茶30到50一个人，乳鸽专门店60到80，海鲜大餐100到150。东升镇的脆肉鲩最正宗，沙溪镇的隆都菜最地道，石岐区的乳鸽最集中。三乡濑粉源于清嘉庆年间有200多年历史，上汤是灵魂要放烧鹅和叉烧。小榄菊花会每年11月下旬到12月举行，以菊入馔是中山独有文化。黄圃镇的腊味可以真空包装带回家，煲仔饭放几片腊肠满分。

  [3] 中山市博物馆 — 2022年新馆，设计感超强
      综合得分: 0.7908  (向量:0.4908 + 关键词:0.0000 + 标签:0.3000)
      标签: ['历史文化', '攻略', '石岐区', '网红打卡', '自然风光']
      来源: general/general\zhongshan_travel.md
      内容: 在石岐区孙文中路197号，2022年新馆开放后成了中山新的文化地标。里面有三个常设展览：中山历史陈列、中山华侨历史、中山非物质文化遗产。最受欢迎的是一比一还原的民国街道场景，拍照非常出片。免费但要提前在"文旅中山"公众号预约，开放时间9点到下午5点，周一闭馆。

  [4] 深中通道 — 2024年通车，彻底改变了中山的区位格局
      综合得分: 0.7588  (向量:0.4588 + 关键词:0.0000 + 标签:0.3000)
      标签: ['交通出行', '住宿', '南朗街道', '宵夜', '网红打卡', '翠亨新区', '自然风光', '购物']
      来源: general/general\zhongshan_travel.md
      内容: 这绝对是中山近年来最大的交通事件。深中通道2024年6月30日正式通车，全长24公里，是把桥、岛、隧、水下互通集合在一起的世界级超级工程。现在从深圳宝安机场到中山马鞍岛只要30分钟左右，从深圳南山到中山市区大概50分钟。双向8车道，限速100公里每小时。目前暂时免收通行费。
跨市公交也同步开通了。深中001路从深圳前海梦工场北区到中山博览中心，约50分钟票价18元；深中002路从深圳前海到中山国际酒店票价15元。运营时间大概是早上6点半到晚上9点，早晚高峰15分钟一班。微信小程序搜"深中跨市公交"可以查实时班次和买票。自驾的话导航设马鞍岛或者南朗出口，深中通道走到头走翠亨快线15分钟就到南朗了

  [5] 市内酒店推荐 — 从五星到性价比
      综合得分: 0.7421  (向量:0.4421 + 关键词:0.0000 + 标签:0.3000)
      标签: ['三乡镇', '东区', '亲子', '住宿', '历史文化', '温泉', '石岐区', '自然风光', '购物']
      来源: general/general\zhongshan_travel.md
      内容: 中山利和希尔顿在石岐区中山三路16号，60层的城市地标，顶楼有360度城市观景台夜景绝美。楼顶还有Stop Here手工精酿啤酒吧，号称全球最高海拔之一。隔壁就是利和广场购物中心位置绝佳，700到1800一晚。中山名座假日酒店在三乡镇，是三乡温泉区的高性价比选择，500到1200一晚，有室内外温泉泡池和儿童水上乐园亲子首选，周边郑观应故居罗三妹山都在10分钟车程内。

  [6] 孙中山故里旅游区 — 5A景区，中山最核心的文化地标
      综合得分: 0.7212  (向量:0.4212 + 关键词:0.0000 + 标签:0.3000)
      标签: ['交通出行', '南朗街道', '历史文化', '攻略', '网红打卡', '自然风光']
      来源: general/general\zhongshan_travel.md
      内容: 这个景区在南朗街道翠亨村，翠亨大道93号，是中山唯一的5A级景区。整个旅游区包括孙中山故居纪念馆、中山影视城、辛亥革命纪念公园和犁头尖山几个部分。故居纪念馆是免费的，但要在孙中山故居纪念馆公众号上提前预约。影视城单独收费65块。开放时间是早上9点到下午5点半，周一闭馆（节假日正常开放），千万别周一跑来吃闭门羹。
孙中山故居本身是1892年孙中山亲自设计建造的二层砖木结构楼房，红墙绿瓦中西合璧的风格，里面展示了孙中山出生和成长的环境。门口那棵酸子树是孙中山1883年从檀香山带回来的树种，活到现在也是个奇迹。交通方面，坐广珠城轨到南朗站下车转公交就能到，自驾的话停车也方便。
中山影视城就在故居旁边

================================================================================
[2026-05-30 19:57:29] 查询: 🚌 公交方案（推荐） 差评 刷评 避坑 贵 排队
耗时: 603.0 ms | 命中数: 2 | 阈值: 0.3
--------------------------------------------------------------------------------

  [1] 旅游避坑和实用建议
      综合得分: 0.7382  (向量:0.2882 + 关键词:0.1500 + 标签:0.3000)
      标签: ['东升镇', '乳鸽', '五桂山街道', '交通出行', '住宿', '南朗街道', '历史文化', '小榄镇', '攻略', '海鲜', '温泉', '神湾镇', '翠亨新区', '自然风光']
      来源: general/general\zhongshan_travel.md
      内容: 最佳旅行时间是每年10到12月的秋季和3到5月的春季，气温最舒适。夏天6到9月高温多雨还有台风，出行注意天气预报。冬天1到2月湿冷但游客少。3到4月是回南天特别潮湿衣服多带两件。
什么季节吃什么也有讲究：10到12月乳鸽最肥美，11月小榄菊花会品菊花宴，3到5月脆肉鲩最鲜，5到8月吃荔枝菌，10到11月吃神湾菠萝。
有几个景点必须提前预约别跑空——孙中山故居纪念馆要在公众号预约，中山市博物馆要在文旅中山公众号预约，翠亨国家湿地公园也要预约。三个都是周一闭馆。节假日人流量大建议提前2到3天约好。
防坑方面：景区周边的三轮车摩的不要坐价格虚高不安全，叫网约车最靠谱。部分餐厅会推荐高价海鲜点菜前一定

  [2] 周末遛弯（半天闲逛+随便吃点）
      综合得分: 0.5963  (向量:0.2663 + 关键词:0.0300 + 标签:0.3000)
      标签: ['五桂山街道', '交通出行', '南朗街道', '历史文化', '咖啡', '小吃', '攻略', '石岐区', '自然风光', '西区', '购物']
      来源: food/food\scene_guide.md
      内容: - 优先级：顺路 > 轻松 > 不排队
- 推荐类型：街边小吃、咖啡馆、面包店
- 人均预算：30-60元
- 搜关键词：咖啡、小吃、骑楼、老街、公园
- 中山最佳遛弯路线：
  - 石岐老城线：孙文西路→香山商业文化博物馆→白水井大街吃满足面/顺柚记→岐江公园→烟墩山看日落→兴中广场（全程步行）
  - 崖口稻田线：崖口村稻田→向云端咖啡(25元)→崖口云吞(15元)→东堤海景路骑行→煲仔饭(30元)
  - 五桂山户外线：逍遥谷→旗溪村鸡煲→桂南村不荒樟咖啡(28元)

================================================================================
[2026-05-30 19:57:29] 查询: 最优路线（23分钟 | 2元） 差评 刷评 避坑 贵 排队
耗时: 541.5 ms | 命中数: 2 | 阈值: 0.3
--------------------------------------------------------------------------------

  [1] 旅游避坑和实用建议
      综合得分: 0.6600  (向量:0.3600 + 关键词:0.1500 + 标签:0.1500)
      标签: ['东升镇', '乳鸽', '五桂山街道', '交通出行', '住宿', '南朗街道', '历史文化', '小榄镇', '攻略', '海鲜', '温泉', '神湾镇', '翠亨新区', '自然风光']
      来源: general/general\zhongshan_travel.md
      内容: 最佳旅行时间是每年10到12月的秋季和3到5月的春季，气温最舒适。夏天6到9月高温多雨还有台风，出行注意天气预报。冬天1到2月湿冷但游客少。3到4月是回南天特别潮湿衣服多带两件。
什么季节吃什么也有讲究：10到12月乳鸽最肥美，11月小榄菊花会品菊花宴，3到5月脆肉鲩最鲜，5到8月吃荔枝菌，10到11月吃神湾菠萝。
有几个景点必须提前预约别跑空——孙中山故居纪念馆要在公众号预约，中山市博物馆要在文旅中山公众号预约，翠亨国家湿地公园也要预约。三个都是周一闭馆。节假日人流量大建议提前2到3天约好。
防坑方面：景区周边的三轮车摩的不要坐价格虚高不安全，叫网约车最靠谱。部分餐厅会推荐高价海鲜点菜前一定

  [2] 避坑和实用贴士
      综合得分: 0.6315  (向量:0.2715 + 关键词:0.2100 + 标签:0.1500)
      标签: ['三乡镇', '东升镇', '乳鸽', '历史文化', '小吃', '小榄镇', '攻略', '早茶', '沙溪镇', '海鲜', '石岐区', '自然风光', '购物', '黄圃镇']
      来源: food/food\zhongshan_restaurants.md
      内容: 中山的早茶人均30到50块，基本是广州的三分之一价格，爱群食店6点开门建议8点前到免排队，周一和周四点心还打8折。乳鸽认准12到13天的妙龄鸽，石岐佬建议工作日11点前或17点前到，周末排队至少半小时。省钱吃法：早茶30到50一个人，乳鸽专门店60到80，海鲜大餐100到150。东升镇的脆肉鲩最正宗，沙溪镇的隆都菜最地道，石岐区的乳鸽最集中。三乡濑粉源于清嘉庆年间有200多年历史，上汤是灵魂要放烧鹅和叉烧。小榄菊花会每年11月下旬到12月举行，以菊入馔是中山独有文化。黄圃镇的腊味可以真空包装带回家，煲仔饭放几片腊肠满分。

================================================================================
[2026-05-30 19:57:30] 查询: 015路（板桥方向） 差评 刷评 避坑 贵 排队
耗时: 452.9 ms | 命中数: 2 | 阈值: 0.3
--------------------------------------------------------------------------------

  [1] 避坑和实用贴士
      综合得分: 0.4955  (向量:0.1355 + 关键词:0.2100 + 标签:0.1500)
      标签: ['三乡镇', '东升镇', '乳鸽', '历史文化', '小吃', '小榄镇', '攻略', '早茶', '沙溪镇', '海鲜', '石岐区', '自然风光', '购物', '黄圃镇']
      来源: food/food\zhongshan_restaurants.md
      内容: 中山的早茶人均30到50块，基本是广州的三分之一价格，爱群食店6点开门建议8点前到免排队，周一和周四点心还打8折。乳鸽认准12到13天的妙龄鸽，石岐佬建议工作日11点前或17点前到，周末排队至少半小时。省钱吃法：早茶30到50一个人，乳鸽专门店60到80，海鲜大餐100到150。东升镇的脆肉鲩最正宗，沙溪镇的隆都菜最地道，石岐区的乳鸽最集中。三乡濑粉源于清嘉庆年间有200多年历史，上汤是灵魂要放烧鹅和叉烧。小榄菊花会每年11月下旬到12月举行，以菊入馔是中山独有文化。黄圃镇的腊味可以真空包装带回家，煲仔饭放几片腊肠满分。

  [2] 周末遛弯（半天闲逛+随便吃点）
      综合得分: 0.3762  (向量:0.1962 + 关键词:0.0300 + 标签:0.1500)
      标签: ['五桂山街道', '交通出行', '南朗街道', '历史文化', '咖啡', '小吃', '攻略', '石岐区', '自然风光', '西区', '购物']
      来源: food/food\scene_guide.md
      内容: - 优先级：顺路 > 轻松 > 不排队
- 推荐类型：街边小吃、咖啡馆、面包店
- 人均预算：30-60元
- 搜关键词：咖啡、小吃、骑楼、老街、公园
- 中山最佳遛弯路线：
  - 石岐老城线：孙文西路→香山商业文化博物馆→白水井大街吃满足面/顺柚记→岐江公园→烟墩山看日落→兴中广场（全程步行）
  - 崖口稻田线：崖口村稻田→向云端咖啡(25元)→崖口云吞(15元)→东堤海景路骑行→煲仔饭(30元)
  - 五桂山户外线：逍遥谷→旗溪村鸡煲→桂南村不荒樟咖啡(28元)

================================================================================
[2026-05-30 19:58:02] 查询: 中山纪念图书馆到利和广场 路线规划
耗时: 671.3 ms | 命中数: 6 | 阈值: 0.3
--------------------------------------------------------------------------------

  [1] 周末遛弯（半天闲逛+随便吃点）
      综合得分: 0.8447  (向量:0.3947 + 关键词:0.0000 + 标签:0.4500)
      标签: ['五桂山街道', '交通出行', '南朗街道', '历史文化', '咖啡', '小吃', '攻略', '石岐区', '自然风光', '西区', '购物']
      来源: food/food\scene_guide.md
      内容: - 优先级：顺路 > 轻松 > 不排队
- 推荐类型：街边小吃、咖啡馆、面包店
- 人均预算：30-60元
- 搜关键词：咖啡、小吃、骑楼、老街、公园
- 中山最佳遛弯路线：
  - 石岐老城线：孙文西路→香山商业文化博物馆→白水井大街吃满足面/顺柚记→岐江公园→烟墩山看日落→兴中广场（全程步行）
  - 崖口稻田线：崖口村稻田→向云端咖啡(25元)→崖口云吞(15元)→东堤海景路骑行→煲仔饭(30元)
  - 五桂山户外线：逍遥谷→旗溪村鸡煲→桂南村不荒樟咖啡(28元)

  [2] 避坑和实用贴士
      综合得分: 0.8046  (向量:0.3546 + 关键词:0.0000 + 标签:0.4500)
      标签: ['三乡镇', '东升镇', '乳鸽', '历史文化', '小吃', '小榄镇', '攻略', '早茶', '沙溪镇', '海鲜', '石岐区', '自然风光', '购物', '黄圃镇']
      来源: food/food\zhongshan_restaurants.md
      内容: 中山的早茶人均30到50块，基本是广州的三分之一价格，爱群食店6点开门建议8点前到免排队，周一和周四点心还打8折。乳鸽认准12到13天的妙龄鸽，石岐佬建议工作日11点前或17点前到，周末排队至少半小时。省钱吃法：早茶30到50一个人，乳鸽专门店60到80，海鲜大餐100到150。东升镇的脆肉鲩最正宗，沙溪镇的隆都菜最地道，石岐区的乳鸽最集中。三乡濑粉源于清嘉庆年间有200多年历史，上汤是灵魂要放烧鹅和叉烧。小榄菊花会每年11月下旬到12月举行，以菊入馔是中山独有文化。黄圃镇的腊味可以真空包装带回家，煲仔饭放几片腊肠满分。

  [3] 中山市博物馆 — 2022年新馆，设计感超强
      综合得分: 0.7908  (向量:0.4908 + 关键词:0.0000 + 标签:0.3000)
      标签: ['历史文化', '攻略', '石岐区', '网红打卡', '自然风光']
      来源: general/general\zhongshan_travel.md
      内容: 在石岐区孙文中路197号，2022年新馆开放后成了中山新的文化地标。里面有三个常设展览：中山历史陈列、中山华侨历史、中山非物质文化遗产。最受欢迎的是一比一还原的民国街道场景，拍照非常出片。免费但要提前在"文旅中山"公众号预约，开放时间9点到下午5点，周一闭馆。

  [4] 深中通道 — 2024年通车，彻底改变了中山的区位格局
      综合得分: 0.7588  (向量:0.4588 + 关键词:0.0000 + 标签:0.3000)
      标签: ['交通出行', '住宿', '南朗街道', '宵夜', '网红打卡', '翠亨新区', '自然风光', '购物']
      来源: general/general\zhongshan_travel.md
      内容: 这绝对是中山近年来最大的交通事件。深中通道2024年6月30日正式通车，全长24公里，是把桥、岛、隧、水下互通集合在一起的世界级超级工程。现在从深圳宝安机场到中山马鞍岛只要30分钟左右，从深圳南山到中山市区大概50分钟。双向8车道，限速100公里每小时。目前暂时免收通行费。
跨市公交也同步开通了。深中001路从深圳前海梦工场北区到中山博览中心，约50分钟票价18元；深中002路从深圳前海到中山国际酒店票价15元。运营时间大概是早上6点半到晚上9点，早晚高峰15分钟一班。微信小程序搜"深中跨市公交"可以查实时班次和买票。自驾的话导航设马鞍岛或者南朗出口，深中通道走到头走翠亨快线15分钟就到南朗了

  [5] 市内酒店推荐 — 从五星到性价比
      综合得分: 0.7421  (向量:0.4421 + 关键词:0.0000 + 标签:0.3000)
      标签: ['三乡镇', '东区', '亲子', '住宿', '历史文化', '温泉', '石岐区', '自然风光', '购物']
      来源: general/general\zhongshan_travel.md
      内容: 中山利和希尔顿在石岐区中山三路16号，60层的城市地标，顶楼有360度城市观景台夜景绝美。楼顶还有Stop Here手工精酿啤酒吧，号称全球最高海拔之一。隔壁就是利和广场购物中心位置绝佳，700到1800一晚。中山名座假日酒店在三乡镇，是三乡温泉区的高性价比选择，500到1200一晚，有室内外温泉泡池和儿童水上乐园亲子首选，周边郑观应故居罗三妹山都在10分钟车程内。

  [6] 孙中山故里旅游区 — 5A景区，中山最核心的文化地标
      综合得分: 0.7212  (向量:0.4212 + 关键词:0.0000 + 标签:0.3000)
      标签: ['交通出行', '南朗街道', '历史文化', '攻略', '网红打卡', '自然风光']
      来源: general/general\zhongshan_travel.md
      内容: 这个景区在南朗街道翠亨村，翠亨大道93号，是中山唯一的5A级景区。整个旅游区包括孙中山故居纪念馆、中山影视城、辛亥革命纪念公园和犁头尖山几个部分。故居纪念馆是免费的，但要在孙中山故居纪念馆公众号上提前预约。影视城单独收费65块。开放时间是早上9点到下午5点半，周一闭馆（节假日正常开放），千万别周一跑来吃闭门羹。
孙中山故居本身是1892年孙中山亲自设计建造的二层砖木结构楼房，红墙绿瓦中西合璧的风格，里面展示了孙中山出生和成长的环境。门口那棵酸子树是孙中山1883年从檀香山带回来的树种，活到现在也是个奇迹。交通方面，坐广珠城轨到南朗站下车转公交就能到，自驾的话停车也方便。
中山影视城就在故居旁边

================================================================================
[2026-05-30 19:59:21] 查询: 🚌 公交方案（推荐） 差评 刷评 避坑 贵 排队
耗时: 630.0 ms | 命中数: 2 | 阈值: 0.3
--------------------------------------------------------------------------------

  [1] 旅游避坑和实用建议
      综合得分: 0.7382  (向量:0.2882 + 关键词:0.1500 + 标签:0.3000)
      标签: ['东升镇', '乳鸽', '五桂山街道', '交通出行', '住宿', '南朗街道', '历史文化', '小榄镇', '攻略', '海鲜', '温泉', '神湾镇', '翠亨新区', '自然风光']
      来源: general/general\zhongshan_travel.md
      内容: 最佳旅行时间是每年10到12月的秋季和3到5月的春季，气温最舒适。夏天6到9月高温多雨还有台风，出行注意天气预报。冬天1到2月湿冷但游客少。3到4月是回南天特别潮湿衣服多带两件。
什么季节吃什么也有讲究：10到12月乳鸽最肥美，11月小榄菊花会品菊花宴，3到5月脆肉鲩最鲜，5到8月吃荔枝菌，10到11月吃神湾菠萝。
有几个景点必须提前预约别跑空——孙中山故居纪念馆要在公众号预约，中山市博物馆要在文旅中山公众号预约，翠亨国家湿地公园也要预约。三个都是周一闭馆。节假日人流量大建议提前2到3天约好。
防坑方面：景区周边的三轮车摩的不要坐价格虚高不安全，叫网约车最靠谱。部分餐厅会推荐高价海鲜点菜前一定

  [2] 周末遛弯（半天闲逛+随便吃点）
      综合得分: 0.5963  (向量:0.2663 + 关键词:0.0300 + 标签:0.3000)
      标签: ['五桂山街道', '交通出行', '南朗街道', '历史文化', '咖啡', '小吃', '攻略', '石岐区', '自然风光', '西区', '购物']
      来源: food/food\scene_guide.md
      内容: - 优先级：顺路 > 轻松 > 不排队
- 推荐类型：街边小吃、咖啡馆、面包店
- 人均预算：30-60元
- 搜关键词：咖啡、小吃、骑楼、老街、公园
- 中山最佳遛弯路线：
  - 石岐老城线：孙文西路→香山商业文化博物馆→白水井大街吃满足面/顺柚记→岐江公园→烟墩山看日落→兴中广场（全程步行）
  - 崖口稻田线：崖口村稻田→向云端咖啡(25元)→崖口云吞(15元)→东堤海景路骑行→煲仔饭(30元)
  - 五桂山户外线：逍遥谷→旗溪村鸡煲→桂南村不荒樟咖啡(28元)

================================================================================
[2026-05-30 19:59:22] 查询: 最优路线（015路直达） 差评 刷评 避坑 贵 排队
耗时: 617.6 ms | 命中数: 2 | 阈值: 0.3
--------------------------------------------------------------------------------

  [1] 旅游避坑和实用建议
      综合得分: 0.5596  (向量:0.2596 + 关键词:0.1500 + 标签:0.1500)
      标签: ['东升镇', '乳鸽', '五桂山街道', '交通出行', '住宿', '南朗街道', '历史文化', '小榄镇', '攻略', '海鲜', '温泉', '神湾镇', '翠亨新区', '自然风光']
      来源: general/general\zhongshan_travel.md
      内容: 最佳旅行时间是每年10到12月的秋季和3到5月的春季，气温最舒适。夏天6到9月高温多雨还有台风，出行注意天气预报。冬天1到2月湿冷但游客少。3到4月是回南天特别潮湿衣服多带两件。
什么季节吃什么也有讲究：10到12月乳鸽最肥美，11月小榄菊花会品菊花宴，3到5月脆肉鲩最鲜，5到8月吃荔枝菌，10到11月吃神湾菠萝。
有几个景点必须提前预约别跑空——孙中山故居纪念馆要在公众号预约，中山市博物馆要在文旅中山公众号预约，翠亨国家湿地公园也要预约。三个都是周一闭馆。节假日人流量大建议提前2到3天约好。
防坑方面：景区周边的三轮车摩的不要坐价格虚高不安全，叫网约车最靠谱。部分餐厅会推荐高价海鲜点菜前一定

  [2] 避坑和实用贴士
      综合得分: 0.5460  (向量:0.1860 + 关键词:0.2100 + 标签:0.1500)
      标签: ['三乡镇', '东升镇', '乳鸽', '历史文化', '小吃', '小榄镇', '攻略', '早茶', '沙溪镇', '海鲜', '石岐区', '自然风光', '购物', '黄圃镇']
      来源: food/food\zhongshan_restaurants.md
      内容: 中山的早茶人均30到50块，基本是广州的三分之一价格，爱群食店6点开门建议8点前到免排队，周一和周四点心还打8折。乳鸽认准12到13天的妙龄鸽，石岐佬建议工作日11点前或17点前到，周末排队至少半小时。省钱吃法：早茶30到50一个人，乳鸽专门店60到80，海鲜大餐100到150。东升镇的脆肉鲩最正宗，沙溪镇的隆都菜最地道，石岐区的乳鸽最集中。三乡濑粉源于清嘉庆年间有200多年历史，上汤是灵魂要放烧鹅和叉烧。小榄菊花会每年11月下旬到12月举行，以菊入馔是中山独有文化。黄圃镇的腊味可以真空包装带回家，煲仔饭放几片腊肠满分。

================================================================================
[2026-05-30 19:59:22] 查询: 路线 差评 刷评 避坑 贵 排队
耗时: 540.8 ms | 命中数: 2 | 阈值: 0.3
--------------------------------------------------------------------------------

  [1] 避坑和实用贴士
      综合得分: 0.5560  (向量:0.1960 + 关键词:0.2100 + 标签:0.1500)
      标签: ['三乡镇', '东升镇', '乳鸽', '历史文化', '小吃', '小榄镇', '攻略', '早茶', '沙溪镇', '海鲜', '石岐区', '自然风光', '购物', '黄圃镇']
      来源: food/food\zhongshan_restaurants.md
      内容: 中山的早茶人均30到50块，基本是广州的三分之一价格，爱群食店6点开门建议8点前到免排队，周一和周四点心还打8折。乳鸽认准12到13天的妙龄鸽，石岐佬建议工作日11点前或17点前到，周末排队至少半小时。省钱吃法：早茶30到50一个人，乳鸽专门店60到80，海鲜大餐100到150。东升镇的脆肉鲩最正宗，沙溪镇的隆都菜最地道，石岐区的乳鸽最集中。三乡濑粉源于清嘉庆年间有200多年历史，上汤是灵魂要放烧鹅和叉烧。小榄菊花会每年11月下旬到12月举行，以菊入馔是中山独有文化。黄圃镇的腊味可以真空包装带回家，煲仔饭放几片腊肠满分。

  [2] 旅游避坑和实用建议
      综合得分: 0.5548  (向量:0.2548 + 关键词:0.1500 + 标签:0.1500)
      标签: ['东升镇', '乳鸽', '五桂山街道', '交通出行', '住宿', '南朗街道', '历史文化', '小榄镇', '攻略', '海鲜', '温泉', '神湾镇', '翠亨新区', '自然风光']
      来源: general/general\zhongshan_travel.md
      内容: 最佳旅行时间是每年10到12月的秋季和3到5月的春季，气温最舒适。夏天6到9月高温多雨还有台风，出行注意天气预报。冬天1到2月湿冷但游客少。3到4月是回南天特别潮湿衣服多带两件。
什么季节吃什么也有讲究：10到12月乳鸽最肥美，11月小榄菊花会品菊花宴，3到5月脆肉鲩最鲜，5到8月吃荔枝菌，10到11月吃神湾菠萝。
有几个景点必须提前预约别跑空——孙中山故居纪念馆要在公众号预约，中山市博物馆要在文旅中山公众号预约，翠亨国家湿地公园也要预约。三个都是周一闭馆。节假日人流量大建议提前2到3天约好。
防坑方面：景区周边的三轮车摩的不要坐价格虚高不安全，叫网约车最靠谱。部分餐厅会推荐高价海鲜点菜前一定

================================================================================
[2026-05-30 19:59:50] 查询: 中山纪念图书馆 利和广场 路线规划
耗时: 610.6 ms | 命中数: 6 | 阈值: 0.3
--------------------------------------------------------------------------------

  [1] 周末遛弯（半天闲逛+随便吃点）
      综合得分: 0.8068  (向量:0.3568 + 关键词:0.0000 + 标签:0.4500)
      标签: ['五桂山街道', '交通出行', '南朗街道', '历史文化', '咖啡', '小吃', '攻略', '石岐区', '自然风光', '西区', '购物']
      来源: food/food\scene_guide.md
      内容: - 优先级：顺路 > 轻松 > 不排队
- 推荐类型：街边小吃、咖啡馆、面包店
- 人均预算：30-60元
- 搜关键词：咖啡、小吃、骑楼、老街、公园
- 中山最佳遛弯路线：
  - 石岐老城线：孙文西路→香山商业文化博物馆→白水井大街吃满足面/顺柚记→岐江公园→烟墩山看日落→兴中广场（全程步行）
  - 崖口稻田线：崖口村稻田→向云端咖啡(25元)→崖口云吞(15元)→东堤海景路骑行→煲仔饭(30元)
  - 五桂山户外线：逍遥谷→旗溪村鸡煲→桂南村不荒樟咖啡(28元)

  [2] 避坑和实用贴士
      综合得分: 0.7656  (向量:0.3156 + 关键词:0.0000 + 标签:0.4500)
      标签: ['三乡镇', '东升镇', '乳鸽', '历史文化', '小吃', '小榄镇', '攻略', '早茶', '沙溪镇', '海鲜', '石岐区', '自然风光', '购物', '黄圃镇']
      来源: food/food\zhongshan_restaurants.md
      内容: 中山的早茶人均30到50块，基本是广州的三分之一价格，爱群食店6点开门建议8点前到免排队，周一和周四点心还打8折。乳鸽认准12到13天的妙龄鸽，石岐佬建议工作日11点前或17点前到，周末排队至少半小时。省钱吃法：早茶30到50一个人，乳鸽专门店60到80，海鲜大餐100到150。东升镇的脆肉鲩最正宗，沙溪镇的隆都菜最地道，石岐区的乳鸽最集中。三乡濑粉源于清嘉庆年间有200多年历史，上汤是灵魂要放烧鹅和叉烧。小榄菊花会每年11月下旬到12月举行，以菊入馔是中山独有文化。黄圃镇的腊味可以真空包装带回家，煲仔饭放几片腊肠满分。

  [3] 中山市博物馆 — 2022年新馆，设计感超强
      综合得分: 0.7630  (向量:0.4630 + 关键词:0.0000 + 标签:0.3000)
      标签: ['历史文化', '攻略', '石岐区', '网红打卡', '自然风光']
      来源: general/general\zhongshan_travel.md
      内容: 在石岐区孙文中路197号，2022年新馆开放后成了中山新的文化地标。里面有三个常设展览：中山历史陈列、中山华侨历史、中山非物质文化遗产。最受欢迎的是一比一还原的民国街道场景，拍照非常出片。免费但要提前在"文旅中山"公众号预约，开放时间9点到下午5点，周一闭馆。

  [4] 市内酒店推荐 — 从五星到性价比
      综合得分: 0.7138  (向量:0.3838 + 关键词:0.0300 + 标签:0.3000)
      标签: ['三乡镇', '东区', '亲子', '住宿', '历史文化', '温泉', '石岐区', '自然风光', '购物']
      来源: general/general\zhongshan_travel.md
      内容: 中山利和希尔顿在石岐区中山三路16号，60层的城市地标，顶楼有360度城市观景台夜景绝美。楼顶还有Stop Here手工精酿啤酒吧，号称全球最高海拔之一。隔壁就是利和广场购物中心位置绝佳，700到1800一晚。中山名座假日酒店在三乡镇，是三乡温泉区的高性价比选择，500到1200一晚，有室内外温泉泡池和儿童水上乐园亲子首选，周边郑观应故居罗三妹山都在10分钟车程内。

  [5] 深中通道 — 2024年通车，彻底改变了中山的区位格局
      综合得分: 0.6956  (向量:0.3956 + 关键词:0.0000 + 标签:0.3000)
      标签: ['交通出行', '住宿', '南朗街道', '宵夜', '网红打卡', '翠亨新区', '自然风光', '购物']
      来源: general/general\zhongshan_travel.md
      内容: 这绝对是中山近年来最大的交通事件。深中通道2024年6月30日正式通车，全长24公里，是把桥、岛、隧、水下互通集合在一起的世界级超级工程。现在从深圳宝安机场到中山马鞍岛只要30分钟左右，从深圳南山到中山市区大概50分钟。双向8车道，限速100公里每小时。目前暂时免收通行费。
跨市公交也同步开通了。深中001路从深圳前海梦工场北区到中山博览中心，约50分钟票价18元；深中002路从深圳前海到中山国际酒店票价15元。运营时间大概是早上6点半到晚上9点，早晚高峰15分钟一班。微信小程序搜"深中跨市公交"可以查实时班次和买票。自驾的话导航设马鞍岛或者南朗出口，深中通道走到头走翠亨快线15分钟就到南朗了

  [6] 孙中山故里旅游区 — 5A景区，中山最核心的文化地标
      综合得分: 0.6877  (向量:0.3877 + 关键词:0.0000 + 标签:0.3000)
      标签: ['交通出行', '南朗街道', '历史文化', '攻略', '网红打卡', '自然风光']
      来源: general/general\zhongshan_travel.md
      内容: 这个景区在南朗街道翠亨村，翠亨大道93号，是中山唯一的5A级景区。整个旅游区包括孙中山故居纪念馆、中山影视城、辛亥革命纪念公园和犁头尖山几个部分。故居纪念馆是免费的，但要在孙中山故居纪念馆公众号上提前预约。影视城单独收费65块。开放时间是早上9点到下午5点半，周一闭馆（节假日正常开放），千万别周一跑来吃闭门羹。
孙中山故居本身是1892年孙中山亲自设计建造的二层砖木结构楼房，红墙绿瓦中西合璧的风格，里面展示了孙中山出生和成长的环境。门口那棵酸子树是孙中山1883年从檀香山带回来的树种，活到现在也是个奇迹。交通方面，坐广珠城轨到南朗站下车转公交就能到，自驾的话停车也方便。
中山影视城就在故居旁边

================================================================================
[2026-05-30 20:01:19] 查询: 最优路线（24分钟/2元） 差评 刷评 避坑 贵 排队
耗时: 615.2 ms | 命中数: 2 | 阈值: 0.3
--------------------------------------------------------------------------------

  [1] 旅游避坑和实用建议
      综合得分: 0.6564  (向量:0.3564 + 关键词:0.1500 + 标签:0.1500)
      标签: ['东升镇', '乳鸽', '五桂山街道', '交通出行', '住宿', '南朗街道', '历史文化', '小榄镇', '攻略', '海鲜', '温泉', '神湾镇', '翠亨新区', '自然风光']
      来源: general/general\zhongshan_travel.md
      内容: 最佳旅行时间是每年10到12月的秋季和3到5月的春季，气温最舒适。夏天6到9月高温多雨还有台风，出行注意天气预报。冬天1到2月湿冷但游客少。3到4月是回南天特别潮湿衣服多带两件。
什么季节吃什么也有讲究：10到12月乳鸽最肥美，11月小榄菊花会品菊花宴，3到5月脆肉鲩最鲜，5到8月吃荔枝菌，10到11月吃神湾菠萝。
有几个景点必须提前预约别跑空——孙中山故居纪念馆要在公众号预约，中山市博物馆要在文旅中山公众号预约，翠亨国家湿地公园也要预约。三个都是周一闭馆。节假日人流量大建议提前2到3天约好。
防坑方面：景区周边的三轮车摩的不要坐价格虚高不安全，叫网约车最靠谱。部分餐厅会推荐高价海鲜点菜前一定

  [2] 避坑和实用贴士
      综合得分: 0.6266  (向量:0.2666 + 关键词:0.2100 + 标签:0.1500)
      标签: ['三乡镇', '东升镇', '乳鸽', '历史文化', '小吃', '小榄镇', '攻略', '早茶', '沙溪镇', '海鲜', '石岐区', '自然风光', '购物', '黄圃镇']
      来源: food/food\zhongshan_restaurants.md
      内容: 中山的早茶人均30到50块，基本是广州的三分之一价格，爱群食店6点开门建议8点前到免排队，周一和周四点心还打8折。乳鸽认准12到13天的妙龄鸽，石岐佬建议工作日11点前或17点前到，周末排队至少半小时。省钱吃法：早茶30到50一个人，乳鸽专门店60到80，海鲜大餐100到150。东升镇的脆肉鲩最正宗，沙溪镇的隆都菜最地道，石岐区的乳鸽最集中。三乡濑粉源于清嘉庆年间有200多年历史，上汤是灵魂要放烧鹅和叉烧。小榄菊花会每年11月下旬到12月举行，以菊入馔是中山独有文化。黄圃镇的腊味可以真空包装带回家，煲仔饭放几片腊肠满分。

================================================================================
[2026-05-30 20:01:20] 查询: 步行124米 差评 刷评 避坑 贵 排队
耗时: 446.4 ms | 命中数: 2 | 阈值: 0.3
--------------------------------------------------------------------------------

  [1] 避坑和实用贴士
      综合得分: 0.4965  (向量:0.1365 + 关键词:0.2100 + 标签:0.1500)
      标签: ['三乡镇', '东升镇', '乳鸽', '历史文化', '小吃', '小榄镇', '攻略', '早茶', '沙溪镇', '海鲜', '石岐区', '自然风光', '购物', '黄圃镇']
      来源: food/food\zhongshan_restaurants.md
      内容: 中山的早茶人均30到50块，基本是广州的三分之一价格，爱群食店6点开门建议8点前到免排队，周一和周四点心还打8折。乳鸽认准12到13天的妙龄鸽，石岐佬建议工作日11点前或17点前到，周末排队至少半小时。省钱吃法：早茶30到50一个人，乳鸽专门店60到80，海鲜大餐100到150。东升镇的脆肉鲩最正宗，沙溪镇的隆都菜最地道，石岐区的乳鸽最集中。三乡濑粉源于清嘉庆年间有200多年历史，上汤是灵魂要放烧鹅和叉烧。小榄菊花会每年11月下旬到12月举行，以菊入馔是中山独有文化。黄圃镇的腊味可以真空包装带回家，煲仔饭放几片腊肠满分。

  [2] 旅游避坑和实用建议
      综合得分: 0.4949  (向量:0.1949 + 关键词:0.1500 + 标签:0.1500)
      标签: ['东升镇', '乳鸽', '五桂山街道', '交通出行', '住宿', '南朗街道', '历史文化', '小榄镇', '攻略', '海鲜', '温泉', '神湾镇', '翠亨新区', '自然风光']
      来源: general/general\zhongshan_travel.md
      内容: 最佳旅行时间是每年10到12月的秋季和3到5月的春季，气温最舒适。夏天6到9月高温多雨还有台风，出行注意天气预报。冬天1到2月湿冷但游客少。3到4月是回南天特别潮湿衣服多带两件。
什么季节吃什么也有讲究：10到12月乳鸽最肥美，11月小榄菊花会品菊花宴，3到5月脆肉鲩最鲜，5到8月吃荔枝菌，10到11月吃神湾菠萝。
有几个景点必须提前预约别跑空——孙中山故居纪念馆要在公众号预约，中山市博物馆要在文旅中山公众号预约，翠亨国家湿地公园也要预约。三个都是周一闭馆。节假日人流量大建议提前2到3天约好。
防坑方面：景区周边的三轮车摩的不要坐价格虚高不安全，叫网约车最靠谱。部分餐厅会推荐高价海鲜点菜前一定

================================================================================
[2026-05-30 20:01:20] 查询: 乘坐015路（3站） 差评 刷评 避坑 贵 排队
耗时: 489.5 ms | 命中数: 2 | 阈值: 0.3
--------------------------------------------------------------------------------

  [1] 旅游避坑和实用建议
      综合得分: 0.4819  (向量:0.1819 + 关键词:0.1500 + 标签:0.1500)
      标签: ['东升镇', '乳鸽', '五桂山街道', '交通出行', '住宿', '南朗街道', '历史文化', '小榄镇', '攻略', '海鲜', '温泉', '神湾镇', '翠亨新区', '自然风光']
      来源: general/general\zhongshan_travel.md
      内容: 最佳旅行时间是每年10到12月的秋季和3到5月的春季，气温最舒适。夏天6到9月高温多雨还有台风，出行注意天气预报。冬天1到2月湿冷但游客少。3到4月是回南天特别潮湿衣服多带两件。
什么季节吃什么也有讲究：10到12月乳鸽最肥美，11月小榄菊花会品菊花宴，3到5月脆肉鲩最鲜，5到8月吃荔枝菌，10到11月吃神湾菠萝。
有几个景点必须提前预约别跑空——孙中山故居纪念馆要在公众号预约，中山市博物馆要在文旅中山公众号预约，翠亨国家湿地公园也要预约。三个都是周一闭馆。节假日人流量大建议提前2到3天约好。
防坑方面：景区周边的三轮车摩的不要坐价格虚高不安全，叫网约车最靠谱。部分餐厅会推荐高价海鲜点菜前一定

  [2] 避坑和实用贴士
      综合得分: 0.4809  (向量:0.1209 + 关键词:0.2100 + 标签:0.1500)
      标签: ['三乡镇', '东升镇', '乳鸽', '历史文化', '小吃', '小榄镇', '攻略', '早茶', '沙溪镇', '海鲜', '石岐区', '自然风光', '购物', '黄圃镇']
      来源: food/food\zhongshan_restaurants.md
      内容: 中山的早茶人均30到50块，基本是广州的三分之一价格，爱群食店6点开门建议8点前到免排队，周一和周四点心还打8折。乳鸽认准12到13天的妙龄鸽，石岐佬建议工作日11点前或17点前到，周末排队至少半小时。省钱吃法：早茶30到50一个人，乳鸽专门店60到80，海鲜大餐100到150。东升镇的脆肉鲩最正宗，沙溪镇的隆都菜最地道，石岐区的乳鸽最集中。三乡濑粉源于清嘉庆年间有200多年历史，上汤是灵魂要放烧鹅和叉烧。小榄菊花会每年11月下旬到12月举行，以菊入馔是中山独有文化。黄圃镇的腊味可以真空包装带回家，煲仔饭放几片腊肠满分。

================================================================================
[2026-05-30 20:01:51] 查询: 中山纪念图书馆 利和广场 路线规划
耗时: 603.2 ms | 命中数: 6 | 阈值: 0.3
--------------------------------------------------------------------------------

  [1] 周末遛弯（半天闲逛+随便吃点）
      综合得分: 0.8068  (向量:0.3568 + 关键词:0.0000 + 标签:0.4500)
      标签: ['五桂山街道', '交通出行', '南朗街道', '历史文化', '咖啡', '小吃', '攻略', '石岐区', '自然风光', '西区', '购物']
      来源: food/food\scene_guide.md
      内容: - 优先级：顺路 > 轻松 > 不排队
- 推荐类型：街边小吃、咖啡馆、面包店
- 人均预算：30-60元
- 搜关键词：咖啡、小吃、骑楼、老街、公园
- 中山最佳遛弯路线：
  - 石岐老城线：孙文西路→香山商业文化博物馆→白水井大街吃满足面/顺柚记→岐江公园→烟墩山看日落→兴中广场（全程步行）
  - 崖口稻田线：崖口村稻田→向云端咖啡(25元)→崖口云吞(15元)→东堤海景路骑行→煲仔饭(30元)
  - 五桂山户外线：逍遥谷→旗溪村鸡煲→桂南村不荒樟咖啡(28元)

  [2] 避坑和实用贴士
      综合得分: 0.7656  (向量:0.3156 + 关键词:0.0000 + 标签:0.4500)
      标签: ['三乡镇', '东升镇', '乳鸽', '历史文化', '小吃', '小榄镇', '攻略', '早茶', '沙溪镇', '海鲜', '石岐区', '自然风光', '购物', '黄圃镇']
      来源: food/food\zhongshan_restaurants.md
      内容: 中山的早茶人均30到50块，基本是广州的三分之一价格，爱群食店6点开门建议8点前到免排队，周一和周四点心还打8折。乳鸽认准12到13天的妙龄鸽，石岐佬建议工作日11点前或17点前到，周末排队至少半小时。省钱吃法：早茶30到50一个人，乳鸽专门店60到80，海鲜大餐100到150。东升镇的脆肉鲩最正宗，沙溪镇的隆都菜最地道，石岐区的乳鸽最集中。三乡濑粉源于清嘉庆年间有200多年历史，上汤是灵魂要放烧鹅和叉烧。小榄菊花会每年11月下旬到12月举行，以菊入馔是中山独有文化。黄圃镇的腊味可以真空包装带回家，煲仔饭放几片腊肠满分。

  [3] 中山市博物馆 — 2022年新馆，设计感超强
      综合得分: 0.7630  (向量:0.4630 + 关键词:0.0000 + 标签:0.3000)
      标签: ['历史文化', '攻略', '石岐区', '网红打卡', '自然风光']
      来源: general/general\zhongshan_travel.md
      内容: 在石岐区孙文中路197号，2022年新馆开放后成了中山新的文化地标。里面有三个常设展览：中山历史陈列、中山华侨历史、中山非物质文化遗产。最受欢迎的是一比一还原的民国街道场景，拍照非常出片。免费但要提前在"文旅中山"公众号预约，开放时间9点到下午5点，周一闭馆。

  [4] 市内酒店推荐 — 从五星到性价比
      综合得分: 0.7138  (向量:0.3838 + 关键词:0.0300 + 标签:0.3000)
      标签: ['三乡镇', '东区', '亲子', '住宿', '历史文化', '温泉', '石岐区', '自然风光', '购物']
      来源: general/general\zhongshan_travel.md
      内容: 中山利和希尔顿在石岐区中山三路16号，60层的城市地标，顶楼有360度城市观景台夜景绝美。楼顶还有Stop Here手工精酿啤酒吧，号称全球最高海拔之一。隔壁就是利和广场购物中心位置绝佳，700到1800一晚。中山名座假日酒店在三乡镇，是三乡温泉区的高性价比选择，500到1200一晚，有室内外温泉泡池和儿童水上乐园亲子首选，周边郑观应故居罗三妹山都在10分钟车程内。

  [5] 深中通道 — 2024年通车，彻底改变了中山的区位格局
      综合得分: 0.6956  (向量:0.3956 + 关键词:0.0000 + 标签:0.3000)
      标签: ['交通出行', '住宿', '南朗街道', '宵夜', '网红打卡', '翠亨新区', '自然风光', '购物']
      来源: general/general\zhongshan_travel.md
      内容: 这绝对是中山近年来最大的交通事件。深中通道2024年6月30日正式通车，全长24公里，是把桥、岛、隧、水下互通集合在一起的世界级超级工程。现在从深圳宝安机场到中山马鞍岛只要30分钟左右，从深圳南山到中山市区大概50分钟。双向8车道，限速100公里每小时。目前暂时免收通行费。
跨市公交也同步开通了。深中001路从深圳前海梦工场北区到中山博览中心，约50分钟票价18元；深中002路从深圳前海到中山国际酒店票价15元。运营时间大概是早上6点半到晚上9点，早晚高峰15分钟一班。微信小程序搜"深中跨市公交"可以查实时班次和买票。自驾的话导航设马鞍岛或者南朗出口，深中通道走到头走翠亨快线15分钟就到南朗了

  [6] 孙中山故里旅游区 — 5A景区，中山最核心的文化地标
      综合得分: 0.6877  (向量:0.3877 + 关键词:0.0000 + 标签:0.3000)
      标签: ['交通出行', '南朗街道', '历史文化', '攻略', '网红打卡', '自然风光']
      来源: general/general\zhongshan_travel.md
      内容: 这个景区在南朗街道翠亨村，翠亨大道93号，是中山唯一的5A级景区。整个旅游区包括孙中山故居纪念馆、中山影视城、辛亥革命纪念公园和犁头尖山几个部分。故居纪念馆是免费的，但要在孙中山故居纪念馆公众号上提前预约。影视城单独收费65块。开放时间是早上9点到下午5点半，周一闭馆（节假日正常开放），千万别周一跑来吃闭门羹。
孙中山故居本身是1892年孙中山亲自设计建造的二层砖木结构楼房，红墙绿瓦中西合璧的风格，里面展示了孙中山出生和成长的环境。门口那棵酸子树是孙中山1883年从檀香山带回来的树种，活到现在也是个奇迹。交通方面，坐广珠城轨到南朗站下车转公交就能到，自驾的话停车也方便。
中山影视城就在故居旁边

================================================================================
[2026-05-30 20:03:13] 查询: 015路直达线 差评 刷评 避坑 贵 排队
耗时: 541.7 ms | 命中数: 2 | 阈值: 0.3
--------------------------------------------------------------------------------

  [1] 避坑和实用贴士
      综合得分: 0.4772  (向量:0.1172 + 关键词:0.2100 + 标签:0.1500)
      标签: ['三乡镇', '东升镇', '乳鸽', '历史文化', '小吃', '小榄镇', '攻略', '早茶', '沙溪镇', '海鲜', '石岐区', '自然风光', '购物', '黄圃镇']
      来源: food/food\zhongshan_restaurants.md
      内容: 中山的早茶人均30到50块，基本是广州的三分之一价格，爱群食店6点开门建议8点前到免排队，周一和周四点心还打8折。乳鸽认准12到13天的妙龄鸽，石岐佬建议工作日11点前或17点前到，周末排队至少半小时。省钱吃法：早茶30到50一个人，乳鸽专门店60到80，海鲜大餐100到150。东升镇的脆肉鲩最正宗，沙溪镇的隆都菜最地道，石岐区的乳鸽最集中。三乡濑粉源于清嘉庆年间有200多年历史，上汤是灵魂要放烧鹅和叉烧。小榄菊花会每年11月下旬到12月举行，以菊入馔是中山独有文化。黄圃镇的腊味可以真空包装带回家，煲仔饭放几片腊肠满分。

  [2] 旅游避坑和实用建议
      综合得分: 0.4199  (向量:0.1199 + 关键词:0.1500 + 标签:0.1500)
      标签: ['东升镇', '乳鸽', '五桂山街道', '交通出行', '住宿', '南朗街道', '历史文化', '小榄镇', '攻略', '海鲜', '温泉', '神湾镇', '翠亨新区', '自然风光']
      来源: general/general\zhongshan_travel.md
      内容: 最佳旅行时间是每年10到12月的秋季和3到5月的春季，气温最舒适。夏天6到9月高温多雨还有台风，出行注意天气预报。冬天1到2月湿冷但游客少。3到4月是回南天特别潮湿衣服多带两件。
什么季节吃什么也有讲究：10到12月乳鸽最肥美，11月小榄菊花会品菊花宴，3到5月脆肉鲩最鲜，5到8月吃荔枝菌，10到11月吃神湾菠萝。
有几个景点必须提前预约别跑空——孙中山故居纪念馆要在公众号预约，中山市博物馆要在文旅中山公众号预约，翠亨国家湿地公园也要预约。三个都是周一闭馆。节假日人流量大建议提前2到3天约好。
防坑方面：景区周边的三轮车摩的不要坐价格虚高不安全，叫网约车最靠谱。部分餐厅会推荐高价海鲜点菜前一定

================================================================================
[2026-05-30 20:03:14] 查询: 耗时 差评 刷评 避坑 贵 排队
耗时: 476.1 ms | 命中数: 2 | 阈值: 0.3
--------------------------------------------------------------------------------

  [1] 避坑和实用贴士
      综合得分: 0.4930  (向量:0.1330 + 关键词:0.2100 + 标签:0.1500)
      标签: ['三乡镇', '东升镇', '乳鸽', '历史文化', '小吃', '小榄镇', '攻略', '早茶', '沙溪镇', '海鲜', '石岐区', '自然风光', '购物', '黄圃镇']
      来源: food/food\zhongshan_restaurants.md
      内容: 中山的早茶人均30到50块，基本是广州的三分之一价格，爱群食店6点开门建议8点前到免排队，周一和周四点心还打8折。乳鸽认准12到13天的妙龄鸽，石岐佬建议工作日11点前或17点前到，周末排队至少半小时。省钱吃法：早茶30到50一个人，乳鸽专门店60到80，海鲜大餐100到150。东升镇的脆肉鲩最正宗，沙溪镇的隆都菜最地道，石岐区的乳鸽最集中。三乡濑粉源于清嘉庆年间有200多年历史，上汤是灵魂要放烧鹅和叉烧。小榄菊花会每年11月下旬到12月举行，以菊入馔是中山独有文化。黄圃镇的腊味可以真空包装带回家，煲仔饭放几片腊肠满分。

  [2] 旅游避坑和实用建议
      综合得分: 0.4180  (向量:0.1180 + 关键词:0.1500 + 标签:0.1500)
      标签: ['东升镇', '乳鸽', '五桂山街道', '交通出行', '住宿', '南朗街道', '历史文化', '小榄镇', '攻略', '海鲜', '温泉', '神湾镇', '翠亨新区', '自然风光']
      来源: general/general\zhongshan_travel.md
      内容: 最佳旅行时间是每年10到12月的秋季和3到5月的春季，气温最舒适。夏天6到9月高温多雨还有台风，出行注意天气预报。冬天1到2月湿冷但游客少。3到4月是回南天特别潮湿衣服多带两件。
什么季节吃什么也有讲究：10到12月乳鸽最肥美，11月小榄菊花会品菊花宴，3到5月脆肉鲩最鲜，5到8月吃荔枝菌，10到11月吃神湾菠萝。
有几个景点必须提前预约别跑空——孙中山故居纪念馆要在公众号预约，中山市博物馆要在文旅中山公众号预约，翠亨国家湿地公园也要预约。三个都是周一闭馆。节假日人流量大建议提前2到3天约好。
防坑方面：景区周边的三轮车摩的不要坐价格虚高不安全，叫网约车最靠谱。部分餐厅会推荐高价海鲜点菜前一定

================================================================================
[2026-05-30 20:03:14] 查询: 费用 差评 刷评 避坑 贵 排队
耗时: 445.2 ms | 命中数: 2 | 阈值: 0.3
--------------------------------------------------------------------------------

  [1] 避坑和实用贴士
      综合得分: 0.4953  (向量:0.1353 + 关键词:0.2100 + 标签:0.1500)
      标签: ['三乡镇', '东升镇', '乳鸽', '历史文化', '小吃', '小榄镇', '攻略', '早茶', '沙溪镇', '海鲜', '石岐区', '自然风光', '购物', '黄圃镇']
      来源: food/food\zhongshan_restaurants.md
      内容: 中山的早茶人均30到50块，基本是广州的三分之一价格，爱群食店6点开门建议8点前到免排队，周一和周四点心还打8折。乳鸽认准12到13天的妙龄鸽，石岐佬建议工作日11点前或17点前到，周末排队至少半小时。省钱吃法：早茶30到50一个人，乳鸽专门店60到80，海鲜大餐100到150。东升镇的脆肉鲩最正宗，沙溪镇的隆都菜最地道，石岐区的乳鸽最集中。三乡濑粉源于清嘉庆年间有200多年历史，上汤是灵魂要放烧鹅和叉烧。小榄菊花会每年11月下旬到12月举行，以菊入馔是中山独有文化。黄圃镇的腊味可以真空包装带回家，煲仔饭放几片腊肠满分。

  [2] 旅游避坑和实用建议
      综合得分: 0.4186  (向量:0.1186 + 关键词:0.1500 + 标签:0.1500)
      标签: ['东升镇', '乳鸽', '五桂山街道', '交通出行', '住宿', '南朗街道', '历史文化', '小榄镇', '攻略', '海鲜', '温泉', '神湾镇', '翠亨新区', '自然风光']
      来源: general/general\zhongshan_travel.md
      内容: 最佳旅行时间是每年10到12月的秋季和3到5月的春季，气温最舒适。夏天6到9月高温多雨还有台风，出行注意天气预报。冬天1到2月湿冷但游客少。3到4月是回南天特别潮湿衣服多带两件。
什么季节吃什么也有讲究：10到12月乳鸽最肥美，11月小榄菊花会品菊花宴，3到5月脆肉鲩最鲜，5到8月吃荔枝菌，10到11月吃神湾菠萝。
有几个景点必须提前预约别跑空——孙中山故居纪念馆要在公众号预约，中山市博物馆要在文旅中山公众号预约，翠亨国家湿地公园也要预约。三个都是周一闭馆。节假日人流量大建议提前2到3天约好。
防坑方面：景区周边的三轮车摩的不要坐价格虚高不安全，叫网约车最靠谱。部分餐厅会推荐高价海鲜点菜前一定

================================================================================
[2026-05-30 20:03:48] 查询: 中山纪念图书馆 利和广场 路线规划
耗时: 663.9 ms | 命中数: 6 | 阈值: 0.3
--------------------------------------------------------------------------------

  [1] 周末遛弯（半天闲逛+随便吃点）
      综合得分: 0.8068  (向量:0.3568 + 关键词:0.0000 + 标签:0.4500)
      标签: ['五桂山街道', '交通出行', '南朗街道', '历史文化', '咖啡', '小吃', '攻略', '石岐区', '自然风光', '西区', '购物']
      来源: food/food\scene_guide.md
      内容: - 优先级：顺路 > 轻松 > 不排队
- 推荐类型：街边小吃、咖啡馆、面包店
- 人均预算：30-60元
- 搜关键词：咖啡、小吃、骑楼、老街、公园
- 中山最佳遛弯路线：
  - 石岐老城线：孙文西路→香山商业文化博物馆→白水井大街吃满足面/顺柚记→岐江公园→烟墩山看日落→兴中广场（全程步行）
  - 崖口稻田线：崖口村稻田→向云端咖啡(25元)→崖口云吞(15元)→东堤海景路骑行→煲仔饭(30元)
  - 五桂山户外线：逍遥谷→旗溪村鸡煲→桂南村不荒樟咖啡(28元)

  [2] 避坑和实用贴士
      综合得分: 0.7656  (向量:0.3156 + 关键词:0.0000 + 标签:0.4500)
      标签: ['三乡镇', '东升镇', '乳鸽', '历史文化', '小吃', '小榄镇', '攻略', '早茶', '沙溪镇', '海鲜', '石岐区', '自然风光', '购物', '黄圃镇']
      来源: food/food\zhongshan_restaurants.md
      内容: 中山的早茶人均30到50块，基本是广州的三分之一价格，爱群食店6点开门建议8点前到免排队，周一和周四点心还打8折。乳鸽认准12到13天的妙龄鸽，石岐佬建议工作日11点前或17点前到，周末排队至少半小时。省钱吃法：早茶30到50一个人，乳鸽专门店60到80，海鲜大餐100到150。东升镇的脆肉鲩最正宗，沙溪镇的隆都菜最地道，石岐区的乳鸽最集中。三乡濑粉源于清嘉庆年间有200多年历史，上汤是灵魂要放烧鹅和叉烧。小榄菊花会每年11月下旬到12月举行，以菊入馔是中山独有文化。黄圃镇的腊味可以真空包装带回家，煲仔饭放几片腊肠满分。

  [3] 中山市博物馆 — 2022年新馆，设计感超强
      综合得分: 0.7630  (向量:0.4630 + 关键词:0.0000 + 标签:0.3000)
      标签: ['历史文化', '攻略', '石岐区', '网红打卡', '自然风光']
      来源: general/general\zhongshan_travel.md
      内容: 在石岐区孙文中路197号，2022年新馆开放后成了中山新的文化地标。里面有三个常设展览：中山历史陈列、中山华侨历史、中山非物质文化遗产。最受欢迎的是一比一还原的民国街道场景，拍照非常出片。免费但要提前在"文旅中山"公众号预约，开放时间9点到下午5点，周一闭馆。

  [4] 市内酒店推荐 — 从五星到性价比
      综合得分: 0.7138  (向量:0.3838 + 关键词:0.0300 + 标签:0.3000)
      标签: ['三乡镇', '东区', '亲子', '住宿', '历史文化', '温泉', '石岐区', '自然风光', '购物']
      来源: general/general\zhongshan_travel.md
      内容: 中山利和希尔顿在石岐区中山三路16号，60层的城市地标，顶楼有360度城市观景台夜景绝美。楼顶还有Stop Here手工精酿啤酒吧，号称全球最高海拔之一。隔壁就是利和广场购物中心位置绝佳，700到1800一晚。中山名座假日酒店在三乡镇，是三乡温泉区的高性价比选择，500到1200一晚，有室内外温泉泡池和儿童水上乐园亲子首选，周边郑观应故居罗三妹山都在10分钟车程内。

  [5] 深中通道 — 2024年通车，彻底改变了中山的区位格局
      综合得分: 0.6956  (向量:0.3956 + 关键词:0.0000 + 标签:0.3000)
      标签: ['交通出行', '住宿', '南朗街道', '宵夜', '网红打卡', '翠亨新区', '自然风光', '购物']
      来源: general/general\zhongshan_travel.md
      内容: 这绝对是中山近年来最大的交通事件。深中通道2024年6月30日正式通车，全长24公里，是把桥、岛、隧、水下互通集合在一起的世界级超级工程。现在从深圳宝安机场到中山马鞍岛只要30分钟左右，从深圳南山到中山市区大概50分钟。双向8车道，限速100公里每小时。目前暂时免收通行费。
跨市公交也同步开通了。深中001路从深圳前海梦工场北区到中山博览中心，约50分钟票价18元；深中002路从深圳前海到中山国际酒店票价15元。运营时间大概是早上6点半到晚上9点，早晚高峰15分钟一班。微信小程序搜"深中跨市公交"可以查实时班次和买票。自驾的话导航设马鞍岛或者南朗出口，深中通道走到头走翠亨快线15分钟就到南朗了

  [6] 孙中山故里旅游区 — 5A景区，中山最核心的文化地标
      综合得分: 0.6877  (向量:0.3877 + 关键词:0.0000 + 标签:0.3000)
      标签: ['交通出行', '南朗街道', '历史文化', '攻略', '网红打卡', '自然风光']
      来源: general/general\zhongshan_travel.md
      内容: 这个景区在南朗街道翠亨村，翠亨大道93号，是中山唯一的5A级景区。整个旅游区包括孙中山故居纪念馆、中山影视城、辛亥革命纪念公园和犁头尖山几个部分。故居纪念馆是免费的，但要在孙中山故居纪念馆公众号上提前预约。影视城单独收费65块。开放时间是早上9点到下午5点半，周一闭馆（节假日正常开放），千万别周一跑来吃闭门羹。
孙中山故居本身是1892年孙中山亲自设计建造的二层砖木结构楼房，红墙绿瓦中西合璧的风格，里面展示了孙中山出生和成长的环境。门口那棵酸子树是孙中山1883年从檀香山带回来的树种，活到现在也是个奇迹。交通方面，坐广珠城轨到南朗站下车转公交就能到，自驾的话停车也方便。
中山影视城就在故居旁边

================================================================================
[2026-05-30 20:05:23] 查询: 🚌 公交方案（推荐） 差评 刷评 避坑 贵 排队
耗时: 577.6 ms | 命中数: 2 | 阈值: 0.3
--------------------------------------------------------------------------------

  [1] 旅游避坑和实用建议
      综合得分: 0.7382  (向量:0.2882 + 关键词:0.1500 + 标签:0.3000)
      标签: ['东升镇', '乳鸽', '五桂山街道', '交通出行', '住宿', '南朗街道', '历史文化', '小榄镇', '攻略', '海鲜', '温泉', '神湾镇', '翠亨新区', '自然风光']
      来源: general/general\zhongshan_travel.md
      内容: 最佳旅行时间是每年10到12月的秋季和3到5月的春季，气温最舒适。夏天6到9月高温多雨还有台风，出行注意天气预报。冬天1到2月湿冷但游客少。3到4月是回南天特别潮湿衣服多带两件。
什么季节吃什么也有讲究：10到12月乳鸽最肥美，11月小榄菊花会品菊花宴，3到5月脆肉鲩最鲜，5到8月吃荔枝菌，10到11月吃神湾菠萝。
有几个景点必须提前预约别跑空——孙中山故居纪念馆要在公众号预约，中山市博物馆要在文旅中山公众号预约，翠亨国家湿地公园也要预约。三个都是周一闭馆。节假日人流量大建议提前2到3天约好。
防坑方面：景区周边的三轮车摩的不要坐价格虚高不安全，叫网约车最靠谱。部分餐厅会推荐高价海鲜点菜前一定

  [2] 周末遛弯（半天闲逛+随便吃点）
      综合得分: 0.5963  (向量:0.2663 + 关键词:0.0300 + 标签:0.3000)
      标签: ['五桂山街道', '交通出行', '南朗街道', '历史文化', '咖啡', '小吃', '攻略', '石岐区', '自然风光', '西区', '购物']
      来源: food/food\scene_guide.md
      内容: - 优先级：顺路 > 轻松 > 不排队
- 推荐类型：街边小吃、咖啡馆、面包店
- 人均预算：30-60元
- 搜关键词：咖啡、小吃、骑楼、老街、公园
- 中山最佳遛弯路线：
  - 石岐老城线：孙文西路→香山商业文化博物馆→白水井大街吃满足面/顺柚记→岐江公园→烟墩山看日落→兴中广场（全程步行）
  - 崖口稻田线：崖口村稻田→向云端咖啡(25元)→崖口云吞(15元)→东堤海景路骑行→煲仔饭(30元)
  - 五桂山户外线：逍遥谷→旗溪村鸡煲→桂南村不荒樟咖啡(28元)

================================================================================
[2026-05-30 20:05:23] 查询: 最优路线 差评 刷评 避坑 贵 排队
耗时: 476.1 ms | 命中数: 2 | 阈值: 0.3
--------------------------------------------------------------------------------

  [1] 旅游避坑和实用建议
      综合得分: 0.6366  (向量:0.3366 + 关键词:0.1500 + 标签:0.1500)
      标签: ['东升镇', '乳鸽', '五桂山街道', '交通出行', '住宿', '南朗街道', '历史文化', '小榄镇', '攻略', '海鲜', '温泉', '神湾镇', '翠亨新区', '自然风光']
      来源: general/general\zhongshan_travel.md
      内容: 最佳旅行时间是每年10到12月的秋季和3到5月的春季，气温最舒适。夏天6到9月高温多雨还有台风，出行注意天气预报。冬天1到2月湿冷但游客少。3到4月是回南天特别潮湿衣服多带两件。
什么季节吃什么也有讲究：10到12月乳鸽最肥美，11月小榄菊花会品菊花宴，3到5月脆肉鲩最鲜，5到8月吃荔枝菌，10到11月吃神湾菠萝。
有几个景点必须提前预约别跑空——孙中山故居纪念馆要在公众号预约，中山市博物馆要在文旅中山公众号预约，翠亨国家湿地公园也要预约。三个都是周一闭馆。节假日人流量大建议提前2到3天约好。
防坑方面：景区周边的三轮车摩的不要坐价格虚高不安全，叫网约车最靠谱。部分餐厅会推荐高价海鲜点菜前一定

  [2] 避坑和实用贴士
      综合得分: 0.5926  (向量:0.2326 + 关键词:0.2100 + 标签:0.1500)
      标签: ['三乡镇', '东升镇', '乳鸽', '历史文化', '小吃', '小榄镇', '攻略', '早茶', '沙溪镇', '海鲜', '石岐区', '自然风光', '购物', '黄圃镇']
      来源: food/food\zhongshan_restaurants.md
      内容: 中山的早茶人均30到50块，基本是广州的三分之一价格，爱群食店6点开门建议8点前到免排队，周一和周四点心还打8折。乳鸽认准12到13天的妙龄鸽，石岐佬建议工作日11点前或17点前到，周末排队至少半小时。省钱吃法：早茶30到50一个人，乳鸽专门店60到80，海鲜大餐100到150。东升镇的脆肉鲩最正宗，沙溪镇的隆都菜最地道，石岐区的乳鸽最集中。三乡濑粉源于清嘉庆年间有200多年历史，上汤是灵魂要放烧鹅和叉烧。小榄菊花会每年11月下旬到12月举行，以菊入馔是中山独有文化。黄圃镇的腊味可以真空包装带回家，煲仔饭放几片腊肠满分。

================================================================================
[2026-05-30 20:05:24] 查询: 路线 差评 刷评 避坑 贵 排队
耗时: 589.7 ms | 命中数: 2 | 阈值: 0.3
--------------------------------------------------------------------------------

  [1] 避坑和实用贴士
      综合得分: 0.5560  (向量:0.1960 + 关键词:0.2100 + 标签:0.1500)
      标签: ['三乡镇', '东升镇', '乳鸽', '历史文化', '小吃', '小榄镇', '攻略', '早茶', '沙溪镇', '海鲜', '石岐区', '自然风光', '购物', '黄圃镇']
      来源: food/food\zhongshan_restaurants.md
      内容: 中山的早茶人均30到50块，基本是广州的三分之一价格，爱群食店6点开门建议8点前到免排队，周一和周四点心还打8折。乳鸽认准12到13天的妙龄鸽，石岐佬建议工作日11点前或17点前到，周末排队至少半小时。省钱吃法：早茶30到50一个人，乳鸽专门店60到80，海鲜大餐100到150。东升镇的脆肉鲩最正宗，沙溪镇的隆都菜最地道，石岐区的乳鸽最集中。三乡濑粉源于清嘉庆年间有200多年历史，上汤是灵魂要放烧鹅和叉烧。小榄菊花会每年11月下旬到12月举行，以菊入馔是中山独有文化。黄圃镇的腊味可以真空包装带回家，煲仔饭放几片腊肠满分。

  [2] 旅游避坑和实用建议
      综合得分: 0.5548  (向量:0.2548 + 关键词:0.1500 + 标签:0.1500)
      标签: ['东升镇', '乳鸽', '五桂山街道', '交通出行', '住宿', '南朗街道', '历史文化', '小榄镇', '攻略', '海鲜', '温泉', '神湾镇', '翠亨新区', '自然风光']
      来源: general/general\zhongshan_travel.md
      内容: 最佳旅行时间是每年10到12月的秋季和3到5月的春季，气温最舒适。夏天6到9月高温多雨还有台风，出行注意天气预报。冬天1到2月湿冷但游客少。3到4月是回南天特别潮湿衣服多带两件。
什么季节吃什么也有讲究：10到12月乳鸽最肥美，11月小榄菊花会品菊花宴，3到5月脆肉鲩最鲜，5到8月吃荔枝菌，10到11月吃神湾菠萝。
有几个景点必须提前预约别跑空——孙中山故居纪念馆要在公众号预约，中山市博物馆要在文旅中山公众号预约，翠亨国家湿地公园也要预约。三个都是周一闭馆。节假日人流量大建议提前2到3天约好。
防坑方面：景区周边的三轮车摩的不要坐价格虚高不安全，叫网约车最靠谱。部分餐厅会推荐高价海鲜点菜前一定

================================================================================
[2026-05-30 20:07:00] 查询: 🚌 公交方案（推荐） 差评 刷评 避坑 贵 排队
耗时: 551.0 ms | 命中数: 2 | 阈值: 0.3
--------------------------------------------------------------------------------

  [1] 旅游避坑和实用建议
      综合得分: 0.7382  (向量:0.2882 + 关键词:0.1500 + 标签:0.3000)
      标签: ['东升镇', '乳鸽', '五桂山街道', '交通出行', '住宿', '南朗街道', '历史文化', '小榄镇', '攻略', '海鲜', '温泉', '神湾镇', '翠亨新区', '自然风光']
      来源: general/general\zhongshan_travel.md
      内容: 最佳旅行时间是每年10到12月的秋季和3到5月的春季，气温最舒适。夏天6到9月高温多雨还有台风，出行注意天气预报。冬天1到2月湿冷但游客少。3到4月是回南天特别潮湿衣服多带两件。
什么季节吃什么也有讲究：10到12月乳鸽最肥美，11月小榄菊花会品菊花宴，3到5月脆肉鲩最鲜，5到8月吃荔枝菌，10到11月吃神湾菠萝。
有几个景点必须提前预约别跑空——孙中山故居纪念馆要在公众号预约，中山市博物馆要在文旅中山公众号预约，翠亨国家湿地公园也要预约。三个都是周一闭馆。节假日人流量大建议提前2到3天约好。
防坑方面：景区周边的三轮车摩的不要坐价格虚高不安全，叫网约车最靠谱。部分餐厅会推荐高价海鲜点菜前一定

  [2] 周末遛弯（半天闲逛+随便吃点）
      综合得分: 0.5963  (向量:0.2663 + 关键词:0.0300 + 标签:0.3000)
      标签: ['五桂山街道', '交通出行', '南朗街道', '历史文化', '咖啡', '小吃', '攻略', '石岐区', '自然风光', '西区', '购物']
      来源: food/food\scene_guide.md
      内容: - 优先级：顺路 > 轻松 > 不排队
- 推荐类型：街边小吃、咖啡馆、面包店
- 人均预算：30-60元
- 搜关键词：咖啡、小吃、骑楼、老街、公园
- 中山最佳遛弯路线：
  - 石岐老城线：孙文西路→香山商业文化博物馆→白水井大街吃满足面/顺柚记→岐江公园→烟墩山看日落→兴中广场（全程步行）
  - 崖口稻田线：崖口村稻田→向云端咖啡(25元)→崖口云吞(15元)→东堤海景路骑行→煲仔饭(30元)
  - 五桂山户外线：逍遥谷→旗溪村鸡煲→桂南村不荒樟咖啡(28元)

================================================================================
[2026-05-30 20:07:00] 查询: 最优路线（24分钟） 差评 刷评 避坑 贵 排队
耗时: 509.1 ms | 命中数: 2 | 阈值: 0.3
--------------------------------------------------------------------------------

  [1] 旅游避坑和实用建议
      综合得分: 0.6828  (向量:0.3828 + 关键词:0.1500 + 标签:0.1500)
      标签: ['东升镇', '乳鸽', '五桂山街道', '交通出行', '住宿', '南朗街道', '历史文化', '小榄镇', '攻略', '海鲜', '温泉', '神湾镇', '翠亨新区', '自然风光']
      来源: general/general\zhongshan_travel.md
      内容: 最佳旅行时间是每年10到12月的秋季和3到5月的春季，气温最舒适。夏天6到9月高温多雨还有台风，出行注意天气预报。冬天1到2月湿冷但游客少。3到4月是回南天特别潮湿衣服多带两件。
什么季节吃什么也有讲究：10到12月乳鸽最肥美，11月小榄菊花会品菊花宴，3到5月脆肉鲩最鲜，5到8月吃荔枝菌，10到11月吃神湾菠萝。
有几个景点必须提前预约别跑空——孙中山故居纪念馆要在公众号预约，中山市博物馆要在文旅中山公众号预约，翠亨国家湿地公园也要预约。三个都是周一闭馆。节假日人流量大建议提前2到3天约好。
防坑方面：景区周边的三轮车摩的不要坐价格虚高不安全，叫网约车最靠谱。部分餐厅会推荐高价海鲜点菜前一定

  [2] 避坑和实用贴士
      综合得分: 0.6154  (向量:0.2554 + 关键词:0.2100 + 标签:0.1500)
      标签: ['三乡镇', '东升镇', '乳鸽', '历史文化', '小吃', '小榄镇', '攻略', '早茶', '沙溪镇', '海鲜', '石岐区', '自然风光', '购物', '黄圃镇']
      来源: food/food\zhongshan_restaurants.md
      内容: 中山的早茶人均30到50块，基本是广州的三分之一价格，爱群食店6点开门建议8点前到免排队，周一和周四点心还打8折。乳鸽认准12到13天的妙龄鸽，石岐佬建议工作日11点前或17点前到，周末排队至少半小时。省钱吃法：早茶30到50一个人，乳鸽专门店60到80，海鲜大餐100到150。东升镇的脆肉鲩最正宗，沙溪镇的隆都菜最地道，石岐区的乳鸽最集中。三乡濑粉源于清嘉庆年间有200多年历史，上汤是灵魂要放烧鹅和叉烧。小榄菊花会每年11月下旬到12月举行，以菊入馔是中山独有文化。黄圃镇的腊味可以真空包装带回家，煲仔饭放几片腊肠满分。

================================================================================
[2026-05-30 20:07:01] 查询: 步行124米 差评 刷评 避坑 贵 排队
耗时: 522.5 ms | 命中数: 2 | 阈值: 0.3
--------------------------------------------------------------------------------

  [1] 避坑和实用贴士
      综合得分: 0.4965  (向量:0.1365 + 关键词:0.2100 + 标签:0.1500)
      标签: ['三乡镇', '东升镇', '乳鸽', '历史文化', '小吃', '小榄镇', '攻略', '早茶', '沙溪镇', '海鲜', '石岐区', '自然风光', '购物', '黄圃镇']
      来源: food/food\zhongshan_restaurants.md
      内容: 中山的早茶人均30到50块，基本是广州的三分之一价格，爱群食店6点开门建议8点前到免排队，周一和周四点心还打8折。乳鸽认准12到13天的妙龄鸽，石岐佬建议工作日11点前或17点前到，周末排队至少半小时。省钱吃法：早茶30到50一个人，乳鸽专门店60到80，海鲜大餐100到150。东升镇的脆肉鲩最正宗，沙溪镇的隆都菜最地道，石岐区的乳鸽最集中。三乡濑粉源于清嘉庆年间有200多年历史，上汤是灵魂要放烧鹅和叉烧。小榄菊花会每年11月下旬到12月举行，以菊入馔是中山独有文化。黄圃镇的腊味可以真空包装带回家，煲仔饭放几片腊肠满分。

  [2] 旅游避坑和实用建议
      综合得分: 0.4949  (向量:0.1949 + 关键词:0.1500 + 标签:0.1500)
      标签: ['东升镇', '乳鸽', '五桂山街道', '交通出行', '住宿', '南朗街道', '历史文化', '小榄镇', '攻略', '海鲜', '温泉', '神湾镇', '翠亨新区', '自然风光']
      来源: general/general\zhongshan_travel.md
      内容: 最佳旅行时间是每年10到12月的秋季和3到5月的春季，气温最舒适。夏天6到9月高温多雨还有台风，出行注意天气预报。冬天1到2月湿冷但游客少。3到4月是回南天特别潮湿衣服多带两件。
什么季节吃什么也有讲究：10到12月乳鸽最肥美，11月小榄菊花会品菊花宴，3到5月脆肉鲩最鲜，5到8月吃荔枝菌，10到11月吃神湾菠萝。
有几个景点必须提前预约别跑空——孙中山故居纪念馆要在公众号预约，中山市博物馆要在文旅中山公众号预约，翠亨国家湿地公园也要预约。三个都是周一闭馆。节假日人流量大建议提前2到3天约好。
防坑方面：景区周边的三轮车摩的不要坐价格虚高不安全，叫网约车最靠谱。部分餐厅会推荐高价海鲜点菜前一定

================================================================================
[2026-05-30 20:07:38] 查询: 中山纪念图书馆 利和广场 路线规划
耗时: 613.6 ms | 命中数: 6 | 阈值: 0.3
--------------------------------------------------------------------------------

  [1] 周末遛弯（半天闲逛+随便吃点）
      综合得分: 0.8068  (向量:0.3568 + 关键词:0.0000 + 标签:0.4500)
      标签: ['五桂山街道', '交通出行', '南朗街道', '历史文化', '咖啡', '小吃', '攻略', '石岐区', '自然风光', '西区', '购物']
      来源: food/food\scene_guide.md
      内容: - 优先级：顺路 > 轻松 > 不排队
- 推荐类型：街边小吃、咖啡馆、面包店
- 人均预算：30-60元
- 搜关键词：咖啡、小吃、骑楼、老街、公园
- 中山最佳遛弯路线：
  - 石岐老城线：孙文西路→香山商业文化博物馆→白水井大街吃满足面/顺柚记→岐江公园→烟墩山看日落→兴中广场（全程步行）
  - 崖口稻田线：崖口村稻田→向云端咖啡(25元)→崖口云吞(15元)→东堤海景路骑行→煲仔饭(30元)
  - 五桂山户外线：逍遥谷→旗溪村鸡煲→桂南村不荒樟咖啡(28元)

  [2] 避坑和实用贴士
      综合得分: 0.7656  (向量:0.3156 + 关键词:0.0000 + 标签:0.4500)
      标签: ['三乡镇', '东升镇', '乳鸽', '历史文化', '小吃', '小榄镇', '攻略', '早茶', '沙溪镇', '海鲜', '石岐区', '自然风光', '购物', '黄圃镇']
      来源: food/food\zhongshan_restaurants.md
      内容: 中山的早茶人均30到50块，基本是广州的三分之一价格，爱群食店6点开门建议8点前到免排队，周一和周四点心还打8折。乳鸽认准12到13天的妙龄鸽，石岐佬建议工作日11点前或17点前到，周末排队至少半小时。省钱吃法：早茶30到50一个人，乳鸽专门店60到80，海鲜大餐100到150。东升镇的脆肉鲩最正宗，沙溪镇的隆都菜最地道，石岐区的乳鸽最集中。三乡濑粉源于清嘉庆年间有200多年历史，上汤是灵魂要放烧鹅和叉烧。小榄菊花会每年11月下旬到12月举行，以菊入馔是中山独有文化。黄圃镇的腊味可以真空包装带回家，煲仔饭放几片腊肠满分。

  [3] 中山市博物馆 — 2022年新馆，设计感超强
      综合得分: 0.7630  (向量:0.4630 + 关键词:0.0000 + 标签:0.3000)
      标签: ['历史文化', '攻略', '石岐区', '网红打卡', '自然风光']
      来源: general/general\zhongshan_travel.md
      内容: 在石岐区孙文中路197号，2022年新馆开放后成了中山新的文化地标。里面有三个常设展览：中山历史陈列、中山华侨历史、中山非物质文化遗产。最受欢迎的是一比一还原的民国街道场景，拍照非常出片。免费但要提前在"文旅中山"公众号预约，开放时间9点到下午5点，周一闭馆。

  [4] 市内酒店推荐 — 从五星到性价比
      综合得分: 0.7138  (向量:0.3838 + 关键词:0.0300 + 标签:0.3000)
      标签: ['三乡镇', '东区', '亲子', '住宿', '历史文化', '温泉', '石岐区', '自然风光', '购物']
      来源: general/general\zhongshan_travel.md
      内容: 中山利和希尔顿在石岐区中山三路16号，60层的城市地标，顶楼有360度城市观景台夜景绝美。楼顶还有Stop Here手工精酿啤酒吧，号称全球最高海拔之一。隔壁就是利和广场购物中心位置绝佳，700到1800一晚。中山名座假日酒店在三乡镇，是三乡温泉区的高性价比选择，500到1200一晚，有室内外温泉泡池和儿童水上乐园亲子首选，周边郑观应故居罗三妹山都在10分钟车程内。

  [5] 深中通道 — 2024年通车，彻底改变了中山的区位格局
      综合得分: 0.6956  (向量:0.3956 + 关键词:0.0000 + 标签:0.3000)
      标签: ['交通出行', '住宿', '南朗街道', '宵夜', '网红打卡', '翠亨新区', '自然风光', '购物']
      来源: general/general\zhongshan_travel.md
      内容: 这绝对是中山近年来最大的交通事件。深中通道2024年6月30日正式通车，全长24公里，是把桥、岛、隧、水下互通集合在一起的世界级超级工程。现在从深圳宝安机场到中山马鞍岛只要30分钟左右，从深圳南山到中山市区大概50分钟。双向8车道，限速100公里每小时。目前暂时免收通行费。
跨市公交也同步开通了。深中001路从深圳前海梦工场北区到中山博览中心，约50分钟票价18元；深中002路从深圳前海到中山国际酒店票价15元。运营时间大概是早上6点半到晚上9点，早晚高峰15分钟一班。微信小程序搜"深中跨市公交"可以查实时班次和买票。自驾的话导航设马鞍岛或者南朗出口，深中通道走到头走翠亨快线15分钟就到南朗了

  [6] 孙中山故里旅游区 — 5A景区，中山最核心的文化地标
      综合得分: 0.6877  (向量:0.3877 + 关键词:0.0000 + 标签:0.3000)
      标签: ['交通出行', '南朗街道', '历史文化', '攻略', '网红打卡', '自然风光']
      来源: general/general\zhongshan_travel.md
      内容: 这个景区在南朗街道翠亨村，翠亨大道93号，是中山唯一的5A级景区。整个旅游区包括孙中山故居纪念馆、中山影视城、辛亥革命纪念公园和犁头尖山几个部分。故居纪念馆是免费的，但要在孙中山故居纪念馆公众号上提前预约。影视城单独收费65块。开放时间是早上9点到下午5点半，周一闭馆（节假日正常开放），千万别周一跑来吃闭门羹。
孙中山故居本身是1892年孙中山亲自设计建造的二层砖木结构楼房，红墙绿瓦中西合璧的风格，里面展示了孙中山出生和成长的环境。门口那棵酸子树是孙中山1883年从檀香山带回来的树种，活到现在也是个奇迹。交通方面，坐广珠城轨到南朗站下车转公交就能到，自驾的话停车也方便。
中山影视城就在故居旁边

================================================================================
[2026-05-30 20:08:38] 查询: 公交方案（推荐） 差评 刷评 避坑 贵 排队
耗时: 637.5 ms | 命中数: 2 | 阈值: 0.3
--------------------------------------------------------------------------------

  [1] 旅游避坑和实用建议
      综合得分: 0.7333  (向量:0.2833 + 关键词:0.1500 + 标签:0.3000)
      标签: ['东升镇', '乳鸽', '五桂山街道', '交通出行', '住宿', '南朗街道', '历史文化', '小榄镇', '攻略', '海鲜', '温泉', '神湾镇', '翠亨新区', '自然风光']
      来源: general/general\zhongshan_travel.md
      内容: 最佳旅行时间是每年10到12月的秋季和3到5月的春季，气温最舒适。夏天6到9月高温多雨还有台风，出行注意天气预报。冬天1到2月湿冷但游客少。3到4月是回南天特别潮湿衣服多带两件。
什么季节吃什么也有讲究：10到12月乳鸽最肥美，11月小榄菊花会品菊花宴，3到5月脆肉鲩最鲜，5到8月吃荔枝菌，10到11月吃神湾菠萝。
有几个景点必须提前预约别跑空——孙中山故居纪念馆要在公众号预约，中山市博物馆要在文旅中山公众号预约，翠亨国家湿地公园也要预约。三个都是周一闭馆。节假日人流量大建议提前2到3天约好。
防坑方面：景区周边的三轮车摩的不要坐价格虚高不安全，叫网约车最靠谱。部分餐厅会推荐高价海鲜点菜前一定

  [2] 周末遛弯（半天闲逛+随便吃点）
      综合得分: 0.5720  (向量:0.2420 + 关键词:0.0300 + 标签:0.3000)
      标签: ['五桂山街道', '交通出行', '南朗街道', '历史文化', '咖啡', '小吃', '攻略', '石岐区', '自然风光', '西区', '购物']
      来源: food/food\scene_guide.md
      内容: - 优先级：顺路 > 轻松 > 不排队
- 推荐类型：街边小吃、咖啡馆、面包店
- 人均预算：30-60元
- 搜关键词：咖啡、小吃、骑楼、老街、公园
- 中山最佳遛弯路线：
  - 石岐老城线：孙文西路→香山商业文化博物馆→白水井大街吃满足面/顺柚记→岐江公园→烟墩山看日落→兴中广场（全程步行）
  - 崖口稻田线：崖口村稻田→向云端咖啡(25元)→崖口云吞(15元)→东堤海景路骑行→煲仔饭(30元)
  - 五桂山户外线：逍遥谷→旗溪村鸡煲→桂南村不荒樟咖啡(28元)

================================================================================
[2026-05-30 20:08:38] 查询: 最优路线 差评 刷评 避坑 贵 排队
耗时: 511.5 ms | 命中数: 2 | 阈值: 0.3
--------------------------------------------------------------------------------

  [1] 旅游避坑和实用建议
      综合得分: 0.6366  (向量:0.3366 + 关键词:0.1500 + 标签:0.1500)
      标签: ['东升镇', '乳鸽', '五桂山街道', '交通出行', '住宿', '南朗街道', '历史文化', '小榄镇', '攻略', '海鲜', '温泉', '神湾镇', '翠亨新区', '自然风光']
      来源: general/general\zhongshan_travel.md
      内容: 最佳旅行时间是每年10到12月的秋季和3到5月的春季，气温最舒适。夏天6到9月高温多雨还有台风，出行注意天气预报。冬天1到2月湿冷但游客少。3到4月是回南天特别潮湿衣服多带两件。
什么季节吃什么也有讲究：10到12月乳鸽最肥美，11月小榄菊花会品菊花宴，3到5月脆肉鲩最鲜，5到8月吃荔枝菌，10到11月吃神湾菠萝。
有几个景点必须提前预约别跑空——孙中山故居纪念馆要在公众号预约，中山市博物馆要在文旅中山公众号预约，翠亨国家湿地公园也要预约。三个都是周一闭馆。节假日人流量大建议提前2到3天约好。
防坑方面：景区周边的三轮车摩的不要坐价格虚高不安全，叫网约车最靠谱。部分餐厅会推荐高价海鲜点菜前一定

  [2] 避坑和实用贴士
      综合得分: 0.5926  (向量:0.2326 + 关键词:0.2100 + 标签:0.1500)
      标签: ['三乡镇', '东升镇', '乳鸽', '历史文化', '小吃', '小榄镇', '攻略', '早茶', '沙溪镇', '海鲜', '石岐区', '自然风光', '购物', '黄圃镇']
      来源: food/food\zhongshan_restaurants.md
      内容: 中山的早茶人均30到50块，基本是广州的三分之一价格，爱群食店6点开门建议8点前到免排队，周一和周四点心还打8折。乳鸽认准12到13天的妙龄鸽，石岐佬建议工作日11点前或17点前到，周末排队至少半小时。省钱吃法：早茶30到50一个人，乳鸽专门店60到80，海鲜大餐100到150。东升镇的脆肉鲩最正宗，沙溪镇的隆都菜最地道，石岐区的乳鸽最集中。三乡濑粉源于清嘉庆年间有200多年历史，上汤是灵魂要放烧鹅和叉烧。小榄菊花会每年11月下旬到12月举行，以菊入馔是中山独有文化。黄圃镇的腊味可以真空包装带回家，煲仔饭放几片腊肠满分。

================================================================================
[2026-05-30 20:08:39] 查询: 015路（板桥方向） 差评 刷评 避坑 贵 排队
耗时: 486.3 ms | 命中数: 2 | 阈值: 0.3
--------------------------------------------------------------------------------

  [1] 避坑和实用贴士
      综合得分: 0.4955  (向量:0.1355 + 关键词:0.2100 + 标签:0.1500)
      标签: ['三乡镇', '东升镇', '乳鸽', '历史文化', '小吃', '小榄镇', '攻略', '早茶', '沙溪镇', '海鲜', '石岐区', '自然风光', '购物', '黄圃镇']
      来源: food/food\zhongshan_restaurants.md
      内容: 中山的早茶人均30到50块，基本是广州的三分之一价格，爱群食店6点开门建议8点前到免排队，周一和周四点心还打8折。乳鸽认准12到13天的妙龄鸽，石岐佬建议工作日11点前或17点前到，周末排队至少半小时。省钱吃法：早茶30到50一个人，乳鸽专门店60到80，海鲜大餐100到150。东升镇的脆肉鲩最正宗，沙溪镇的隆都菜最地道，石岐区的乳鸽最集中。三乡濑粉源于清嘉庆年间有200多年历史，上汤是灵魂要放烧鹅和叉烧。小榄菊花会每年11月下旬到12月举行，以菊入馔是中山独有文化。黄圃镇的腊味可以真空包装带回家，煲仔饭放几片腊肠满分。

  [2] 周末遛弯（半天闲逛+随便吃点）
      综合得分: 0.3762  (向量:0.1962 + 关键词:0.0300 + 标签:0.1500)
      标签: ['五桂山街道', '交通出行', '南朗街道', '历史文化', '咖啡', '小吃', '攻略', '石岐区', '自然风光', '西区', '购物']
      来源: food/food\scene_guide.md
      内容: - 优先级：顺路 > 轻松 > 不排队
- 推荐类型：街边小吃、咖啡馆、面包店
- 人均预算：30-60元
- 搜关键词：咖啡、小吃、骑楼、老街、公园
- 中山最佳遛弯路线：
  - 石岐老城线：孙文西路→香山商业文化博物馆→白水井大街吃满足面/顺柚记→岐江公园→烟墩山看日落→兴中广场（全程步行）
  - 崖口稻田线：崖口村稻田→向云端咖啡(25元)→崖口云吞(15元)→东堤海景路骑行→煲仔饭(30元)
  - 五桂山户外线：逍遥谷→旗溪村鸡煲→桂南村不荒樟咖啡(28元)

================================================================================
[2026-05-30 20:17:26] 查询: 路线1：B1路直达（29分钟 | 2元） 差评 刷评 避坑 贵 排队
耗时: 613.4 ms | 命中数: 2 | 阈值: 0.3
--------------------------------------------------------------------------------

  [1] 旅游避坑和实用建议
      综合得分: 0.5810  (向量:0.2810 + 关键词:0.1500 + 标签:0.1500)
      标签: ['东升镇', '乳鸽', '五桂山街道', '交通出行', '住宿', '南朗街道', '历史文化', '小榄镇', '攻略', '海鲜', '温泉', '神湾镇', '翠亨新区', '自然风光']
      来源: general/general\zhongshan_travel.md
      内容: 最佳旅行时间是每年10到12月的秋季和3到5月的春季，气温最舒适。夏天6到9月高温多雨还有台风，出行注意天气预报。冬天1到2月湿冷但游客少。3到4月是回南天特别潮湿衣服多带两件。
什么季节吃什么也有讲究：10到12月乳鸽最肥美，11月小榄菊花会品菊花宴，3到5月脆肉鲩最鲜，5到8月吃荔枝菌，10到11月吃神湾菠萝。
有几个景点必须提前预约别跑空——孙中山故居纪念馆要在公众号预约，中山市博物馆要在文旅中山公众号预约，翠亨国家湿地公园也要预约。三个都是周一闭馆。节假日人流量大建议提前2到3天约好。
防坑方面：景区周边的三轮车摩的不要坐价格虚高不安全，叫网约车最靠谱。部分餐厅会推荐高价海鲜点菜前一定

  [2] 避坑和实用贴士
      综合得分: 0.5707  (向量:0.2107 + 关键词:0.2100 + 标签:0.1500)
      标签: ['三乡镇', '东升镇', '乳鸽', '历史文化', '小吃', '小榄镇', '攻略', '早茶', '沙溪镇', '海鲜', '石岐区', '自然风光', '购物', '黄圃镇']
      来源: food/food\zhongshan_restaurants.md
      内容: 中山的早茶人均30到50块，基本是广州的三分之一价格，爱群食店6点开门建议8点前到免排队，周一和周四点心还打8折。乳鸽认准12到13天的妙龄鸽，石岐佬建议工作日11点前或17点前到，周末排队至少半小时。省钱吃法：早茶30到50一个人，乳鸽专门店60到80，海鲜大餐100到150。东升镇的脆肉鲩最正宗，沙溪镇的隆都菜最地道，石岐区的乳鸽最集中。三乡濑粉源于清嘉庆年间有200多年历史，上汤是灵魂要放烧鹅和叉烧。小榄菊花会每年11月下旬到12月举行，以菊入馔是中山独有文化。黄圃镇的腊味可以真空包装带回家，煲仔饭放几片腊肠满分。

================================================================================
[2026-05-30 20:17:26] 查询: 步行561米 差评 刷评 避坑 贵 排队
耗时: 541.5 ms | 命中数: 2 | 阈值: 0.3
--------------------------------------------------------------------------------

  [1] 旅游避坑和实用建议
      综合得分: 0.5389  (向量:0.2389 + 关键词:0.1500 + 标签:0.1500)
      标签: ['东升镇', '乳鸽', '五桂山街道', '交通出行', '住宿', '南朗街道', '历史文化', '小榄镇', '攻略', '海鲜', '温泉', '神湾镇', '翠亨新区', '自然风光']
      来源: general/general\zhongshan_travel.md
      内容: 最佳旅行时间是每年10到12月的秋季和3到5月的春季，气温最舒适。夏天6到9月高温多雨还有台风，出行注意天气预报。冬天1到2月湿冷但游客少。3到4月是回南天特别潮湿衣服多带两件。
什么季节吃什么也有讲究：10到12月乳鸽最肥美，11月小榄菊花会品菊花宴，3到5月脆肉鲩最鲜，5到8月吃荔枝菌，10到11月吃神湾菠萝。
有几个景点必须提前预约别跑空——孙中山故居纪念馆要在公众号预约，中山市博物馆要在文旅中山公众号预约，翠亨国家湿地公园也要预约。三个都是周一闭馆。节假日人流量大建议提前2到3天约好。
防坑方面：景区周边的三轮车摩的不要坐价格虚高不安全，叫网约车最靠谱。部分餐厅会推荐高价海鲜点菜前一定

  [2] 避坑和实用贴士
      综合得分: 0.5153  (向量:0.1553 + 关键词:0.2100 + 标签:0.1500)
      标签: ['三乡镇', '东升镇', '乳鸽', '历史文化', '小吃', '小榄镇', '攻略', '早茶', '沙溪镇', '海鲜', '石岐区', '自然风光', '购物', '黄圃镇']
      来源: food/food\zhongshan_restaurants.md
      内容: 中山的早茶人均30到50块，基本是广州的三分之一价格，爱群食店6点开门建议8点前到免排队，周一和周四点心还打8折。乳鸽认准12到13天的妙龄鸽，石岐佬建议工作日11点前或17点前到，周末排队至少半小时。省钱吃法：早茶30到50一个人，乳鸽专门店60到80，海鲜大餐100到150。东升镇的脆肉鲩最正宗，沙溪镇的隆都菜最地道，石岐区的乳鸽最集中。三乡濑粉源于清嘉庆年间有200多年历史，上汤是灵魂要放烧鹅和叉烧。小榄菊花会每年11月下旬到12月举行，以菊入馔是中山独有文化。黄圃镇的腊味可以真空包装带回家，煲仔饭放几片腊肠满分。

================================================================================
[2026-05-30 20:17:27] 查询: B1路公交 差评 刷评 避坑 贵 排队
耗时: 523.4 ms | 命中数: 2 | 阈值: 0.3
--------------------------------------------------------------------------------

  [1] 旅游避坑和实用建议
      综合得分: 0.5774  (向量:0.1274 + 关键词:0.1500 + 标签:0.3000)
      标签: ['东升镇', '乳鸽', '五桂山街道', '交通出行', '住宿', '南朗街道', '历史文化', '小榄镇', '攻略', '海鲜', '温泉', '神湾镇', '翠亨新区', '自然风光']
      来源: general/general\zhongshan_travel.md
      内容: 最佳旅行时间是每年10到12月的秋季和3到5月的春季，气温最舒适。夏天6到9月高温多雨还有台风，出行注意天气预报。冬天1到2月湿冷但游客少。3到4月是回南天特别潮湿衣服多带两件。
什么季节吃什么也有讲究：10到12月乳鸽最肥美，11月小榄菊花会品菊花宴，3到5月脆肉鲩最鲜，5到8月吃荔枝菌，10到11月吃神湾菠萝。
有几个景点必须提前预约别跑空——孙中山故居纪念馆要在公众号预约，中山市博物馆要在文旅中山公众号预约，翠亨国家湿地公园也要预约。三个都是周一闭馆。节假日人流量大建议提前2到3天约好。
防坑方面：景区周边的三轮车摩的不要坐价格虚高不安全，叫网约车最靠谱。部分餐厅会推荐高价海鲜点菜前一定

  [2] 周末遛弯（半天闲逛+随便吃点）
      综合得分: 0.5048  (向量:0.1748 + 关键词:0.0300 + 标签:0.3000)
      标签: ['五桂山街道', '交通出行', '南朗街道', '历史文化', '咖啡', '小吃', '攻略', '石岐区', '自然风光', '西区', '购物']
      来源: food/food\scene_guide.md
      内容: - 优先级：顺路 > 轻松 > 不排队
- 推荐类型：街边小吃、咖啡馆、面包店
- 人均预算：30-60元
- 搜关键词：咖啡、小吃、骑楼、老街、公园
- 中山最佳遛弯路线：
  - 石岐老城线：孙文西路→香山商业文化博物馆→白水井大街吃满足面/顺柚记→岐江公园→烟墩山看日落→兴中广场（全程步行）
  - 崖口稻田线：崖口村稻田→向云端咖啡(25元)→崖口云吞(15元)→东堤海景路骑行→煲仔饭(30元)
  - 五桂山户外线：逍遥谷→旗溪村鸡煲→桂南村不荒樟咖啡(28元)

================================================================================
[2026-05-30 20:17:50] 查询: 中山紫马岭公园到利和广场 路线规划 公交 打车 步行
耗时: 532.6 ms | 命中数: 6 | 阈值: 0.3
--------------------------------------------------------------------------------

  [1] 深中通道 — 2024年通车，彻底改变了中山的区位格局
      综合得分: 1.0024  (向量:0.4924 + 关键词:0.0600 + 标签:0.4500)
      标签: ['交通出行', '住宿', '南朗街道', '宵夜', '网红打卡', '翠亨新区', '自然风光', '购物']
      来源: general/general\zhongshan_travel.md
      内容: 这绝对是中山近年来最大的交通事件。深中通道2024年6月30日正式通车，全长24公里，是把桥、岛、隧、水下互通集合在一起的世界级超级工程。现在从深圳宝安机场到中山马鞍岛只要30分钟左右，从深圳南山到中山市区大概50分钟。双向8车道，限速100公里每小时。目前暂时免收通行费。
跨市公交也同步开通了。深中001路从深圳前海梦工场北区到中山博览中心，约50分钟票价18元；深中002路从深圳前海到中山国际酒店票价15元。运营时间大概是早上6点半到晚上9点，早晚高峰15分钟一班。微信小程序搜"深中跨市公交"可以查实时班次和买票。自驾的话导航设马鞍岛或者南朗出口，深中通道走到头走翠亨快线15分钟就到南朗了

  [2] 中山市区交通和广珠城轨
      综合得分: 0.9493  (向量:0.4993 + 关键词:0.1500 + 标签:0.3000)
      标签: ['交通出行', '南朗街道', '古镇镇', '小榄镇', '火炬开发区', '石岐区', '自然风光', '西区']
      来源: general/general\zhongshan_travel.md
      内容: 中山市区景点集中在石岐老城区，范围不大，走路加共享单车加公交组合最划算。公交起步2块支持微信支付宝乘车码，BRT快速公交覆盖主要干道。网约车起步约8到10块市区内打车一般20到40。骑共享单车逛老城区很舒服，孙文西路岐江公园一带全程步行就行。
广珠城轨有五个站要看清楚——中山站（火炬开发区和东区交界停靠车次多）、中山北站（石岐区离老城区最近）、小榄站（西北部去古镇灯都）、南朗站（去孙中山故里和崖口村最近）、古镇站（灯都）。广州南站到中山站约30分钟票价40块，珠海站到中山站约25到30分钟票价35块。自驾的话广州过来走广珠西线高速约90分钟，珠海澳门过来经广澳高速约40分钟。

  [3] 周末遛弯（半天闲逛+随便吃点）
      综合得分: 0.8865  (向量:0.4065 + 关键词:0.0300 + 标签:0.4500)
      标签: ['五桂山街道', '交通出行', '南朗街道', '历史文化', '咖啡', '小吃', '攻略', '石岐区', '自然风光', '西区', '购物']
      来源: food/food\scene_guide.md
      内容: - 优先级：顺路 > 轻松 > 不排队
- 推荐类型：街边小吃、咖啡馆、面包店
- 人均预算：30-60元
- 搜关键词：咖啡、小吃、骑楼、老街、公园
- 中山最佳遛弯路线：
  - 石岐老城线：孙文西路→香山商业文化博物馆→白水井大街吃满足面/顺柚记→岐江公园→烟墩山看日落→兴中广场（全程步行）
  - 崖口稻田线：崖口村稻田→向云端咖啡(25元)→崖口云吞(15元)→东堤海景路骑行→煲仔饭(30元)
  - 五桂山户外线：逍遥谷→旗溪村鸡煲→桂南村不荒樟咖啡(28元)

  [4] 孙中山故里旅游区 — 5A景区，中山最核心的文化地标
      综合得分: 0.8863  (向量:0.4063 + 关键词:0.0300 + 标签:0.4500)
      标签: ['交通出行', '南朗街道', '历史文化', '攻略', '网红打卡', '自然风光']
      来源: general/general\zhongshan_travel.md
      内容: 这个景区在南朗街道翠亨村，翠亨大道93号，是中山唯一的5A级景区。整个旅游区包括孙中山故居纪念馆、中山影视城、辛亥革命纪念公园和犁头尖山几个部分。故居纪念馆是免费的，但要在孙中山故居纪念馆公众号上提前预约。影视城单独收费65块。开放时间是早上9点到下午5点半，周一闭馆（节假日正常开放），千万别周一跑来吃闭门羹。
孙中山故居本身是1892年孙中山亲自设计建造的二层砖木结构楼房，红墙绿瓦中西合璧的风格，里面展示了孙中山出生和成长的环境。门口那棵酸子树是孙中山1883年从檀香山带回来的树种，活到现在也是个奇迹。交通方面，坐广珠城轨到南朗站下车转公交就能到，自驾的话停车也方便。
中山影视城就在故居旁边

  [5] 金钟水库和树木园 — 中山人周末最爱去的城市绿肺
      综合得分: 0.8184  (向量:0.3684 + 关键词:0.0000 + 标签:0.4500)
      标签: ['东区', '交通出行', '南区', '攻略', '烧烤', '自然风光']
      来源: general/general\zhongshan_travel.md
      内容: 金钟水库在东区新安村，绕水库一圈大概12公里全程绿道，有专门的自行车道，可以租车骑行（约20块一小时），也有烧烤场。环境清幽湖水碧绿，节假日人多建议早上去。树木园在南区南外环路，和金钟水库不同，这里以植物科普为主，有竹园木兰园等专类园区，绿道平缓适合老人小孩。

  [6] 孙文西路步行街和香山古城 — 石岐老城的灵魂
      综合得分: 0.8059  (向量:0.3559 + 关键词:0.1500 + 标签:0.3000)
      标签: ['住宿', '历史文化', '小吃', '异国风味', '情侣', '石岐区', '网红打卡', '自然风光', '购物', '黄圃镇']
      来源: general/general\zhongshan_travel.md
      内容: 孙文西路是中山最老的商圈，整条街都是南洋风格的骑楼建筑。香山古城的核心区就在这里，2025年国庆假期这一带客流超过130万人次。街上值得看的：思豪大酒店旧楼、香山商业文化博物馆（三层粉色洋楼，本身就是网红拍照地标，馆内展示了香山商业发展史，中山作为侨乡，四大百货先施永安新新大新都和中山有关）。中山名品荟在原来中山百货大楼里面，一楼专门卖伴手礼，二楼卖中山本地生产的家电产品像威力奥马TCL这些。晚上灯光亮起来搭配岐江夜景非常浪漫。白水井大街也在附近，是当地人爱逛的老街，满足面和顺柚记等老字号小吃店就在这里，街边杂货铺还能买到石岐米酒和黄圃腊味，比景区便宜。

================================================================================
[2026-05-30 20:18:51] 查询: 公交方案（推荐） 差评 刷评 避坑 贵 排队
耗时: 552.4 ms | 命中数: 2 | 阈值: 0.3
--------------------------------------------------------------------------------

  [1] 旅游避坑和实用建议
      综合得分: 0.7333  (向量:0.2833 + 关键词:0.1500 + 标签:0.3000)
      标签: ['东升镇', '乳鸽', '五桂山街道', '交通出行', '住宿', '南朗街道', '历史文化', '小榄镇', '攻略', '海鲜', '温泉', '神湾镇', '翠亨新区', '自然风光']
      来源: general/general\zhongshan_travel.md
      内容: 最佳旅行时间是每年10到12月的秋季和3到5月的春季，气温最舒适。夏天6到9月高温多雨还有台风，出行注意天气预报。冬天1到2月湿冷但游客少。3到4月是回南天特别潮湿衣服多带两件。
什么季节吃什么也有讲究：10到12月乳鸽最肥美，11月小榄菊花会品菊花宴，3到5月脆肉鲩最鲜，5到8月吃荔枝菌，10到11月吃神湾菠萝。
有几个景点必须提前预约别跑空——孙中山故居纪念馆要在公众号预约，中山市博物馆要在文旅中山公众号预约，翠亨国家湿地公园也要预约。三个都是周一闭馆。节假日人流量大建议提前2到3天约好。
防坑方面：景区周边的三轮车摩的不要坐价格虚高不安全，叫网约车最靠谱。部分餐厅会推荐高价海鲜点菜前一定

  [2] 周末遛弯（半天闲逛+随便吃点）
      综合得分: 0.5720  (向量:0.2420 + 关键词:0.0300 + 标签:0.3000)
      标签: ['五桂山街道', '交通出行', '南朗街道', '历史文化', '咖啡', '小吃', '攻略', '石岐区', '自然风光', '西区', '购物']
      来源: food/food\scene_guide.md
      内容: - 优先级：顺路 > 轻松 > 不排队
- 推荐类型：街边小吃、咖啡馆、面包店
- 人均预算：30-60元
- 搜关键词：咖啡、小吃、骑楼、老街、公园
- 中山最佳遛弯路线：
  - 石岐老城线：孙文西路→香山商业文化博物馆→白水井大街吃满足面/顺柚记→岐江公园→烟墩山看日落→兴中广场（全程步行）
  - 崖口稻田线：崖口村稻田→向云端咖啡(25元)→崖口云吞(15元)→东堤海景路骑行→煲仔饭(30元)
  - 五桂山户外线：逍遥谷→旗溪村鸡煲→桂南村不荒樟咖啡(28元)

================================================================================
[2026-05-30 20:18:52] 查询: B10路（最快捷） 差评 刷评 避坑 贵 排队
耗时: 476.4 ms | 命中数: 2 | 阈值: 0.3
--------------------------------------------------------------------------------

  [1] 避坑和实用贴士
      综合得分: 0.5539  (向量:0.1939 + 关键词:0.2100 + 标签:0.1500)
      标签: ['三乡镇', '东升镇', '乳鸽', '历史文化', '小吃', '小榄镇', '攻略', '早茶', '沙溪镇', '海鲜', '石岐区', '自然风光', '购物', '黄圃镇']
      来源: food/food\zhongshan_restaurants.md
      内容: 中山的早茶人均30到50块，基本是广州的三分之一价格，爱群食店6点开门建议8点前到免排队，周一和周四点心还打8折。乳鸽认准12到13天的妙龄鸽，石岐佬建议工作日11点前或17点前到，周末排队至少半小时。省钱吃法：早茶30到50一个人，乳鸽专门店60到80，海鲜大餐100到150。东升镇的脆肉鲩最正宗，沙溪镇的隆都菜最地道，石岐区的乳鸽最集中。三乡濑粉源于清嘉庆年间有200多年历史，上汤是灵魂要放烧鹅和叉烧。小榄菊花会每年11月下旬到12月举行，以菊入馔是中山独有文化。黄圃镇的腊味可以真空包装带回家，煲仔饭放几片腊肠满分。

  [2] 旅游避坑和实用建议
      综合得分: 0.5019  (向量:0.2019 + 关键词:0.1500 + 标签:0.1500)
      标签: ['东升镇', '乳鸽', '五桂山街道', '交通出行', '住宿', '南朗街道', '历史文化', '小榄镇', '攻略', '海鲜', '温泉', '神湾镇', '翠亨新区', '自然风光']
      来源: general/general\zhongshan_travel.md
      内容: 最佳旅行时间是每年10到12月的秋季和3到5月的春季，气温最舒适。夏天6到9月高温多雨还有台风，出行注意天气预报。冬天1到2月湿冷但游客少。3到4月是回南天特别潮湿衣服多带两件。
什么季节吃什么也有讲究：10到12月乳鸽最肥美，11月小榄菊花会品菊花宴，3到5月脆肉鲩最鲜，5到8月吃荔枝菌，10到11月吃神湾菠萝。
有几个景点必须提前预约别跑空——孙中山故居纪念馆要在公众号预约，中山市博物馆要在文旅中山公众号预约，翠亨国家湿地公园也要预约。三个都是周一闭馆。节假日人流量大建议提前2到3天约好。
防坑方面：景区周边的三轮车摩的不要坐价格虚高不安全，叫网约车最靠谱。部分餐厅会推荐高价海鲜点菜前一定

================================================================================
[2026-05-30 20:18:52] 查询: 路线 差评 刷评 避坑 贵 排队
耗时: 490.7 ms | 命中数: 2 | 阈值: 0.3
--------------------------------------------------------------------------------

  [1] 避坑和实用贴士
      综合得分: 0.5560  (向量:0.1960 + 关键词:0.2100 + 标签:0.1500)
      标签: ['三乡镇', '东升镇', '乳鸽', '历史文化', '小吃', '小榄镇', '攻略', '早茶', '沙溪镇', '海鲜', '石岐区', '自然风光', '购物', '黄圃镇']
      来源: food/food\zhongshan_restaurants.md
      内容: 中山的早茶人均30到50块，基本是广州的三分之一价格，爱群食店6点开门建议8点前到免排队，周一和周四点心还打8折。乳鸽认准12到13天的妙龄鸽，石岐佬建议工作日11点前或17点前到，周末排队至少半小时。省钱吃法：早茶30到50一个人，乳鸽专门店60到80，海鲜大餐100到150。东升镇的脆肉鲩最正宗，沙溪镇的隆都菜最地道，石岐区的乳鸽最集中。三乡濑粉源于清嘉庆年间有200多年历史，上汤是灵魂要放烧鹅和叉烧。小榄菊花会每年11月下旬到12月举行，以菊入馔是中山独有文化。黄圃镇的腊味可以真空包装带回家，煲仔饭放几片腊肠满分。

  [2] 旅游避坑和实用建议
      综合得分: 0.5548  (向量:0.2548 + 关键词:0.1500 + 标签:0.1500)
      标签: ['东升镇', '乳鸽', '五桂山街道', '交通出行', '住宿', '南朗街道', '历史文化', '小榄镇', '攻略', '海鲜', '温泉', '神湾镇', '翠亨新区', '自然风光']
      来源: general/general\zhongshan_travel.md
      内容: 最佳旅行时间是每年10到12月的秋季和3到5月的春季，气温最舒适。夏天6到9月高温多雨还有台风，出行注意天气预报。冬天1到2月湿冷但游客少。3到4月是回南天特别潮湿衣服多带两件。
什么季节吃什么也有讲究：10到12月乳鸽最肥美，11月小榄菊花会品菊花宴，3到5月脆肉鲩最鲜，5到8月吃荔枝菌，10到11月吃神湾菠萝。
有几个景点必须提前预约别跑空——孙中山故居纪念馆要在公众号预约，中山市博物馆要在文旅中山公众号预约，翠亨国家湿地公园也要预约。三个都是周一闭馆。节假日人流量大建议提前2到3天约好。
防坑方面：景区周边的三轮车摩的不要坐价格虚高不安全，叫网约车最靠谱。部分餐厅会推荐高价海鲜点菜前一定

================================================================================
[2026-05-30 20:19:41] 查询: 中山紫马岭公园到利和广场 路线规划
耗时: 527.7 ms | 命中数: 6 | 阈值: 0.3
--------------------------------------------------------------------------------

  [1] 周末遛弯（半天闲逛+随便吃点）
      综合得分: 0.8341  (向量:0.3841 + 关键词:0.0000 + 标签:0.4500)
      标签: ['五桂山街道', '交通出行', '南朗街道', '历史文化', '咖啡', '小吃', '攻略', '石岐区', '自然风光', '西区', '购物']
      来源: food/food\scene_guide.md
      内容: - 优先级：顺路 > 轻松 > 不排队
- 推荐类型：街边小吃、咖啡馆、面包店
- 人均预算：30-60元
- 搜关键词：咖啡、小吃、骑楼、老街、公园
- 中山最佳遛弯路线：
  - 石岐老城线：孙文西路→香山商业文化博物馆→白水井大街吃满足面/顺柚记→岐江公园→烟墩山看日落→兴中广场（全程步行）
  - 崖口稻田线：崖口村稻田→向云端咖啡(25元)→崖口云吞(15元)→东堤海景路骑行→煲仔饭(30元)
  - 五桂山户外线：逍遥谷→旗溪村鸡煲→桂南村不荒樟咖啡(28元)

  [2] 深中通道 — 2024年通车，彻底改变了中山的区位格局
      综合得分: 0.7917  (向量:0.4917 + 关键词:0.0000 + 标签:0.3000)
      标签: ['交通出行', '住宿', '南朗街道', '宵夜', '网红打卡', '翠亨新区', '自然风光', '购物']
      来源: general/general\zhongshan_travel.md
      内容: 这绝对是中山近年来最大的交通事件。深中通道2024年6月30日正式通车，全长24公里，是把桥、岛、隧、水下互通集合在一起的世界级超级工程。现在从深圳宝安机场到中山马鞍岛只要30分钟左右，从深圳南山到中山市区大概50分钟。双向8车道，限速100公里每小时。目前暂时免收通行费。
跨市公交也同步开通了。深中001路从深圳前海梦工场北区到中山博览中心，约50分钟票价18元；深中002路从深圳前海到中山国际酒店票价15元。运营时间大概是早上6点半到晚上9点，早晚高峰15分钟一班。微信小程序搜"深中跨市公交"可以查实时班次和买票。自驾的话导航设马鞍岛或者南朗出口，深中通道走到头走翠亨快线15分钟就到南朗了

  [3] 中山市博物馆 — 2022年新馆，设计感超强
      综合得分: 0.6923  (向量:0.3923 + 关键词:0.0000 + 标签:0.3000)
      标签: ['历史文化', '攻略', '石岐区', '网红打卡', '自然风光']
      来源: general/general\zhongshan_travel.md
      内容: 在石岐区孙文中路197号，2022年新馆开放后成了中山新的文化地标。里面有三个常设展览：中山历史陈列、中山华侨历史、中山非物质文化遗产。最受欢迎的是一比一还原的民国街道场景，拍照非常出片。免费但要提前在"文旅中山"公众号预约，开放时间9点到下午5点，周一闭馆。

  [4] 孙中山故里旅游区 — 5A景区，中山最核心的文化地标
      综合得分: 0.6867  (向量:0.3867 + 关键词:0.0000 + 标签:0.3000)
      标签: ['交通出行', '南朗街道', '历史文化', '攻略', '网红打卡', '自然风光']
      来源: general/general\zhongshan_travel.md
      内容: 这个景区在南朗街道翠亨村，翠亨大道93号，是中山唯一的5A级景区。整个旅游区包括孙中山故居纪念馆、中山影视城、辛亥革命纪念公园和犁头尖山几个部分。故居纪念馆是免费的，但要在孙中山故居纪念馆公众号上提前预约。影视城单独收费65块。开放时间是早上9点到下午5点半，周一闭馆（节假日正常开放），千万别周一跑来吃闭门羹。
孙中山故居本身是1892年孙中山亲自设计建造的二层砖木结构楼房，红墙绿瓦中西合璧的风格，里面展示了孙中山出生和成长的环境。门口那棵酸子树是孙中山1883年从檀香山带回来的树种，活到现在也是个奇迹。交通方面，坐广珠城轨到南朗站下车转公交就能到，自驾的话停车也方便。
中山影视城就在故居旁边

  [5] 富逸城和各大购物中心
      综合得分: 0.6725  (向量:0.3725 + 关键词:0.0000 + 标签:0.3000)
      标签: ['东区', '住宿', '坦洲镇', '夜市', '火锅', '石岐区', '自然风光', '购物']
      来源: general/general\zhongshan_travel.md
      内容: 富逸城TopPark在石岐区莲员东路，2024年新开的超级大商场，超200个品牌入驻，中庭有巨型瀑布景观很震撼，餐饮选择从快餐到正餐火锅日料都有。利和广场在石岐区中山三路紧邻希尔顿酒店，高端商场奢侈品美妆国际名品齐全，楼下有文华里美食街。中山优越城在坦洲镇界狮南路是坦洲最大购物中心。兴中广场在石岐区凤鸣路岐江边上，晚上变身滨江体验式消费地标。

  [6] 马鞍岛和翠亨国家湿地公园 — 人少景美的冷门好去处
      综合得分: 0.6721  (向量:0.3721 + 关键词:0.0000 + 标签:0.3000)
      标签: ['南朗街道', '攻略', '翠亨新区', '自然风光']
      来源: general/general\zhongshan_travel.md
      内容: 翠亨新区马鞍岛除了看深中大桥日出，还有个翠亨国家湿地公园，国家级湿地，红树林芦苇荡加候鸟天堂。和深圳隔海相望，看深中大桥很壮观。免费但需要提前在官方渠道预约，9点到5点开放。人比市区景点少得多，适合喜欢清静的人。

================================================================================
[2026-05-30 20:20:40] 查询: 🚌 公交方案（推荐BRT快速公交） 差评 刷评 避坑 贵 排队
耗时: 531.6 ms | 命中数: 2 | 阈值: 0.3
--------------------------------------------------------------------------------

  [1] 旅游避坑和实用建议
      综合得分: 0.7074  (向量:0.2574 + 关键词:0.1500 + 标签:0.3000)
      标签: ['东升镇', '乳鸽', '五桂山街道', '交通出行', '住宿', '南朗街道', '历史文化', '小榄镇', '攻略', '海鲜', '温泉', '神湾镇', '翠亨新区', '自然风光']
      来源: general/general\zhongshan_travel.md
      内容: 最佳旅行时间是每年10到12月的秋季和3到5月的春季，气温最舒适。夏天6到9月高温多雨还有台风，出行注意天气预报。冬天1到2月湿冷但游客少。3到4月是回南天特别潮湿衣服多带两件。
什么季节吃什么也有讲究：10到12月乳鸽最肥美，11月小榄菊花会品菊花宴，3到5月脆肉鲩最鲜，5到8月吃荔枝菌，10到11月吃神湾菠萝。
有几个景点必须提前预约别跑空——孙中山故居纪念馆要在公众号预约，中山市博物馆要在文旅中山公众号预约，翠亨国家湿地公园也要预约。三个都是周一闭馆。节假日人流量大建议提前2到3天约好。
防坑方面：景区周边的三轮车摩的不要坐价格虚高不安全，叫网约车最靠谱。部分餐厅会推荐高价海鲜点菜前一定

  [2] 中山市区交通和广珠城轨
      综合得分: 0.5800  (向量:0.4300 + 关键词:0.0000 + 标签:0.1500)
      标签: ['交通出行', '南朗街道', '古镇镇', '小榄镇', '火炬开发区', '石岐区', '自然风光', '西区']
      来源: general/general\zhongshan_travel.md
      内容: 中山市区景点集中在石岐老城区，范围不大，走路加共享单车加公交组合最划算。公交起步2块支持微信支付宝乘车码，BRT快速公交覆盖主要干道。网约车起步约8到10块市区内打车一般20到40。骑共享单车逛老城区很舒服，孙文西路岐江公园一带全程步行就行。
广珠城轨有五个站要看清楚——中山站（火炬开发区和东区交界停靠车次多）、中山北站（石岐区离老城区最近）、小榄站（西北部去古镇灯都）、南朗站（去孙中山故里和崖口村最近）、古镇站（灯都）。广州南站到中山站约30分钟票价40块，珠海站到中山站约25到30分钟票价35块。自驾的话广州过来走广珠西线高速约90分钟，珠海澳门过来经广澳高速约40分钟。

================================================================================
[2026-05-30 20:20:40] 查询: B10路（最优选） 差评 刷评 避坑 贵 排队
耗时: 486.2 ms | 命中数: 2 | 阈值: 0.3
--------------------------------------------------------------------------------

  [1] 避坑和实用贴士
      综合得分: 0.5214  (向量:0.1614 + 关键词:0.2100 + 标签:0.1500)
      标签: ['三乡镇', '东升镇', '乳鸽', '历史文化', '小吃', '小榄镇', '攻略', '早茶', '沙溪镇', '海鲜', '石岐区', '自然风光', '购物', '黄圃镇']
      来源: food/food\zhongshan_restaurants.md
      内容: 中山的早茶人均30到50块，基本是广州的三分之一价格，爱群食店6点开门建议8点前到免排队，周一和周四点心还打8折。乳鸽认准12到13天的妙龄鸽，石岐佬建议工作日11点前或17点前到，周末排队至少半小时。省钱吃法：早茶30到50一个人，乳鸽专门店60到80，海鲜大餐100到150。东升镇的脆肉鲩最正宗，沙溪镇的隆都菜最地道，石岐区的乳鸽最集中。三乡濑粉源于清嘉庆年间有200多年历史，上汤是灵魂要放烧鹅和叉烧。小榄菊花会每年11月下旬到12月举行，以菊入馔是中山独有文化。黄圃镇的腊味可以真空包装带回家，煲仔饭放几片腊肠满分。

  [2] 旅游避坑和实用建议
      综合得分: 0.4781  (向量:0.1781 + 关键词:0.1500 + 标签:0.1500)
      标签: ['东升镇', '乳鸽', '五桂山街道', '交通出行', '住宿', '南朗街道', '历史文化', '小榄镇', '攻略', '海鲜', '温泉', '神湾镇', '翠亨新区', '自然风光']
      来源: general/general\zhongshan_travel.md
      内容: 最佳旅行时间是每年10到12月的秋季和3到5月的春季，气温最舒适。夏天6到9月高温多雨还有台风，出行注意天气预报。冬天1到2月湿冷但游客少。3到4月是回南天特别潮湿衣服多带两件。
什么季节吃什么也有讲究：10到12月乳鸽最肥美，11月小榄菊花会品菊花宴，3到5月脆肉鲩最鲜，5到8月吃荔枝菌，10到11月吃神湾菠萝。
有几个景点必须提前预约别跑空——孙中山故居纪念馆要在公众号预约，中山市博物馆要在文旅中山公众号预约，翠亨国家湿地公园也要预约。三个都是周一闭馆。节假日人流量大建议提前2到3天约好。
防坑方面：景区周边的三轮车摩的不要坐价格虚高不安全，叫网约车最靠谱。部分餐厅会推荐高价海鲜点菜前一定

================================================================================
[2026-05-30 20:20:41] 查询: 路线 差评 刷评 避坑 贵 排队
耗时: 464.8 ms | 命中数: 2 | 阈值: 0.3
--------------------------------------------------------------------------------

  [1] 避坑和实用贴士
      综合得分: 0.5560  (向量:0.1960 + 关键词:0.2100 + 标签:0.1500)
      标签: ['三乡镇', '东升镇', '乳鸽', '历史文化', '小吃', '小榄镇', '攻略', '早茶', '沙溪镇', '海鲜', '石岐区', '自然风光', '购物', '黄圃镇']
      来源: food/food\zhongshan_restaurants.md
      内容: 中山的早茶人均30到50块，基本是广州的三分之一价格，爱群食店6点开门建议8点前到免排队，周一和周四点心还打8折。乳鸽认准12到13天的妙龄鸽，石岐佬建议工作日11点前或17点前到，周末排队至少半小时。省钱吃法：早茶30到50一个人，乳鸽专门店60到80，海鲜大餐100到150。东升镇的脆肉鲩最正宗，沙溪镇的隆都菜最地道，石岐区的乳鸽最集中。三乡濑粉源于清嘉庆年间有200多年历史，上汤是灵魂要放烧鹅和叉烧。小榄菊花会每年11月下旬到12月举行，以菊入馔是中山独有文化。黄圃镇的腊味可以真空包装带回家，煲仔饭放几片腊肠满分。

  [2] 旅游避坑和实用建议
      综合得分: 0.5548  (向量:0.2548 + 关键词:0.1500 + 标签:0.1500)
      标签: ['东升镇', '乳鸽', '五桂山街道', '交通出行', '住宿', '南朗街道', '历史文化', '小榄镇', '攻略', '海鲜', '温泉', '神湾镇', '翠亨新区', '自然风光']
      来源: general/general\zhongshan_travel.md
      内容: 最佳旅行时间是每年10到12月的秋季和3到5月的春季，气温最舒适。夏天6到9月高温多雨还有台风，出行注意天气预报。冬天1到2月湿冷但游客少。3到4月是回南天特别潮湿衣服多带两件。
什么季节吃什么也有讲究：10到12月乳鸽最肥美，11月小榄菊花会品菊花宴，3到5月脆肉鲩最鲜，5到8月吃荔枝菌，10到11月吃神湾菠萝。
有几个景点必须提前预约别跑空——孙中山故居纪念馆要在公众号预约，中山市博物馆要在文旅中山公众号预约，翠亨国家湿地公园也要预约。三个都是周一闭馆。节假日人流量大建议提前2到3天约好。
防坑方面：景区周边的三轮车摩的不要坐价格虚高不安全，叫网约车最靠谱。部分餐厅会推荐高价海鲜点菜前一定

================================================================================
[2026-05-30 20:22:18] 查询: 路线 差评 刷评 避坑 贵 排队
耗时: 548.4 ms | 命中数: 2 | 阈值: 0.3
--------------------------------------------------------------------------------

  [1] 避坑和实用贴士
      综合得分: 0.5560  (向量:0.1960 + 关键词:0.2100 + 标签:0.1500)
      标签: ['三乡镇', '东升镇', '乳鸽', '历史文化', '小吃', '小榄镇', '攻略', '早茶', '沙溪镇', '海鲜', '石岐区', '自然风光', '购物', '黄圃镇']
      来源: food/food\zhongshan_restaurants.md
      内容: 中山的早茶人均30到50块，基本是广州的三分之一价格，爱群食店6点开门建议8点前到免排队，周一和周四点心还打8折。乳鸽认准12到13天的妙龄鸽，石岐佬建议工作日11点前或17点前到，周末排队至少半小时。省钱吃法：早茶30到50一个人，乳鸽专门店60到80，海鲜大餐100到150。东升镇的脆肉鲩最正宗，沙溪镇的隆都菜最地道，石岐区的乳鸽最集中。三乡濑粉源于清嘉庆年间有200多年历史，上汤是灵魂要放烧鹅和叉烧。小榄菊花会每年11月下旬到12月举行，以菊入馔是中山独有文化。黄圃镇的腊味可以真空包装带回家，煲仔饭放几片腊肠满分。

  [2] 旅游避坑和实用建议
      综合得分: 0.5548  (向量:0.2548 + 关键词:0.1500 + 标签:0.1500)
      标签: ['东升镇', '乳鸽', '五桂山街道', '交通出行', '住宿', '南朗街道', '历史文化', '小榄镇', '攻略', '海鲜', '温泉', '神湾镇', '翠亨新区', '自然风光']
      来源: general/general\zhongshan_travel.md
      内容: 最佳旅行时间是每年10到12月的秋季和3到5月的春季，气温最舒适。夏天6到9月高温多雨还有台风，出行注意天气预报。冬天1到2月湿冷但游客少。3到4月是回南天特别潮湿衣服多带两件。
什么季节吃什么也有讲究：10到12月乳鸽最肥美，11月小榄菊花会品菊花宴，3到5月脆肉鲩最鲜，5到8月吃荔枝菌，10到11月吃神湾菠萝。
有几个景点必须提前预约别跑空——孙中山故居纪念馆要在公众号预约，中山市博物馆要在文旅中山公众号预约，翠亨国家湿地公园也要预约。三个都是周一闭馆。节假日人流量大建议提前2到3天约好。
防坑方面：景区周边的三轮车摩的不要坐价格虚高不安全，叫网约车最靠谱。部分餐厅会推荐高价海鲜点菜前一定

================================================================================
[2026-05-30 20:22:18] 查询: 全程 差评 刷评 避坑 贵 排队
耗时: 490.3 ms | 命中数: 2 | 阈值: 0.3
--------------------------------------------------------------------------------

  [1] 避坑和实用贴士
      综合得分: 0.4411  (向量:0.0811 + 关键词:0.2100 + 标签:0.1500)
      标签: ['三乡镇', '东升镇', '乳鸽', '历史文化', '小吃', '小榄镇', '攻略', '早茶', '沙溪镇', '海鲜', '石岐区', '自然风光', '购物', '黄圃镇']
      来源: food/food\zhongshan_restaurants.md
      内容: 中山的早茶人均30到50块，基本是广州的三分之一价格，爱群食店6点开门建议8点前到免排队，周一和周四点心还打8折。乳鸽认准12到13天的妙龄鸽，石岐佬建议工作日11点前或17点前到，周末排队至少半小时。省钱吃法：早茶30到50一个人，乳鸽专门店60到80，海鲜大餐100到150。东升镇的脆肉鲩最正宗，沙溪镇的隆都菜最地道，石岐区的乳鸽最集中。三乡濑粉源于清嘉庆年间有200多年历史，上汤是灵魂要放烧鹅和叉烧。小榄菊花会每年11月下旬到12月举行，以菊入馔是中山独有文化。黄圃镇的腊味可以真空包装带回家，煲仔饭放几片腊肠满分。

  [2] 旅游避坑和实用建议
      综合得分: 0.4357  (向量:0.1357 + 关键词:0.1500 + 标签:0.1500)
      标签: ['东升镇', '乳鸽', '五桂山街道', '交通出行', '住宿', '南朗街道', '历史文化', '小榄镇', '攻略', '海鲜', '温泉', '神湾镇', '翠亨新区', '自然风光']
      来源: general/general\zhongshan_travel.md
      内容: 最佳旅行时间是每年10到12月的秋季和3到5月的春季，气温最舒适。夏天6到9月高温多雨还有台风，出行注意天气预报。冬天1到2月湿冷但游客少。3到4月是回南天特别潮湿衣服多带两件。
什么季节吃什么也有讲究：10到12月乳鸽最肥美，11月小榄菊花会品菊花宴，3到5月脆肉鲩最鲜，5到8月吃荔枝菌，10到11月吃神湾菠萝。
有几个景点必须提前预约别跑空——孙中山故居纪念馆要在公众号预约，中山市博物馆要在文旅中山公众号预约，翠亨国家湿地公园也要预约。三个都是周一闭馆。节假日人流量大建议提前2到3天约好。
防坑方面：景区周边的三轮车摩的不要坐价格虚高不安全，叫网约车最靠谱。部分餐厅会推荐高价海鲜点菜前一定

================================================================================
[2026-05-30 20:22:19] 查询: 耗时 差评 刷评 避坑 贵 排队
耗时: 555.8 ms | 命中数: 2 | 阈值: 0.3
--------------------------------------------------------------------------------

  [1] 避坑和实用贴士
      综合得分: 0.4930  (向量:0.1330 + 关键词:0.2100 + 标签:0.1500)
      标签: ['三乡镇', '东升镇', '乳鸽', '历史文化', '小吃', '小榄镇', '攻略', '早茶', '沙溪镇', '海鲜', '石岐区', '自然风光', '购物', '黄圃镇']
      来源: food/food\zhongshan_restaurants.md
      内容: 中山的早茶人均30到50块，基本是广州的三分之一价格，爱群食店6点开门建议8点前到免排队，周一和周四点心还打8折。乳鸽认准12到13天的妙龄鸽，石岐佬建议工作日11点前或17点前到，周末排队至少半小时。省钱吃法：早茶30到50一个人，乳鸽专门店60到80，海鲜大餐100到150。东升镇的脆肉鲩最正宗，沙溪镇的隆都菜最地道，石岐区的乳鸽最集中。三乡濑粉源于清嘉庆年间有200多年历史，上汤是灵魂要放烧鹅和叉烧。小榄菊花会每年11月下旬到12月举行，以菊入馔是中山独有文化。黄圃镇的腊味可以真空包装带回家，煲仔饭放几片腊肠满分。

  [2] 旅游避坑和实用建议
      综合得分: 0.4180  (向量:0.1180 + 关键词:0.1500 + 标签:0.1500)
      标签: ['东升镇', '乳鸽', '五桂山街道', '交通出行', '住宿', '南朗街道', '历史文化', '小榄镇', '攻略', '海鲜', '温泉', '神湾镇', '翠亨新区', '自然风光']
      来源: general/general\zhongshan_travel.md
      内容: 最佳旅行时间是每年10到12月的秋季和3到5月的春季，气温最舒适。夏天6到9月高温多雨还有台风，出行注意天气预报。冬天1到2月湿冷但游客少。3到4月是回南天特别潮湿衣服多带两件。
什么季节吃什么也有讲究：10到12月乳鸽最肥美，11月小榄菊花会品菊花宴，3到5月脆肉鲩最鲜，5到8月吃荔枝菌，10到11月吃神湾菠萝。
有几个景点必须提前预约别跑空——孙中山故居纪念馆要在公众号预约，中山市博物馆要在文旅中山公众号预约，翠亨国家湿地公园也要预约。三个都是周一闭馆。节假日人流量大建议提前2到3天约好。
防坑方面：景区周边的三轮车摩的不要坐价格虚高不安全，叫网约车最靠谱。部分餐厅会推荐高价海鲜点菜前一定

================================================================================
[2026-05-30 20:23:50] 查询: 公交方案（推荐TOP3） 差评 刷评 避坑 贵 排队
耗时: 574.6 ms | 命中数: 2 | 阈值: 0.3
--------------------------------------------------------------------------------

  [1] 旅游避坑和实用建议
      综合得分: 0.7216  (向量:0.2716 + 关键词:0.1500 + 标签:0.3000)
      标签: ['东升镇', '乳鸽', '五桂山街道', '交通出行', '住宿', '南朗街道', '历史文化', '小榄镇', '攻略', '海鲜', '温泉', '神湾镇', '翠亨新区', '自然风光']
      来源: general/general\zhongshan_travel.md
      内容: 最佳旅行时间是每年10到12月的秋季和3到5月的春季，气温最舒适。夏天6到9月高温多雨还有台风，出行注意天气预报。冬天1到2月湿冷但游客少。3到4月是回南天特别潮湿衣服多带两件。
什么季节吃什么也有讲究：10到12月乳鸽最肥美，11月小榄菊花会品菊花宴，3到5月脆肉鲩最鲜，5到8月吃荔枝菌，10到11月吃神湾菠萝。
有几个景点必须提前预约别跑空——孙中山故居纪念馆要在公众号预约，中山市博物馆要在文旅中山公众号预约，翠亨国家湿地公园也要预约。三个都是周一闭馆。节假日人流量大建议提前2到3天约好。
防坑方面：景区周边的三轮车摩的不要坐价格虚高不安全，叫网约车最靠谱。部分餐厅会推荐高价海鲜点菜前一定

  [2] 几条推荐的一日游路线
      综合得分: 0.5563  (向量:0.2563 + 关键词:0.0000 + 标签:0.3000)
      标签: ['三乡镇', '五桂山街道', '交通出行', '住宿', '南朗街道', '历史文化', '古镇镇', '咖啡', '夜市', '小吃', '小榄镇', '攻略', '早茶', '海鲜', '温泉', '石岐区', '网红打卡', '翠亨新区', '自然风光', '西区', '购物']
      来源: general/general\zhongshan_travel.md
      内容: 南朗线是最经典的：上午城轨到南朗站，先逛孙中山故里旅游区（故居加影视城约三到四个小时），中午去崖口村吃云吞面加煲仔饭，下午崖口稻田拍照喝稻田咖啡，傍晚去马鞍岛滨海步道看深中大桥日落，晚上回市区岐江边吃晚饭。
石岐老城线：上午孙文西路步行街加香山商业文化博物馆，然后中山市博物馆（记得提前预约），中午白水井大街吃满足面或者顺柚记，下午岐江公园散步加骑行岐江绿道，傍晚烟墩山爬阜峰文塔看日落，晚上兴中广场滨江酒吧街或者幻彩摩天轮。
三乡温泉线两天一夜：第一天上午逛雍陌村郑观应故居，中午吃三乡濑粉，下午中山温泉泡汤，晚上温泉宾馆自助晚餐。第二天上午爬罗三妹山拜邓小平"不走回头路"，中午宝塘茶楼叹早茶，下

================================================================================
[2026-05-30 20:23:51] 查询: B10路（最优选） 差评 刷评 避坑 贵 排队
耗时: 437.1 ms | 命中数: 2 | 阈值: 0.3
--------------------------------------------------------------------------------

  [1] 避坑和实用贴士
      综合得分: 0.5214  (向量:0.1614 + 关键词:0.2100 + 标签:0.1500)
      标签: ['三乡镇', '东升镇', '乳鸽', '历史文化', '小吃', '小榄镇', '攻略', '早茶', '沙溪镇', '海鲜', '石岐区', '自然风光', '购物', '黄圃镇']
      来源: food/food\zhongshan_restaurants.md
      内容: 中山的早茶人均30到50块，基本是广州的三分之一价格，爱群食店6点开门建议8点前到免排队，周一和周四点心还打8折。乳鸽认准12到13天的妙龄鸽，石岐佬建议工作日11点前或17点前到，周末排队至少半小时。省钱吃法：早茶30到50一个人，乳鸽专门店60到80，海鲜大餐100到150。东升镇的脆肉鲩最正宗，沙溪镇的隆都菜最地道，石岐区的乳鸽最集中。三乡濑粉源于清嘉庆年间有200多年历史，上汤是灵魂要放烧鹅和叉烧。小榄菊花会每年11月下旬到12月举行，以菊入馔是中山独有文化。黄圃镇的腊味可以真空包装带回家，煲仔饭放几片腊肠满分。

  [2] 旅游避坑和实用建议
      综合得分: 0.4781  (向量:0.1781 + 关键词:0.1500 + 标签:0.1500)
      标签: ['东升镇', '乳鸽', '五桂山街道', '交通出行', '住宿', '南朗街道', '历史文化', '小榄镇', '攻略', '海鲜', '温泉', '神湾镇', '翠亨新区', '自然风光']
      来源: general/general\zhongshan_travel.md
      内容: 最佳旅行时间是每年10到12月的秋季和3到5月的春季，气温最舒适。夏天6到9月高温多雨还有台风，出行注意天气预报。冬天1到2月湿冷但游客少。3到4月是回南天特别潮湿衣服多带两件。
什么季节吃什么也有讲究：10到12月乳鸽最肥美，11月小榄菊花会品菊花宴，3到5月脆肉鲩最鲜，5到8月吃荔枝菌，10到11月吃神湾菠萝。
有几个景点必须提前预约别跑空——孙中山故居纪念馆要在公众号预约，中山市博物馆要在文旅中山公众号预约，翠亨国家湿地公园也要预约。三个都是周一闭馆。节假日人流量大建议提前2到3天约好。
防坑方面：景区周边的三轮车摩的不要坐价格虚高不安全，叫网约车最靠谱。部分餐厅会推荐高价海鲜点菜前一定

================================================================================
[2026-05-30 20:23:51] 查询: 路线 差评 刷评 避坑 贵 排队
耗时: 550.2 ms | 命中数: 2 | 阈值: 0.3
--------------------------------------------------------------------------------

  [1] 避坑和实用贴士
      综合得分: 0.5560  (向量:0.1960 + 关键词:0.2100 + 标签:0.1500)
      标签: ['三乡镇', '东升镇', '乳鸽', '历史文化', '小吃', '小榄镇', '攻略', '早茶', '沙溪镇', '海鲜', '石岐区', '自然风光', '购物', '黄圃镇']
      来源: food/food\zhongshan_restaurants.md
      内容: 中山的早茶人均30到50块，基本是广州的三分之一价格，爱群食店6点开门建议8点前到免排队，周一和周四点心还打8折。乳鸽认准12到13天的妙龄鸽，石岐佬建议工作日11点前或17点前到，周末排队至少半小时。省钱吃法：早茶30到50一个人，乳鸽专门店60到80，海鲜大餐100到150。东升镇的脆肉鲩最正宗，沙溪镇的隆都菜最地道，石岐区的乳鸽最集中。三乡濑粉源于清嘉庆年间有200多年历史，上汤是灵魂要放烧鹅和叉烧。小榄菊花会每年11月下旬到12月举行，以菊入馔是中山独有文化。黄圃镇的腊味可以真空包装带回家，煲仔饭放几片腊肠满分。

  [2] 旅游避坑和实用建议
      综合得分: 0.5548  (向量:0.2548 + 关键词:0.1500 + 标签:0.1500)
      标签: ['东升镇', '乳鸽', '五桂山街道', '交通出行', '住宿', '南朗街道', '历史文化', '小榄镇', '攻略', '海鲜', '温泉', '神湾镇', '翠亨新区', '自然风光']
      来源: general/general\zhongshan_travel.md
      内容: 最佳旅行时间是每年10到12月的秋季和3到5月的春季，气温最舒适。夏天6到9月高温多雨还有台风，出行注意天气预报。冬天1到2月湿冷但游客少。3到4月是回南天特别潮湿衣服多带两件。
什么季节吃什么也有讲究：10到12月乳鸽最肥美，11月小榄菊花会品菊花宴，3到5月脆肉鲩最鲜，5到8月吃荔枝菌，10到11月吃神湾菠萝。
有几个景点必须提前预约别跑空——孙中山故居纪念馆要在公众号预约，中山市博物馆要在文旅中山公众号预约，翠亨国家湿地公园也要预约。三个都是周一闭馆。节假日人流量大建议提前2到3天约好。
防坑方面：景区周边的三轮车摩的不要坐价格虚高不安全，叫网约车最靠谱。部分餐厅会推荐高价海鲜点菜前一定

================================================================================
[2026-05-30 20:24:21] 查询: 中山紫马岭公园 利和广场 路线规划
耗时: 545.9 ms | 命中数: 6 | 阈值: 0.3
--------------------------------------------------------------------------------

  [1] 周末遛弯（半天闲逛+随便吃点）
      综合得分: 0.8325  (向量:0.3825 + 关键词:0.0000 + 标签:0.4500)
      标签: ['五桂山街道', '交通出行', '南朗街道', '历史文化', '咖啡', '小吃', '攻略', '石岐区', '自然风光', '西区', '购物']
      来源: food/food\scene_guide.md
      内容: - 优先级：顺路 > 轻松 > 不排队
- 推荐类型：街边小吃、咖啡馆、面包店
- 人均预算：30-60元
- 搜关键词：咖啡、小吃、骑楼、老街、公园
- 中山最佳遛弯路线：
  - 石岐老城线：孙文西路→香山商业文化博物馆→白水井大街吃满足面/顺柚记→岐江公园→烟墩山看日落→兴中广场（全程步行）
  - 崖口稻田线：崖口村稻田→向云端咖啡(25元)→崖口云吞(15元)→东堤海景路骑行→煲仔饭(30元)
  - 五桂山户外线：逍遥谷→旗溪村鸡煲→桂南村不荒樟咖啡(28元)

  [2] 深中通道 — 2024年通车，彻底改变了中山的区位格局
      综合得分: 0.7700  (向量:0.4700 + 关键词:0.0000 + 标签:0.3000)
      标签: ['交通出行', '住宿', '南朗街道', '宵夜', '网红打卡', '翠亨新区', '自然风光', '购物']
      来源: general/general\zhongshan_travel.md
      内容: 这绝对是中山近年来最大的交通事件。深中通道2024年6月30日正式通车，全长24公里，是把桥、岛、隧、水下互通集合在一起的世界级超级工程。现在从深圳宝安机场到中山马鞍岛只要30分钟左右，从深圳南山到中山市区大概50分钟。双向8车道，限速100公里每小时。目前暂时免收通行费。
跨市公交也同步开通了。深中001路从深圳前海梦工场北区到中山博览中心，约50分钟票价18元；深中002路从深圳前海到中山国际酒店票价15元。运营时间大概是早上6点半到晚上9点，早晚高峰15分钟一班。微信小程序搜"深中跨市公交"可以查实时班次和买票。自驾的话导航设马鞍岛或者南朗出口，深中通道走到头走翠亨快线15分钟就到南朗了

  [3] 中山市博物馆 — 2022年新馆，设计感超强
      综合得分: 0.7044  (向量:0.4044 + 关键词:0.0000 + 标签:0.3000)
      标签: ['历史文化', '攻略', '石岐区', '网红打卡', '自然风光']
      来源: general/general\zhongshan_travel.md
      内容: 在石岐区孙文中路197号，2022年新馆开放后成了中山新的文化地标。里面有三个常设展览：中山历史陈列、中山华侨历史、中山非物质文化遗产。最受欢迎的是一比一还原的民国街道场景，拍照非常出片。免费但要提前在"文旅中山"公众号预约，开放时间9点到下午5点，周一闭馆。

  [4] 孙中山故里旅游区 — 5A景区，中山最核心的文化地标
      综合得分: 0.6959  (向量:0.3959 + 关键词:0.0000 + 标签:0.3000)
      标签: ['交通出行', '南朗街道', '历史文化', '攻略', '网红打卡', '自然风光']
      来源: general/general\zhongshan_travel.md
      内容: 这个景区在南朗街道翠亨村，翠亨大道93号，是中山唯一的5A级景区。整个旅游区包括孙中山故居纪念馆、中山影视城、辛亥革命纪念公园和犁头尖山几个部分。故居纪念馆是免费的，但要在孙中山故居纪念馆公众号上提前预约。影视城单独收费65块。开放时间是早上9点到下午5点半，周一闭馆（节假日正常开放），千万别周一跑来吃闭门羹。
孙中山故居本身是1892年孙中山亲自设计建造的二层砖木结构楼房，红墙绿瓦中西合璧的风格，里面展示了孙中山出生和成长的环境。门口那棵酸子树是孙中山1883年从檀香山带回来的树种，活到现在也是个奇迹。交通方面，坐广珠城轨到南朗站下车转公交就能到，自驾的话停车也方便。
中山影视城就在故居旁边

  [5] 富逸城和各大购物中心
      综合得分: 0.6801  (向量:0.3501 + 关键词:0.0300 + 标签:0.3000)
      标签: ['东区', '住宿', '坦洲镇', '夜市', '火锅', '石岐区', '自然风光', '购物']
      来源: general/general\zhongshan_travel.md
      内容: 富逸城TopPark在石岐区莲员东路，2024年新开的超级大商场，超200个品牌入驻，中庭有巨型瀑布景观很震撼，餐饮选择从快餐到正餐火锅日料都有。利和广场在石岐区中山三路紧邻希尔顿酒店，高端商场奢侈品美妆国际名品齐全，楼下有文华里美食街。中山优越城在坦洲镇界狮南路是坦洲最大购物中心。兴中广场在石岐区凤鸣路岐江边上，晚上变身滨江体验式消费地标。

  [6] 孙文西路步行街和香山古城 — 石岐老城的灵魂
      综合得分: 0.6602  (向量:0.3602 + 关键词:0.0000 + 标签:0.3000)
      标签: ['住宿', '历史文化', '小吃', '异国风味', '情侣', '石岐区', '网红打卡', '自然风光', '购物', '黄圃镇']
      来源: general/general\zhongshan_travel.md
      内容: 孙文西路是中山最老的商圈，整条街都是南洋风格的骑楼建筑。香山古城的核心区就在这里，2025年国庆假期这一带客流超过130万人次。街上值得看的：思豪大酒店旧楼、香山商业文化博物馆（三层粉色洋楼，本身就是网红拍照地标，馆内展示了香山商业发展史，中山作为侨乡，四大百货先施永安新新大新都和中山有关）。中山名品荟在原来中山百货大楼里面，一楼专门卖伴手礼，二楼卖中山本地生产的家电产品像威力奥马TCL这些。晚上灯光亮起来搭配岐江夜景非常浪漫。白水井大街也在附近，是当地人爱逛的老街，满足面和顺柚记等老字号小吃店就在这里，街边杂货铺还能买到石岐米酒和黄圃腊味，比景区便宜。

================================================================================
[2026-05-30 20:25:46] 查询: 🚌 公交方案（本地人推荐） 差评 刷评 避坑 贵 排队
耗时: 552.7 ms | 命中数: 2 | 阈值: 0.3
--------------------------------------------------------------------------------

  [1] 旅游避坑和实用建议
      综合得分: 0.7288  (向量:0.2788 + 关键词:0.1500 + 标签:0.3000)
      标签: ['东升镇', '乳鸽', '五桂山街道', '交通出行', '住宿', '南朗街道', '历史文化', '小榄镇', '攻略', '海鲜', '温泉', '神湾镇', '翠亨新区', '自然风光']
      来源: general/general\zhongshan_travel.md
      内容: 最佳旅行时间是每年10到12月的秋季和3到5月的春季，气温最舒适。夏天6到9月高温多雨还有台风，出行注意天气预报。冬天1到2月湿冷但游客少。3到4月是回南天特别潮湿衣服多带两件。
什么季节吃什么也有讲究：10到12月乳鸽最肥美，11月小榄菊花会品菊花宴，3到5月脆肉鲩最鲜，5到8月吃荔枝菌，10到11月吃神湾菠萝。
有几个景点必须提前预约别跑空——孙中山故居纪念馆要在公众号预约，中山市博物馆要在文旅中山公众号预约，翠亨国家湿地公园也要预约。三个都是周一闭馆。节假日人流量大建议提前2到3天约好。
防坑方面：景区周边的三轮车摩的不要坐价格虚高不安全，叫网约车最靠谱。部分餐厅会推荐高价海鲜点菜前一定

  [2] 周末遛弯（半天闲逛+随便吃点）
      综合得分: 0.6032  (向量:0.2732 + 关键词:0.0300 + 标签:0.3000)
      标签: ['五桂山街道', '交通出行', '南朗街道', '历史文化', '咖啡', '小吃', '攻略', '石岐区', '自然风光', '西区', '购物']
      来源: food/food\scene_guide.md
      内容: - 优先级：顺路 > 轻松 > 不排队
- 推荐类型：街边小吃、咖啡馆、面包店
- 人均预算：30-60元
- 搜关键词：咖啡、小吃、骑楼、老街、公园
- 中山最佳遛弯路线：
  - 石岐老城线：孙文西路→香山商业文化博物馆→白水井大街吃满足面/顺柚记→岐江公园→烟墩山看日落→兴中广场（全程步行）
  - 崖口稻田线：崖口村稻田→向云端咖啡(25元)→崖口云吞(15元)→东堤海景路骑行→煲仔饭(30元)
  - 五桂山户外线：逍遥谷→旗溪村鸡煲→桂南村不荒樟咖啡(28元)

================================================================================
[2026-05-30 20:25:46] 查询: ① B10路（最快推荐） 差评 刷评 避坑 贵 排队
耗时: 486.5 ms | 命中数: 2 | 阈值: 0.3
--------------------------------------------------------------------------------

  [1] 旅游避坑和实用建议
      综合得分: 0.5315  (向量:0.2315 + 关键词:0.1500 + 标签:0.1500)
      标签: ['东升镇', '乳鸽', '五桂山街道', '交通出行', '住宿', '南朗街道', '历史文化', '小榄镇', '攻略', '海鲜', '温泉', '神湾镇', '翠亨新区', '自然风光']
      来源: general/general\zhongshan_travel.md
      内容: 最佳旅行时间是每年10到12月的秋季和3到5月的春季，气温最舒适。夏天6到9月高温多雨还有台风，出行注意天气预报。冬天1到2月湿冷但游客少。3到4月是回南天特别潮湿衣服多带两件。
什么季节吃什么也有讲究：10到12月乳鸽最肥美，11月小榄菊花会品菊花宴，3到5月脆肉鲩最鲜，5到8月吃荔枝菌，10到11月吃神湾菠萝。
有几个景点必须提前预约别跑空——孙中山故居纪念馆要在公众号预约，中山市博物馆要在文旅中山公众号预约，翠亨国家湿地公园也要预约。三个都是周一闭馆。节假日人流量大建议提前2到3天约好。
防坑方面：景区周边的三轮车摩的不要坐价格虚高不安全，叫网约车最靠谱。部分餐厅会推荐高价海鲜点菜前一定

  [2] 避坑和实用贴士
      综合得分: 0.5260  (向量:0.1660 + 关键词:0.2100 + 标签:0.1500)
      标签: ['三乡镇', '东升镇', '乳鸽', '历史文化', '小吃', '小榄镇', '攻略', '早茶', '沙溪镇', '海鲜', '石岐区', '自然风光', '购物', '黄圃镇']
      来源: food/food\zhongshan_restaurants.md
      内容: 中山的早茶人均30到50块，基本是广州的三分之一价格，爱群食店6点开门建议8点前到免排队，周一和周四点心还打8折。乳鸽认准12到13天的妙龄鸽，石岐佬建议工作日11点前或17点前到，周末排队至少半小时。省钱吃法：早茶30到50一个人，乳鸽专门店60到80，海鲜大餐100到150。东升镇的脆肉鲩最正宗，沙溪镇的隆都菜最地道，石岐区的乳鸽最集中。三乡濑粉源于清嘉庆年间有200多年历史，上汤是灵魂要放烧鹅和叉烧。小榄菊花会每年11月下旬到12月举行，以菊入馔是中山独有文化。黄圃镇的腊味可以真空包装带回家，煲仔饭放几片腊肠满分。

================================================================================
[2026-05-30 20:25:47] 查询: 路线 差评 刷评 避坑 贵 排队
耗时: 531.5 ms | 命中数: 2 | 阈值: 0.3
--------------------------------------------------------------------------------

  [1] 避坑和实用贴士
      综合得分: 0.5560  (向量:0.1960 + 关键词:0.2100 + 标签:0.1500)
      标签: ['三乡镇', '东升镇', '乳鸽', '历史文化', '小吃', '小榄镇', '攻略', '早茶', '沙溪镇', '海鲜', '石岐区', '自然风光', '购物', '黄圃镇']
      来源: food/food\zhongshan_restaurants.md
      内容: 中山的早茶人均30到50块，基本是广州的三分之一价格，爱群食店6点开门建议8点前到免排队，周一和周四点心还打8折。乳鸽认准12到13天的妙龄鸽，石岐佬建议工作日11点前或17点前到，周末排队至少半小时。省钱吃法：早茶30到50一个人，乳鸽专门店60到80，海鲜大餐100到150。东升镇的脆肉鲩最正宗，沙溪镇的隆都菜最地道，石岐区的乳鸽最集中。三乡濑粉源于清嘉庆年间有200多年历史，上汤是灵魂要放烧鹅和叉烧。小榄菊花会每年11月下旬到12月举行，以菊入馔是中山独有文化。黄圃镇的腊味可以真空包装带回家，煲仔饭放几片腊肠满分。

  [2] 旅游避坑和实用建议
      综合得分: 0.5548  (向量:0.2548 + 关键词:0.1500 + 标签:0.1500)
      标签: ['东升镇', '乳鸽', '五桂山街道', '交通出行', '住宿', '南朗街道', '历史文化', '小榄镇', '攻略', '海鲜', '温泉', '神湾镇', '翠亨新区', '自然风光']
      来源: general/general\zhongshan_travel.md
      内容: 最佳旅行时间是每年10到12月的秋季和3到5月的春季，气温最舒适。夏天6到9月高温多雨还有台风，出行注意天气预报。冬天1到2月湿冷但游客少。3到4月是回南天特别潮湿衣服多带两件。
什么季节吃什么也有讲究：10到12月乳鸽最肥美，11月小榄菊花会品菊花宴，3到5月脆肉鲩最鲜，5到8月吃荔枝菌，10到11月吃神湾菠萝。
有几个景点必须提前预约别跑空——孙中山故居纪念馆要在公众号预约，中山市博物馆要在文旅中山公众号预约，翠亨国家湿地公园也要预约。三个都是周一闭馆。节假日人流量大建议提前2到3天约好。
防坑方面：景区周边的三轮车摩的不要坐价格虚高不安全，叫网约车最靠谱。部分餐厅会推荐高价海鲜点菜前一定

================================================================================
[2026-05-30 20:26:07] 查询: 中山紫马岭公园到利和广场 路线规划
耗时: 625.9 ms | 命中数: 6 | 阈值: 0.3
--------------------------------------------------------------------------------

  [1] 周末遛弯（半天闲逛+随便吃点）
      综合得分: 0.8341  (向量:0.3841 + 关键词:0.0000 + 标签:0.4500)
      标签: ['五桂山街道', '交通出行', '南朗街道', '历史文化', '咖啡', '小吃', '攻略', '石岐区', '自然风光', '西区', '购物']
      来源: food/food\scene_guide.md
      内容: - 优先级：顺路 > 轻松 > 不排队
- 推荐类型：街边小吃、咖啡馆、面包店
- 人均预算：30-60元
- 搜关键词：咖啡、小吃、骑楼、老街、公园
- 中山最佳遛弯路线：
  - 石岐老城线：孙文西路→香山商业文化博物馆→白水井大街吃满足面/顺柚记→岐江公园→烟墩山看日落→兴中广场（全程步行）
  - 崖口稻田线：崖口村稻田→向云端咖啡(25元)→崖口云吞(15元)→东堤海景路骑行→煲仔饭(30元)
  - 五桂山户外线：逍遥谷→旗溪村鸡煲→桂南村不荒樟咖啡(28元)

  [2] 深中通道 — 2024年通车，彻底改变了中山的区位格局
      综合得分: 0.7917  (向量:0.4917 + 关键词:0.0000 + 标签:0.3000)
      标签: ['交通出行', '住宿', '南朗街道', '宵夜', '网红打卡', '翠亨新区', '自然风光', '购物']
      来源: general/general\zhongshan_travel.md
      内容: 这绝对是中山近年来最大的交通事件。深中通道2024年6月30日正式通车，全长24公里，是把桥、岛、隧、水下互通集合在一起的世界级超级工程。现在从深圳宝安机场到中山马鞍岛只要30分钟左右，从深圳南山到中山市区大概50分钟。双向8车道，限速100公里每小时。目前暂时免收通行费。
跨市公交也同步开通了。深中001路从深圳前海梦工场北区到中山博览中心，约50分钟票价18元；深中002路从深圳前海到中山国际酒店票价15元。运营时间大概是早上6点半到晚上9点，早晚高峰15分钟一班。微信小程序搜"深中跨市公交"可以查实时班次和买票。自驾的话导航设马鞍岛或者南朗出口，深中通道走到头走翠亨快线15分钟就到南朗了

  [3] 中山市博物馆 — 2022年新馆，设计感超强
      综合得分: 0.6923  (向量:0.3923 + 关键词:0.0000 + 标签:0.3000)
      标签: ['历史文化', '攻略', '石岐区', '网红打卡', '自然风光']
      来源: general/general\zhongshan_travel.md
      内容: 在石岐区孙文中路197号，2022年新馆开放后成了中山新的文化地标。里面有三个常设展览：中山历史陈列、中山华侨历史、中山非物质文化遗产。最受欢迎的是一比一还原的民国街道场景，拍照非常出片。免费但要提前在"文旅中山"公众号预约，开放时间9点到下午5点，周一闭馆。

  [4] 孙中山故里旅游区 — 5A景区，中山最核心的文化地标
      综合得分: 0.6867  (向量:0.3867 + 关键词:0.0000 + 标签:0.3000)
      标签: ['交通出行', '南朗街道', '历史文化', '攻略', '网红打卡', '自然风光']
      来源: general/general\zhongshan_travel.md
      内容: 这个景区在南朗街道翠亨村，翠亨大道93号，是中山唯一的5A级景区。整个旅游区包括孙中山故居纪念馆、中山影视城、辛亥革命纪念公园和犁头尖山几个部分。故居纪念馆是免费的，但要在孙中山故居纪念馆公众号上提前预约。影视城单独收费65块。开放时间是早上9点到下午5点半，周一闭馆（节假日正常开放），千万别周一跑来吃闭门羹。
孙中山故居本身是1892年孙中山亲自设计建造的二层砖木结构楼房，红墙绿瓦中西合璧的风格，里面展示了孙中山出生和成长的环境。门口那棵酸子树是孙中山1883年从檀香山带回来的树种，活到现在也是个奇迹。交通方面，坐广珠城轨到南朗站下车转公交就能到，自驾的话停车也方便。
中山影视城就在故居旁边

  [5] 富逸城和各大购物中心
      综合得分: 0.6725  (向量:0.3725 + 关键词:0.0000 + 标签:0.3000)
      标签: ['东区', '住宿', '坦洲镇', '夜市', '火锅', '石岐区', '自然风光', '购物']
      来源: general/general\zhongshan_travel.md
      内容: 富逸城TopPark在石岐区莲员东路，2024年新开的超级大商场，超200个品牌入驻，中庭有巨型瀑布景观很震撼，餐饮选择从快餐到正餐火锅日料都有。利和广场在石岐区中山三路紧邻希尔顿酒店，高端商场奢侈品美妆国际名品齐全，楼下有文华里美食街。中山优越城在坦洲镇界狮南路是坦洲最大购物中心。兴中广场在石岐区凤鸣路岐江边上，晚上变身滨江体验式消费地标。

  [6] 马鞍岛和翠亨国家湿地公园 — 人少景美的冷门好去处
      综合得分: 0.6721  (向量:0.3721 + 关键词:0.0000 + 标签:0.3000)
      标签: ['南朗街道', '攻略', '翠亨新区', '自然风光']
      来源: general/general\zhongshan_travel.md
      内容: 翠亨新区马鞍岛除了看深中大桥日出，还有个翠亨国家湿地公园，国家级湿地，红树林芦苇荡加候鸟天堂。和深圳隔海相望，看深中大桥很壮观。免费但需要提前在官方渠道预约，9点到5点开放。人比市区景点少得多，适合喜欢清静的人。

================================================================================
[2026-05-30 20:27:20] 查询: 最优公交方案 差评 刷评 避坑 贵 排队
耗时: 614.1 ms | 命中数: 2 | 阈值: 0.3
--------------------------------------------------------------------------------

  [1] 旅游避坑和实用建议
      综合得分: 0.7045  (向量:0.2545 + 关键词:0.1500 + 标签:0.3000)
      标签: ['东升镇', '乳鸽', '五桂山街道', '交通出行', '住宿', '南朗街道', '历史文化', '小榄镇', '攻略', '海鲜', '温泉', '神湾镇', '翠亨新区', '自然风光']
      来源: general/general\zhongshan_travel.md
      内容: 最佳旅行时间是每年10到12月的秋季和3到5月的春季，气温最舒适。夏天6到9月高温多雨还有台风，出行注意天气预报。冬天1到2月湿冷但游客少。3到4月是回南天特别潮湿衣服多带两件。
什么季节吃什么也有讲究：10到12月乳鸽最肥美，11月小榄菊花会品菊花宴，3到5月脆肉鲩最鲜，5到8月吃荔枝菌，10到11月吃神湾菠萝。
有几个景点必须提前预约别跑空——孙中山故居纪念馆要在公众号预约，中山市博物馆要在文旅中山公众号预约，翠亨国家湿地公园也要预约。三个都是周一闭馆。节假日人流量大建议提前2到3天约好。
防坑方面：景区周边的三轮车摩的不要坐价格虚高不安全，叫网约车最靠谱。部分餐厅会推荐高价海鲜点菜前一定

  [2] 周末遛弯（半天闲逛+随便吃点）
      综合得分: 0.5679  (向量:0.2379 + 关键词:0.0300 + 标签:0.3000)
      标签: ['五桂山街道', '交通出行', '南朗街道', '历史文化', '咖啡', '小吃', '攻略', '石岐区', '自然风光', '西区', '购物']
      来源: food/food\scene_guide.md
      内容: - 优先级：顺路 > 轻松 > 不排队
- 推荐类型：街边小吃、咖啡馆、面包店
- 人均预算：30-60元
- 搜关键词：咖啡、小吃、骑楼、老街、公园
- 中山最佳遛弯路线：
  - 石岐老城线：孙文西路→香山商业文化博物馆→白水井大街吃满足面/顺柚记→岐江公园→烟墩山看日落→兴中广场（全程步行）
  - 崖口稻田线：崖口村稻田→向云端咖啡(25元)→崖口云吞(15元)→东堤海景路骑行→煲仔饭(30元)
  - 五桂山户外线：逍遥谷→旗溪村鸡煲→桂南村不荒樟咖啡(28元)

================================================================================
[2026-05-30 20:27:21] 查询: B10路直达线 差评 刷评 避坑 贵 排队
耗时: 533.1 ms | 命中数: 2 | 阈值: 0.3
--------------------------------------------------------------------------------

  [1] 避坑和实用贴士
      综合得分: 0.5158  (向量:0.1558 + 关键词:0.2100 + 标签:0.1500)
      标签: ['三乡镇', '东升镇', '乳鸽', '历史文化', '小吃', '小榄镇', '攻略', '早茶', '沙溪镇', '海鲜', '石岐区', '自然风光', '购物', '黄圃镇']
      来源: food/food\zhongshan_restaurants.md
      内容: 中山的早茶人均30到50块，基本是广州的三分之一价格，爱群食店6点开门建议8点前到免排队，周一和周四点心还打8折。乳鸽认准12到13天的妙龄鸽，石岐佬建议工作日11点前或17点前到，周末排队至少半小时。省钱吃法：早茶30到50一个人，乳鸽专门店60到80，海鲜大餐100到150。东升镇的脆肉鲩最正宗，沙溪镇的隆都菜最地道，石岐区的乳鸽最集中。三乡濑粉源于清嘉庆年间有200多年历史，上汤是灵魂要放烧鹅和叉烧。小榄菊花会每年11月下旬到12月举行，以菊入馔是中山独有文化。黄圃镇的腊味可以真空包装带回家，煲仔饭放几片腊肠满分。

  [2] 旅游避坑和实用建议
      综合得分: 0.4562  (向量:0.1562 + 关键词:0.1500 + 标签:0.1500)
      标签: ['东升镇', '乳鸽', '五桂山街道', '交通出行', '住宿', '南朗街道', '历史文化', '小榄镇', '攻略', '海鲜', '温泉', '神湾镇', '翠亨新区', '自然风光']
      来源: general/general\zhongshan_travel.md
      内容: 最佳旅行时间是每年10到12月的秋季和3到5月的春季，气温最舒适。夏天6到9月高温多雨还有台风，出行注意天气预报。冬天1到2月湿冷但游客少。3到4月是回南天特别潮湿衣服多带两件。
什么季节吃什么也有讲究：10到12月乳鸽最肥美，11月小榄菊花会品菊花宴，3到5月脆肉鲩最鲜，5到8月吃荔枝菌，10到11月吃神湾菠萝。
有几个景点必须提前预约别跑空——孙中山故居纪念馆要在公众号预约，中山市博物馆要在文旅中山公众号预约，翠亨国家湿地公园也要预约。三个都是周一闭馆。节假日人流量大建议提前2到3天约好。
防坑方面：景区周边的三轮车摩的不要坐价格虚高不安全，叫网约车最靠谱。部分餐厅会推荐高价海鲜点菜前一定

================================================================================
[2026-05-30 20:27:21] 查询: 实时信息 差评 刷评 避坑 贵 排队
耗时: 537.4 ms | 命中数: 2 | 阈值: 0.3
--------------------------------------------------------------------------------

  [1] 避坑和实用贴士
      综合得分: 0.4632  (向量:0.1032 + 关键词:0.2100 + 标签:0.1500)
      标签: ['三乡镇', '东升镇', '乳鸽', '历史文化', '小吃', '小榄镇', '攻略', '早茶', '沙溪镇', '海鲜', '石岐区', '自然风光', '购物', '黄圃镇']
      来源: food/food\zhongshan_restaurants.md
      内容: 中山的早茶人均30到50块，基本是广州的三分之一价格，爱群食店6点开门建议8点前到免排队，周一和周四点心还打8折。乳鸽认准12到13天的妙龄鸽，石岐佬建议工作日11点前或17点前到，周末排队至少半小时。省钱吃法：早茶30到50一个人，乳鸽专门店60到80，海鲜大餐100到150。东升镇的脆肉鲩最正宗，沙溪镇的隆都菜最地道，石岐区的乳鸽最集中。三乡濑粉源于清嘉庆年间有200多年历史，上汤是灵魂要放烧鹅和叉烧。小榄菊花会每年11月下旬到12月举行，以菊入馔是中山独有文化。黄圃镇的腊味可以真空包装带回家，煲仔饭放几片腊肠满分。

  [2] 旅游避坑和实用建议
      综合得分: 0.3661  (向量:0.0661 + 关键词:0.1500 + 标签:0.1500)
      标签: ['东升镇', '乳鸽', '五桂山街道', '交通出行', '住宿', '南朗街道', '历史文化', '小榄镇', '攻略', '海鲜', '温泉', '神湾镇', '翠亨新区', '自然风光']
      来源: general/general\zhongshan_travel.md
      内容: 最佳旅行时间是每年10到12月的秋季和3到5月的春季，气温最舒适。夏天6到9月高温多雨还有台风，出行注意天气预报。冬天1到2月湿冷但游客少。3到4月是回南天特别潮湿衣服多带两件。
什么季节吃什么也有讲究：10到12月乳鸽最肥美，11月小榄菊花会品菊花宴，3到5月脆肉鲩最鲜，5到8月吃荔枝菌，10到11月吃神湾菠萝。
有几个景点必须提前预约别跑空——孙中山故居纪念馆要在公众号预约，中山市博物馆要在文旅中山公众号预约，翠亨国家湿地公园也要预约。三个都是周一闭馆。节假日人流量大建议提前2到3天约好。
防坑方面：景区周边的三轮车摩的不要坐价格虚高不安全，叫网约车最靠谱。部分餐厅会推荐高价海鲜点菜前一定

================================================================================
[2026-05-30 20:28:06] 查询: 中山紫马岭公园到利和广场 路线规划
耗时: 565.9 ms | 命中数: 6 | 阈值: 0.3
--------------------------------------------------------------------------------

  [1] 周末遛弯（半天闲逛+随便吃点）
      综合得分: 0.8341  (向量:0.3841 + 关键词:0.0000 + 标签:0.4500)
      标签: ['五桂山街道', '交通出行', '南朗街道', '历史文化', '咖啡', '小吃', '攻略', '石岐区', '自然风光', '西区', '购物']
      来源: food/food\scene_guide.md
      内容: - 优先级：顺路 > 轻松 > 不排队
- 推荐类型：街边小吃、咖啡馆、面包店
- 人均预算：30-60元
- 搜关键词：咖啡、小吃、骑楼、老街、公园
- 中山最佳遛弯路线：
  - 石岐老城线：孙文西路→香山商业文化博物馆→白水井大街吃满足面/顺柚记→岐江公园→烟墩山看日落→兴中广场（全程步行）
  - 崖口稻田线：崖口村稻田→向云端咖啡(25元)→崖口云吞(15元)→东堤海景路骑行→煲仔饭(30元)
  - 五桂山户外线：逍遥谷→旗溪村鸡煲→桂南村不荒樟咖啡(28元)

  [2] 深中通道 — 2024年通车，彻底改变了中山的区位格局
      综合得分: 0.7917  (向量:0.4917 + 关键词:0.0000 + 标签:0.3000)
      标签: ['交通出行', '住宿', '南朗街道', '宵夜', '网红打卡', '翠亨新区', '自然风光', '购物']
      来源: general/general\zhongshan_travel.md
      内容: 这绝对是中山近年来最大的交通事件。深中通道2024年6月30日正式通车，全长24公里，是把桥、岛、隧、水下互通集合在一起的世界级超级工程。现在从深圳宝安机场到中山马鞍岛只要30分钟左右，从深圳南山到中山市区大概50分钟。双向8车道，限速100公里每小时。目前暂时免收通行费。
跨市公交也同步开通了。深中001路从深圳前海梦工场北区到中山博览中心，约50分钟票价18元；深中002路从深圳前海到中山国际酒店票价15元。运营时间大概是早上6点半到晚上9点，早晚高峰15分钟一班。微信小程序搜"深中跨市公交"可以查实时班次和买票。自驾的话导航设马鞍岛或者南朗出口，深中通道走到头走翠亨快线15分钟就到南朗了

  [3] 中山市博物馆 — 2022年新馆，设计感超强
      综合得分: 0.6923  (向量:0.3923 + 关键词:0.0000 + 标签:0.3000)
      标签: ['历史文化', '攻略', '石岐区', '网红打卡', '自然风光']
      来源: general/general\zhongshan_travel.md
      内容: 在石岐区孙文中路197号，2022年新馆开放后成了中山新的文化地标。里面有三个常设展览：中山历史陈列、中山华侨历史、中山非物质文化遗产。最受欢迎的是一比一还原的民国街道场景，拍照非常出片。免费但要提前在"文旅中山"公众号预约，开放时间9点到下午5点，周一闭馆。

  [4] 孙中山故里旅游区 — 5A景区，中山最核心的文化地标
      综合得分: 0.6867  (向量:0.3867 + 关键词:0.0000 + 标签:0.3000)
      标签: ['交通出行', '南朗街道', '历史文化', '攻略', '网红打卡', '自然风光']
      来源: general/general\zhongshan_travel.md
      内容: 这个景区在南朗街道翠亨村，翠亨大道93号，是中山唯一的5A级景区。整个旅游区包括孙中山故居纪念馆、中山影视城、辛亥革命纪念公园和犁头尖山几个部分。故居纪念馆是免费的，但要在孙中山故居纪念馆公众号上提前预约。影视城单独收费65块。开放时间是早上9点到下午5点半，周一闭馆（节假日正常开放），千万别周一跑来吃闭门羹。
孙中山故居本身是1892年孙中山亲自设计建造的二层砖木结构楼房，红墙绿瓦中西合璧的风格，里面展示了孙中山出生和成长的环境。门口那棵酸子树是孙中山1883年从檀香山带回来的树种，活到现在也是个奇迹。交通方面，坐广珠城轨到南朗站下车转公交就能到，自驾的话停车也方便。
中山影视城就在故居旁边

  [5] 富逸城和各大购物中心
      综合得分: 0.6725  (向量:0.3725 + 关键词:0.0000 + 标签:0.3000)
      标签: ['东区', '住宿', '坦洲镇', '夜市', '火锅', '石岐区', '自然风光', '购物']
      来源: general/general\zhongshan_travel.md
      内容: 富逸城TopPark在石岐区莲员东路，2024年新开的超级大商场，超200个品牌入驻，中庭有巨型瀑布景观很震撼，餐饮选择从快餐到正餐火锅日料都有。利和广场在石岐区中山三路紧邻希尔顿酒店，高端商场奢侈品美妆国际名品齐全，楼下有文华里美食街。中山优越城在坦洲镇界狮南路是坦洲最大购物中心。兴中广场在石岐区凤鸣路岐江边上，晚上变身滨江体验式消费地标。

  [6] 马鞍岛和翠亨国家湿地公园 — 人少景美的冷门好去处
      综合得分: 0.6721  (向量:0.3721 + 关键词:0.0000 + 标签:0.3000)
      标签: ['南朗街道', '攻略', '翠亨新区', '自然风光']
      来源: general/general\zhongshan_travel.md
      内容: 翠亨新区马鞍岛除了看深中大桥日出，还有个翠亨国家湿地公园，国家级湿地，红树林芦苇荡加候鸟天堂。和深圳隔海相望，看深中大桥很壮观。免费但需要提前在官方渠道预约，9点到5点开放。人比市区景点少得多，适合喜欢清静的人。

================================================================================
[2026-05-30 20:29:40] 查询: 🚌 公交方案（推荐B10路） 差评 刷评 避坑 贵 排队
耗时: 587.8 ms | 命中数: 2 | 阈值: 0.3
--------------------------------------------------------------------------------

  [1] 旅游避坑和实用建议
      综合得分: 0.7234  (向量:0.2734 + 关键词:0.1500 + 标签:0.3000)
      标签: ['东升镇', '乳鸽', '五桂山街道', '交通出行', '住宿', '南朗街道', '历史文化', '小榄镇', '攻略', '海鲜', '温泉', '神湾镇', '翠亨新区', '自然风光']
      来源: general/general\zhongshan_travel.md
      内容: 最佳旅行时间是每年10到12月的秋季和3到5月的春季，气温最舒适。夏天6到9月高温多雨还有台风，出行注意天气预报。冬天1到2月湿冷但游客少。3到4月是回南天特别潮湿衣服多带两件。
什么季节吃什么也有讲究：10到12月乳鸽最肥美，11月小榄菊花会品菊花宴，3到5月脆肉鲩最鲜，5到8月吃荔枝菌，10到11月吃神湾菠萝。
有几个景点必须提前预约别跑空——孙中山故居纪念馆要在公众号预约，中山市博物馆要在文旅中山公众号预约，翠亨国家湿地公园也要预约。三个都是周一闭馆。节假日人流量大建议提前2到3天约好。
防坑方面：景区周边的三轮车摩的不要坐价格虚高不安全，叫网约车最靠谱。部分餐厅会推荐高价海鲜点菜前一定

  [2] 周末遛弯（半天闲逛+随便吃点）
      综合得分: 0.5916  (向量:0.2616 + 关键词:0.0300 + 标签:0.3000)
      标签: ['五桂山街道', '交通出行', '南朗街道', '历史文化', '咖啡', '小吃', '攻略', '石岐区', '自然风光', '西区', '购物']
      来源: food/food\scene_guide.md
      内容: - 优先级：顺路 > 轻松 > 不排队
- 推荐类型：街边小吃、咖啡馆、面包店
- 人均预算：30-60元
- 搜关键词：咖啡、小吃、骑楼、老街、公园
- 中山最佳遛弯路线：
  - 石岐老城线：孙文西路→香山商业文化博物馆→白水井大街吃满足面/顺柚记→岐江公园→烟墩山看日落→兴中广场（全程步行）
  - 崖口稻田线：崖口村稻田→向云端咖啡(25元)→崖口云吞(15元)→东堤海景路骑行→煲仔饭(30元)
  - 五桂山户外线：逍遥谷→旗溪村鸡煲→桂南村不荒樟咖啡(28元)

================================================================================
[2026-05-30 20:29:41] 查询: B10路（最快26分钟） 差评 刷评 避坑 贵 排队
耗时: 487.8 ms | 命中数: 2 | 阈值: 0.3
--------------------------------------------------------------------------------

  [1] 避坑和实用贴士
      综合得分: 0.5267  (向量:0.1667 + 关键词:0.2100 + 标签:0.1500)
      标签: ['三乡镇', '东升镇', '乳鸽', '历史文化', '小吃', '小榄镇', '攻略', '早茶', '沙溪镇', '海鲜', '石岐区', '自然风光', '购物', '黄圃镇']
      来源: food/food\zhongshan_restaurants.md
      内容: 中山的早茶人均30到50块，基本是广州的三分之一价格，爱群食店6点开门建议8点前到免排队，周一和周四点心还打8折。乳鸽认准12到13天的妙龄鸽，石岐佬建议工作日11点前或17点前到，周末排队至少半小时。省钱吃法：早茶30到50一个人，乳鸽专门店60到80，海鲜大餐100到150。东升镇的脆肉鲩最正宗，沙溪镇的隆都菜最地道，石岐区的乳鸽最集中。三乡濑粉源于清嘉庆年间有200多年历史，上汤是灵魂要放烧鹅和叉烧。小榄菊花会每年11月下旬到12月举行，以菊入馔是中山独有文化。黄圃镇的腊味可以真空包装带回家，煲仔饭放几片腊肠满分。

  [2] 旅游避坑和实用建议
      综合得分: 0.4835  (向量:0.1835 + 关键词:0.1500 + 标签:0.1500)
      标签: ['东升镇', '乳鸽', '五桂山街道', '交通出行', '住宿', '南朗街道', '历史文化', '小榄镇', '攻略', '海鲜', '温泉', '神湾镇', '翠亨新区', '自然风光']
      来源: general/general\zhongshan_travel.md
      内容: 最佳旅行时间是每年10到12月的秋季和3到5月的春季，气温最舒适。夏天6到9月高温多雨还有台风，出行注意天气预报。冬天1到2月湿冷但游客少。3到4月是回南天特别潮湿衣服多带两件。
什么季节吃什么也有讲究：10到12月乳鸽最肥美，11月小榄菊花会品菊花宴，3到5月脆肉鲩最鲜，5到8月吃荔枝菌，10到11月吃神湾菠萝。
有几个景点必须提前预约别跑空——孙中山故居纪念馆要在公众号预约，中山市博物馆要在文旅中山公众号预约，翠亨国家湿地公园也要预约。三个都是周一闭馆。节假日人流量大建议提前2到3天约好。
防坑方面：景区周边的三轮车摩的不要坐价格虚高不安全，叫网约车最靠谱。部分餐厅会推荐高价海鲜点菜前一定

================================================================================
[2026-05-30 20:29:41] 查询: 步行116米 差评 刷评 避坑 贵 排队
耗时: 497.9 ms | 命中数: 2 | 阈值: 0.3
--------------------------------------------------------------------------------

  [1] 避坑和实用贴士
      综合得分: 0.5081  (向量:0.1481 + 关键词:0.2100 + 标签:0.1500)
      标签: ['三乡镇', '东升镇', '乳鸽', '历史文化', '小吃', '小榄镇', '攻略', '早茶', '沙溪镇', '海鲜', '石岐区', '自然风光', '购物', '黄圃镇']
      来源: food/food\zhongshan_restaurants.md
      内容: 中山的早茶人均30到50块，基本是广州的三分之一价格，爱群食店6点开门建议8点前到免排队，周一和周四点心还打8折。乳鸽认准12到13天的妙龄鸽，石岐佬建议工作日11点前或17点前到，周末排队至少半小时。省钱吃法：早茶30到50一个人，乳鸽专门店60到80，海鲜大餐100到150。东升镇的脆肉鲩最正宗，沙溪镇的隆都菜最地道，石岐区的乳鸽最集中。三乡濑粉源于清嘉庆年间有200多年历史，上汤是灵魂要放烧鹅和叉烧。小榄菊花会每年11月下旬到12月举行，以菊入馔是中山独有文化。黄圃镇的腊味可以真空包装带回家，煲仔饭放几片腊肠满分。

  [2] 旅游避坑和实用建议
      综合得分: 0.5012  (向量:0.2012 + 关键词:0.1500 + 标签:0.1500)
      标签: ['东升镇', '乳鸽', '五桂山街道', '交通出行', '住宿', '南朗街道', '历史文化', '小榄镇', '攻略', '海鲜', '温泉', '神湾镇', '翠亨新区', '自然风光']
      来源: general/general\zhongshan_travel.md
      内容: 最佳旅行时间是每年10到12月的秋季和3到5月的春季，气温最舒适。夏天6到9月高温多雨还有台风，出行注意天气预报。冬天1到2月湿冷但游客少。3到4月是回南天特别潮湿衣服多带两件。
什么季节吃什么也有讲究：10到12月乳鸽最肥美，11月小榄菊花会品菊花宴，3到5月脆肉鲩最鲜，5到8月吃荔枝菌，10到11月吃神湾菠萝。
有几个景点必须提前预约别跑空——孙中山故居纪念馆要在公众号预约，中山市博物馆要在文旅中山公众号预约，翠亨国家湿地公园也要预约。三个都是周一闭馆。节假日人流量大建议提前2到3天约好。
防坑方面：景区周边的三轮车摩的不要坐价格虚高不安全，叫网约车最靠谱。部分餐厅会推荐高价海鲜点菜前一定

================================================================================
[2026-05-30 20:30:29] 查询: 中山紫马岭公园到利和广场 路线规划
耗时: 578.3 ms | 命中数: 6 | 阈值: 0.3
--------------------------------------------------------------------------------

  [1] 周末遛弯（半天闲逛+随便吃点）
      综合得分: 0.8341  (向量:0.3841 + 关键词:0.0000 + 标签:0.4500)
      标签: ['五桂山街道', '交通出行', '南朗街道', '历史文化', '咖啡', '小吃', '攻略', '石岐区', '自然风光', '西区', '购物']
      来源: food/food\scene_guide.md
      内容: - 优先级：顺路 > 轻松 > 不排队
- 推荐类型：街边小吃、咖啡馆、面包店
- 人均预算：30-60元
- 搜关键词：咖啡、小吃、骑楼、老街、公园
- 中山最佳遛弯路线：
  - 石岐老城线：孙文西路→香山商业文化博物馆→白水井大街吃满足面/顺柚记→岐江公园→烟墩山看日落→兴中广场（全程步行）
  - 崖口稻田线：崖口村稻田→向云端咖啡(25元)→崖口云吞(15元)→东堤海景路骑行→煲仔饭(30元)
  - 五桂山户外线：逍遥谷→旗溪村鸡煲→桂南村不荒樟咖啡(28元)

  [2] 深中通道 — 2024年通车，彻底改变了中山的区位格局
      综合得分: 0.7917  (向量:0.4917 + 关键词:0.0000 + 标签:0.3000)
      标签: ['交通出行', '住宿', '南朗街道', '宵夜', '网红打卡', '翠亨新区', '自然风光', '购物']
      来源: general/general\zhongshan_travel.md
      内容: 这绝对是中山近年来最大的交通事件。深中通道2024年6月30日正式通车，全长24公里，是把桥、岛、隧、水下互通集合在一起的世界级超级工程。现在从深圳宝安机场到中山马鞍岛只要30分钟左右，从深圳南山到中山市区大概50分钟。双向8车道，限速100公里每小时。目前暂时免收通行费。
跨市公交也同步开通了。深中001路从深圳前海梦工场北区到中山博览中心，约50分钟票价18元；深中002路从深圳前海到中山国际酒店票价15元。运营时间大概是早上6点半到晚上9点，早晚高峰15分钟一班。微信小程序搜"深中跨市公交"可以查实时班次和买票。自驾的话导航设马鞍岛或者南朗出口，深中通道走到头走翠亨快线15分钟就到南朗了

  [3] 中山市博物馆 — 2022年新馆，设计感超强
      综合得分: 0.6923  (向量:0.3923 + 关键词:0.0000 + 标签:0.3000)
      标签: ['历史文化', '攻略', '石岐区', '网红打卡', '自然风光']
      来源: general/general\zhongshan_travel.md
      内容: 在石岐区孙文中路197号，2022年新馆开放后成了中山新的文化地标。里面有三个常设展览：中山历史陈列、中山华侨历史、中山非物质文化遗产。最受欢迎的是一比一还原的民国街道场景，拍照非常出片。免费但要提前在"文旅中山"公众号预约，开放时间9点到下午5点，周一闭馆。

  [4] 孙中山故里旅游区 — 5A景区，中山最核心的文化地标
      综合得分: 0.6867  (向量:0.3867 + 关键词:0.0000 + 标签:0.3000)
      标签: ['交通出行', '南朗街道', '历史文化', '攻略', '网红打卡', '自然风光']
      来源: general/general\zhongshan_travel.md
      内容: 这个景区在南朗街道翠亨村，翠亨大道93号，是中山唯一的5A级景区。整个旅游区包括孙中山故居纪念馆、中山影视城、辛亥革命纪念公园和犁头尖山几个部分。故居纪念馆是免费的，但要在孙中山故居纪念馆公众号上提前预约。影视城单独收费65块。开放时间是早上9点到下午5点半，周一闭馆（节假日正常开放），千万别周一跑来吃闭门羹。
孙中山故居本身是1892年孙中山亲自设计建造的二层砖木结构楼房，红墙绿瓦中西合璧的风格，里面展示了孙中山出生和成长的环境。门口那棵酸子树是孙中山1883年从檀香山带回来的树种，活到现在也是个奇迹。交通方面，坐广珠城轨到南朗站下车转公交就能到，自驾的话停车也方便。
中山影视城就在故居旁边

  [5] 富逸城和各大购物中心
      综合得分: 0.6725  (向量:0.3725 + 关键词:0.0000 + 标签:0.3000)
      标签: ['东区', '住宿', '坦洲镇', '夜市', '火锅', '石岐区', '自然风光', '购物']
      来源: general/general\zhongshan_travel.md
      内容: 富逸城TopPark在石岐区莲员东路，2024年新开的超级大商场，超200个品牌入驻，中庭有巨型瀑布景观很震撼，餐饮选择从快餐到正餐火锅日料都有。利和广场在石岐区中山三路紧邻希尔顿酒店，高端商场奢侈品美妆国际名品齐全，楼下有文华里美食街。中山优越城在坦洲镇界狮南路是坦洲最大购物中心。兴中广场在石岐区凤鸣路岐江边上，晚上变身滨江体验式消费地标。

  [6] 马鞍岛和翠亨国家湿地公园 — 人少景美的冷门好去处
      综合得分: 0.6721  (向量:0.3721 + 关键词:0.0000 + 标签:0.3000)
      标签: ['南朗街道', '攻略', '翠亨新区', '自然风光']
      来源: general/general\zhongshan_travel.md
      内容: 翠亨新区马鞍岛除了看深中大桥日出，还有个翠亨国家湿地公园，国家级湿地，红树林芦苇荡加候鸟天堂。和深圳隔海相望，看深中大桥很壮观。免费但需要提前在官方渠道预约，9点到5点开放。人比市区景点少得多，适合喜欢清静的人。

================================================================================
[2026-05-30 20:31:31] 查询: 🚌 公交方案（推荐） 差评 刷评 避坑 贵 排队
耗时: 589.9 ms | 命中数: 2 | 阈值: 0.3
--------------------------------------------------------------------------------

  [1] 旅游避坑和实用建议
      综合得分: 0.7382  (向量:0.2882 + 关键词:0.1500 + 标签:0.3000)
      标签: ['东升镇', '乳鸽', '五桂山街道', '交通出行', '住宿', '南朗街道', '历史文化', '小榄镇', '攻略', '海鲜', '温泉', '神湾镇', '翠亨新区', '自然风光']
      来源: general/general\zhongshan_travel.md
      内容: 最佳旅行时间是每年10到12月的秋季和3到5月的春季，气温最舒适。夏天6到9月高温多雨还有台风，出行注意天气预报。冬天1到2月湿冷但游客少。3到4月是回南天特别潮湿衣服多带两件。
什么季节吃什么也有讲究：10到12月乳鸽最肥美，11月小榄菊花会品菊花宴，3到5月脆肉鲩最鲜，5到8月吃荔枝菌，10到11月吃神湾菠萝。
有几个景点必须提前预约别跑空——孙中山故居纪念馆要在公众号预约，中山市博物馆要在文旅中山公众号预约，翠亨国家湿地公园也要预约。三个都是周一闭馆。节假日人流量大建议提前2到3天约好。
防坑方面：景区周边的三轮车摩的不要坐价格虚高不安全，叫网约车最靠谱。部分餐厅会推荐高价海鲜点菜前一定

  [2] 周末遛弯（半天闲逛+随便吃点）
      综合得分: 0.5963  (向量:0.2663 + 关键词:0.0300 + 标签:0.3000)
      标签: ['五桂山街道', '交通出行', '南朗街道', '历史文化', '咖啡', '小吃', '攻略', '石岐区', '自然风光', '西区', '购物']
      来源: food/food\scene_guide.md
      内容: - 优先级：顺路 > 轻松 > 不排队
- 推荐类型：街边小吃、咖啡馆、面包店
- 人均预算：30-60元
- 搜关键词：咖啡、小吃、骑楼、老街、公园
- 中山最佳遛弯路线：
  - 石岐老城线：孙文西路→香山商业文化博物馆→白水井大街吃满足面/顺柚记→岐江公园→烟墩山看日落→兴中广场（全程步行）
  - 崖口稻田线：崖口村稻田→向云端咖啡(25元)→崖口云吞(15元)→东堤海景路骑行→煲仔饭(30元)
  - 五桂山户外线：逍遥谷→旗溪村鸡煲→桂南村不荒樟咖啡(28元)

================================================================================
[2026-05-30 20:31:31] 查询: B10路（最优选） 差评 刷评 避坑 贵 排队
耗时: 546.9 ms | 命中数: 2 | 阈值: 0.3
--------------------------------------------------------------------------------

  [1] 避坑和实用贴士
      综合得分: 0.5214  (向量:0.1614 + 关键词:0.2100 + 标签:0.1500)
      标签: ['三乡镇', '东升镇', '乳鸽', '历史文化', '小吃', '小榄镇', '攻略', '早茶', '沙溪镇', '海鲜', '石岐区', '自然风光', '购物', '黄圃镇']
      来源: food/food\zhongshan_restaurants.md
      内容: 中山的早茶人均30到50块，基本是广州的三分之一价格，爱群食店6点开门建议8点前到免排队，周一和周四点心还打8折。乳鸽认准12到13天的妙龄鸽，石岐佬建议工作日11点前或17点前到，周末排队至少半小时。省钱吃法：早茶30到50一个人，乳鸽专门店60到80，海鲜大餐100到150。东升镇的脆肉鲩最正宗，沙溪镇的隆都菜最地道，石岐区的乳鸽最集中。三乡濑粉源于清嘉庆年间有200多年历史，上汤是灵魂要放烧鹅和叉烧。小榄菊花会每年11月下旬到12月举行，以菊入馔是中山独有文化。黄圃镇的腊味可以真空包装带回家，煲仔饭放几片腊肠满分。

  [2] 旅游避坑和实用建议
      综合得分: 0.4781  (向量:0.1781 + 关键词:0.1500 + 标签:0.1500)
      标签: ['东升镇', '乳鸽', '五桂山街道', '交通出行', '住宿', '南朗街道', '历史文化', '小榄镇', '攻略', '海鲜', '温泉', '神湾镇', '翠亨新区', '自然风光']
      来源: general/general\zhongshan_travel.md
      内容: 最佳旅行时间是每年10到12月的秋季和3到5月的春季，气温最舒适。夏天6到9月高温多雨还有台风，出行注意天气预报。冬天1到2月湿冷但游客少。3到4月是回南天特别潮湿衣服多带两件。
什么季节吃什么也有讲究：10到12月乳鸽最肥美，11月小榄菊花会品菊花宴，3到5月脆肉鲩最鲜，5到8月吃荔枝菌，10到11月吃神湾菠萝。
有几个景点必须提前预约别跑空——孙中山故居纪念馆要在公众号预约，中山市博物馆要在文旅中山公众号预约，翠亨国家湿地公园也要预约。三个都是周一闭馆。节假日人流量大建议提前2到3天约好。
防坑方面：景区周边的三轮车摩的不要坐价格虚高不安全，叫网约车最靠谱。部分餐厅会推荐高价海鲜点菜前一定

================================================================================
[2026-05-30 20:31:32] 查询: 路线 差评 刷评 避坑 贵 排队
耗时: 513.7 ms | 命中数: 2 | 阈值: 0.3
--------------------------------------------------------------------------------

  [1] 避坑和实用贴士
      综合得分: 0.5560  (向量:0.1960 + 关键词:0.2100 + 标签:0.1500)
      标签: ['三乡镇', '东升镇', '乳鸽', '历史文化', '小吃', '小榄镇', '攻略', '早茶', '沙溪镇', '海鲜', '石岐区', '自然风光', '购物', '黄圃镇']
      来源: food/food\zhongshan_restaurants.md
      内容: 中山的早茶人均30到50块，基本是广州的三分之一价格，爱群食店6点开门建议8点前到免排队，周一和周四点心还打8折。乳鸽认准12到13天的妙龄鸽，石岐佬建议工作日11点前或17点前到，周末排队至少半小时。省钱吃法：早茶30到50一个人，乳鸽专门店60到80，海鲜大餐100到150。东升镇的脆肉鲩最正宗，沙溪镇的隆都菜最地道，石岐区的乳鸽最集中。三乡濑粉源于清嘉庆年间有200多年历史，上汤是灵魂要放烧鹅和叉烧。小榄菊花会每年11月下旬到12月举行，以菊入馔是中山独有文化。黄圃镇的腊味可以真空包装带回家，煲仔饭放几片腊肠满分。

  [2] 旅游避坑和实用建议
      综合得分: 0.5548  (向量:0.2548 + 关键词:0.1500 + 标签:0.1500)
      标签: ['东升镇', '乳鸽', '五桂山街道', '交通出行', '住宿', '南朗街道', '历史文化', '小榄镇', '攻略', '海鲜', '温泉', '神湾镇', '翠亨新区', '自然风光']
      来源: general/general\zhongshan_travel.md
      内容: 最佳旅行时间是每年10到12月的秋季和3到5月的春季，气温最舒适。夏天6到9月高温多雨还有台风，出行注意天气预报。冬天1到2月湿冷但游客少。3到4月是回南天特别潮湿衣服多带两件。
什么季节吃什么也有讲究：10到12月乳鸽最肥美，11月小榄菊花会品菊花宴，3到5月脆肉鲩最鲜，5到8月吃荔枝菌，10到11月吃神湾菠萝。
有几个景点必须提前预约别跑空——孙中山故居纪念馆要在公众号预约，中山市博物馆要在文旅中山公众号预约，翠亨国家湿地公园也要预约。三个都是周一闭馆。节假日人流量大建议提前2到3天约好。
防坑方面：景区周边的三轮车摩的不要坐价格虚高不安全，叫网约车最靠谱。部分餐厅会推荐高价海鲜点菜前一定

================================================================================
[2026-05-30 20:32:52] 查询: 总耗时 差评 刷评 避坑 贵 排队
耗时: 540.3 ms | 命中数: 2 | 阈值: 0.3
--------------------------------------------------------------------------------

  [1] 避坑和实用贴士
      综合得分: 0.5057  (向量:0.1457 + 关键词:0.2100 + 标签:0.1500)
      标签: ['三乡镇', '东升镇', '乳鸽', '历史文化', '小吃', '小榄镇', '攻略', '早茶', '沙溪镇', '海鲜', '石岐区', '自然风光', '购物', '黄圃镇']
      来源: food/food\zhongshan_restaurants.md
      内容: 中山的早茶人均30到50块，基本是广州的三分之一价格，爱群食店6点开门建议8点前到免排队，周一和周四点心还打8折。乳鸽认准12到13天的妙龄鸽，石岐佬建议工作日11点前或17点前到，周末排队至少半小时。省钱吃法：早茶30到50一个人，乳鸽专门店60到80，海鲜大餐100到150。东升镇的脆肉鲩最正宗，沙溪镇的隆都菜最地道，石岐区的乳鸽最集中。三乡濑粉源于清嘉庆年间有200多年历史，上汤是灵魂要放烧鹅和叉烧。小榄菊花会每年11月下旬到12月举行，以菊入馔是中山独有文化。黄圃镇的腊味可以真空包装带回家，煲仔饭放几片腊肠满分。

  [2] 旅游避坑和实用建议
      综合得分: 0.4541  (向量:0.1541 + 关键词:0.1500 + 标签:0.1500)
      标签: ['东升镇', '乳鸽', '五桂山街道', '交通出行', '住宿', '南朗街道', '历史文化', '小榄镇', '攻略', '海鲜', '温泉', '神湾镇', '翠亨新区', '自然风光']
      来源: general/general\zhongshan_travel.md
      内容: 最佳旅行时间是每年10到12月的秋季和3到5月的春季，气温最舒适。夏天6到9月高温多雨还有台风，出行注意天气预报。冬天1到2月湿冷但游客少。3到4月是回南天特别潮湿衣服多带两件。
什么季节吃什么也有讲究：10到12月乳鸽最肥美，11月小榄菊花会品菊花宴，3到5月脆肉鲩最鲜，5到8月吃荔枝菌，10到11月吃神湾菠萝。
有几个景点必须提前预约别跑空——孙中山故居纪念馆要在公众号预约，中山市博物馆要在文旅中山公众号预约，翠亨国家湿地公园也要预约。三个都是周一闭馆。节假日人流量大建议提前2到3天约好。
防坑方面：景区周边的三轮车摩的不要坐价格虚高不安全，叫网约车最靠谱。部分餐厅会推荐高价海鲜点菜前一定

================================================================================
[2026-05-30 20:32:53] 查询: 总距离 差评 刷评 避坑 贵 排队
耗时: 520.0 ms | 命中数: 2 | 阈值: 0.3
--------------------------------------------------------------------------------

  [1] 避坑和实用贴士
      综合得分: 0.4989  (向量:0.1389 + 关键词:0.2100 + 标签:0.1500)
      标签: ['三乡镇', '东升镇', '乳鸽', '历史文化', '小吃', '小榄镇', '攻略', '早茶', '沙溪镇', '海鲜', '石岐区', '自然风光', '购物', '黄圃镇']
      来源: food/food\zhongshan_restaurants.md
      内容: 中山的早茶人均30到50块，基本是广州的三分之一价格，爱群食店6点开门建议8点前到免排队，周一和周四点心还打8折。乳鸽认准12到13天的妙龄鸽，石岐佬建议工作日11点前或17点前到，周末排队至少半小时。省钱吃法：早茶30到50一个人，乳鸽专门店60到80，海鲜大餐100到150。东升镇的脆肉鲩最正宗，沙溪镇的隆都菜最地道，石岐区的乳鸽最集中。三乡濑粉源于清嘉庆年间有200多年历史，上汤是灵魂要放烧鹅和叉烧。小榄菊花会每年11月下旬到12月举行，以菊入馔是中山独有文化。黄圃镇的腊味可以真空包装带回家，煲仔饭放几片腊肠满分。

  [2] 旅游避坑和实用建议
      综合得分: 0.4508  (向量:0.1508 + 关键词:0.1500 + 标签:0.1500)
      标签: ['东升镇', '乳鸽', '五桂山街道', '交通出行', '住宿', '南朗街道', '历史文化', '小榄镇', '攻略', '海鲜', '温泉', '神湾镇', '翠亨新区', '自然风光']
      来源: general/general\zhongshan_travel.md
      内容: 最佳旅行时间是每年10到12月的秋季和3到5月的春季，气温最舒适。夏天6到9月高温多雨还有台风，出行注意天气预报。冬天1到2月湿冷但游客少。3到4月是回南天特别潮湿衣服多带两件。
什么季节吃什么也有讲究：10到12月乳鸽最肥美，11月小榄菊花会品菊花宴，3到5月脆肉鲩最鲜，5到8月吃荔枝菌，10到11月吃神湾菠萝。
有几个景点必须提前预约别跑空——孙中山故居纪念馆要在公众号预约，中山市博物馆要在文旅中山公众号预约，翠亨国家湿地公园也要预约。三个都是周一闭馆。节假日人流量大建议提前2到3天约好。
防坑方面：景区周边的三轮车摩的不要坐价格虚高不安全，叫网约车最靠谱。部分餐厅会推荐高价海鲜点菜前一定

================================================================================
[2026-05-30 20:32:53] 查询: 费用 差评 刷评 避坑 贵 排队
耗时: 447.8 ms | 命中数: 2 | 阈值: 0.3
--------------------------------------------------------------------------------

  [1] 避坑和实用贴士
      综合得分: 0.4953  (向量:0.1353 + 关键词:0.2100 + 标签:0.1500)
      标签: ['三乡镇', '东升镇', '乳鸽', '历史文化', '小吃', '小榄镇', '攻略', '早茶', '沙溪镇', '海鲜', '石岐区', '自然风光', '购物', '黄圃镇']
      来源: food/food\zhongshan_restaurants.md
      内容: 中山的早茶人均30到50块，基本是广州的三分之一价格，爱群食店6点开门建议8点前到免排队，周一和周四点心还打8折。乳鸽认准12到13天的妙龄鸽，石岐佬建议工作日11点前或17点前到，周末排队至少半小时。省钱吃法：早茶30到50一个人，乳鸽专门店60到80，海鲜大餐100到150。东升镇的脆肉鲩最正宗，沙溪镇的隆都菜最地道，石岐区的乳鸽最集中。三乡濑粉源于清嘉庆年间有200多年历史，上汤是灵魂要放烧鹅和叉烧。小榄菊花会每年11月下旬到12月举行，以菊入馔是中山独有文化。黄圃镇的腊味可以真空包装带回家，煲仔饭放几片腊肠满分。

  [2] 旅游避坑和实用建议
      综合得分: 0.4186  (向量:0.1186 + 关键词:0.1500 + 标签:0.1500)
      标签: ['东升镇', '乳鸽', '五桂山街道', '交通出行', '住宿', '南朗街道', '历史文化', '小榄镇', '攻略', '海鲜', '温泉', '神湾镇', '翠亨新区', '自然风光']
      来源: general/general\zhongshan_travel.md
      内容: 最佳旅行时间是每年10到12月的秋季和3到5月的春季，气温最舒适。夏天6到9月高温多雨还有台风，出行注意天气预报。冬天1到2月湿冷但游客少。3到4月是回南天特别潮湿衣服多带两件。
什么季节吃什么也有讲究：10到12月乳鸽最肥美，11月小榄菊花会品菊花宴，3到5月脆肉鲩最鲜，5到8月吃荔枝菌，10到11月吃神湾菠萝。
有几个景点必须提前预约别跑空——孙中山故居纪念馆要在公众号预约，中山市博物馆要在文旅中山公众号预约，翠亨国家湿地公园也要预约。三个都是周一闭馆。节假日人流量大建议提前2到3天约好。
防坑方面：景区周边的三轮车摩的不要坐价格虚高不安全，叫网约车最靠谱。部分餐厅会推荐高价海鲜点菜前一定

================================================================================
[2026-05-30 20:33:27] 查询: 中山紫马岭公园到利和广场 路线规划 公交 打车 步行
耗时: 551.4 ms | 命中数: 6 | 阈值: 0.3
--------------------------------------------------------------------------------

  [1] 深中通道 — 2024年通车，彻底改变了中山的区位格局
      综合得分: 1.0024  (向量:0.4924 + 关键词:0.0600 + 标签:0.4500)
      标签: ['交通出行', '住宿', '南朗街道', '宵夜', '网红打卡', '翠亨新区', '自然风光', '购物']
      来源: general/general\zhongshan_travel.md
      内容: 这绝对是中山近年来最大的交通事件。深中通道2024年6月30日正式通车，全长24公里，是把桥、岛、隧、水下互通集合在一起的世界级超级工程。现在从深圳宝安机场到中山马鞍岛只要30分钟左右，从深圳南山到中山市区大概50分钟。双向8车道，限速100公里每小时。目前暂时免收通行费。
跨市公交也同步开通了。深中001路从深圳前海梦工场北区到中山博览中心，约50分钟票价18元；深中002路从深圳前海到中山国际酒店票价15元。运营时间大概是早上6点半到晚上9点，早晚高峰15分钟一班。微信小程序搜"深中跨市公交"可以查实时班次和买票。自驾的话导航设马鞍岛或者南朗出口，深中通道走到头走翠亨快线15分钟就到南朗了

  [2] 中山市区交通和广珠城轨
      综合得分: 0.9493  (向量:0.4993 + 关键词:0.1500 + 标签:0.3000)
      标签: ['交通出行', '南朗街道', '古镇镇', '小榄镇', '火炬开发区', '石岐区', '自然风光', '西区']
      来源: general/general\zhongshan_travel.md
      内容: 中山市区景点集中在石岐老城区，范围不大，走路加共享单车加公交组合最划算。公交起步2块支持微信支付宝乘车码，BRT快速公交覆盖主要干道。网约车起步约8到10块市区内打车一般20到40。骑共享单车逛老城区很舒服，孙文西路岐江公园一带全程步行就行。
广珠城轨有五个站要看清楚——中山站（火炬开发区和东区交界停靠车次多）、中山北站（石岐区离老城区最近）、小榄站（西北部去古镇灯都）、南朗站（去孙中山故里和崖口村最近）、古镇站（灯都）。广州南站到中山站约30分钟票价40块，珠海站到中山站约25到30分钟票价35块。自驾的话广州过来走广珠西线高速约90分钟，珠海澳门过来经广澳高速约40分钟。

  [3] 周末遛弯（半天闲逛+随便吃点）
      综合得分: 0.8865  (向量:0.4065 + 关键词:0.0300 + 标签:0.4500)
      标签: ['五桂山街道', '交通出行', '南朗街道', '历史文化', '咖啡', '小吃', '攻略', '石岐区', '自然风光', '西区', '购物']
      来源: food/food\scene_guide.md
      内容: - 优先级：顺路 > 轻松 > 不排队
- 推荐类型：街边小吃、咖啡馆、面包店
- 人均预算：30-60元
- 搜关键词：咖啡、小吃、骑楼、老街、公园
- 中山最佳遛弯路线：
  - 石岐老城线：孙文西路→香山商业文化博物馆→白水井大街吃满足面/顺柚记→岐江公园→烟墩山看日落→兴中广场（全程步行）
  - 崖口稻田线：崖口村稻田→向云端咖啡(25元)→崖口云吞(15元)→东堤海景路骑行→煲仔饭(30元)
  - 五桂山户外线：逍遥谷→旗溪村鸡煲→桂南村不荒樟咖啡(28元)

  [4] 孙中山故里旅游区 — 5A景区，中山最核心的文化地标
      综合得分: 0.8863  (向量:0.4063 + 关键词:0.0300 + 标签:0.4500)
      标签: ['交通出行', '南朗街道', '历史文化', '攻略', '网红打卡', '自然风光']
      来源: general/general\zhongshan_travel.md
      内容: 这个景区在南朗街道翠亨村，翠亨大道93号，是中山唯一的5A级景区。整个旅游区包括孙中山故居纪念馆、中山影视城、辛亥革命纪念公园和犁头尖山几个部分。故居纪念馆是免费的，但要在孙中山故居纪念馆公众号上提前预约。影视城单独收费65块。开放时间是早上9点到下午5点半，周一闭馆（节假日正常开放），千万别周一跑来吃闭门羹。
孙中山故居本身是1892年孙中山亲自设计建造的二层砖木结构楼房，红墙绿瓦中西合璧的风格，里面展示了孙中山出生和成长的环境。门口那棵酸子树是孙中山1883年从檀香山带回来的树种，活到现在也是个奇迹。交通方面，坐广珠城轨到南朗站下车转公交就能到，自驾的话停车也方便。
中山影视城就在故居旁边

  [5] 金钟水库和树木园 — 中山人周末最爱去的城市绿肺
      综合得分: 0.8184  (向量:0.3684 + 关键词:0.0000 + 标签:0.4500)
      标签: ['东区', '交通出行', '南区', '攻略', '烧烤', '自然风光']
      来源: general/general\zhongshan_travel.md
      内容: 金钟水库在东区新安村，绕水库一圈大概12公里全程绿道，有专门的自行车道，可以租车骑行（约20块一小时），也有烧烤场。环境清幽湖水碧绿，节假日人多建议早上去。树木园在南区南外环路，和金钟水库不同，这里以植物科普为主，有竹园木兰园等专类园区，绿道平缓适合老人小孩。

  [6] 孙文西路步行街和香山古城 — 石岐老城的灵魂
      综合得分: 0.8059  (向量:0.3559 + 关键词:0.1500 + 标签:0.3000)
      标签: ['住宿', '历史文化', '小吃', '异国风味', '情侣', '石岐区', '网红打卡', '自然风光', '购物', '黄圃镇']
      来源: general/general\zhongshan_travel.md
      内容: 孙文西路是中山最老的商圈，整条街都是南洋风格的骑楼建筑。香山古城的核心区就在这里，2025年国庆假期这一带客流超过130万人次。街上值得看的：思豪大酒店旧楼、香山商业文化博物馆（三层粉色洋楼，本身就是网红拍照地标，馆内展示了香山商业发展史，中山作为侨乡，四大百货先施永安新新大新都和中山有关）。中山名品荟在原来中山百货大楼里面，一楼专门卖伴手礼，二楼卖中山本地生产的家电产品像威力奥马TCL这些。晚上灯光亮起来搭配岐江夜景非常浪漫。白水井大街也在附近，是当地人爱逛的老街，满足面和顺柚记等老字号小吃店就在这里，街边杂货铺还能买到石岐米酒和黄圃腊味，比景区便宜。

================================================================================
[2026-05-30 20:34:53] 查询: 🚌 公交方案（推荐BRT快速公交） 差评 刷评 避坑 贵 排队
耗时: 550.1 ms | 命中数: 2 | 阈值: 0.3
--------------------------------------------------------------------------------

  [1] 旅游避坑和实用建议
      综合得分: 0.7074  (向量:0.2574 + 关键词:0.1500 + 标签:0.3000)
      标签: ['东升镇', '乳鸽', '五桂山街道', '交通出行', '住宿', '南朗街道', '历史文化', '小榄镇', '攻略', '海鲜', '温泉', '神湾镇', '翠亨新区', '自然风光']
      来源: general/general\zhongshan_travel.md
      内容: 最佳旅行时间是每年10到12月的秋季和3到5月的春季，气温最舒适。夏天6到9月高温多雨还有台风，出行注意天气预报。冬天1到2月湿冷但游客少。3到4月是回南天特别潮湿衣服多带两件。
什么季节吃什么也有讲究：10到12月乳鸽最肥美，11月小榄菊花会品菊花宴，3到5月脆肉鲩最鲜，5到8月吃荔枝菌，10到11月吃神湾菠萝。
有几个景点必须提前预约别跑空——孙中山故居纪念馆要在公众号预约，中山市博物馆要在文旅中山公众号预约，翠亨国家湿地公园也要预约。三个都是周一闭馆。节假日人流量大建议提前2到3天约好。
防坑方面：景区周边的三轮车摩的不要坐价格虚高不安全，叫网约车最靠谱。部分餐厅会推荐高价海鲜点菜前一定

  [2] 中山市区交通和广珠城轨
      综合得分: 0.5800  (向量:0.4300 + 关键词:0.0000 + 标签:0.1500)
      标签: ['交通出行', '南朗街道', '古镇镇', '小榄镇', '火炬开发区', '石岐区', '自然风光', '西区']
      来源: general/general\zhongshan_travel.md
      内容: 中山市区景点集中在石岐老城区，范围不大，走路加共享单车加公交组合最划算。公交起步2块支持微信支付宝乘车码，BRT快速公交覆盖主要干道。网约车起步约8到10块市区内打车一般20到40。骑共享单车逛老城区很舒服，孙文西路岐江公园一带全程步行就行。
广珠城轨有五个站要看清楚——中山站（火炬开发区和东区交界停靠车次多）、中山北站（石岐区离老城区最近）、小榄站（西北部去古镇灯都）、南朗站（去孙中山故里和崖口村最近）、古镇站（灯都）。广州南站到中山站约30分钟票价40块，珠海站到中山站约25到30分钟票价35块。自驾的话广州过来走广珠西线高速约90分钟，珠海澳门过来经广澳高速约40分钟。

================================================================================
[2026-05-30 20:34:54] 查询: ① B10路（最优路线） 差评 刷评 避坑 贵 排队
耗时: 476.2 ms | 命中数: 2 | 阈值: 0.3
--------------------------------------------------------------------------------

  [1] 旅游避坑和实用建议
      综合得分: 0.5761  (向量:0.2761 + 关键词:0.1500 + 标签:0.1500)
      标签: ['东升镇', '乳鸽', '五桂山街道', '交通出行', '住宿', '南朗街道', '历史文化', '小榄镇', '攻略', '海鲜', '温泉', '神湾镇', '翠亨新区', '自然风光']
      来源: general/general\zhongshan_travel.md
      内容: 最佳旅行时间是每年10到12月的秋季和3到5月的春季，气温最舒适。夏天6到9月高温多雨还有台风，出行注意天气预报。冬天1到2月湿冷但游客少。3到4月是回南天特别潮湿衣服多带两件。
什么季节吃什么也有讲究：10到12月乳鸽最肥美，11月小榄菊花会品菊花宴，3到5月脆肉鲩最鲜，5到8月吃荔枝菌，10到11月吃神湾菠萝。
有几个景点必须提前预约别跑空——孙中山故居纪念馆要在公众号预约，中山市博物馆要在文旅中山公众号预约，翠亨国家湿地公园也要预约。三个都是周一闭馆。节假日人流量大建议提前2到3天约好。
防坑方面：景区周边的三轮车摩的不要坐价格虚高不安全，叫网约车最靠谱。部分餐厅会推荐高价海鲜点菜前一定

  [2] 避坑和实用贴士
      综合得分: 0.5629  (向量:0.2029 + 关键词:0.2100 + 标签:0.1500)
      标签: ['三乡镇', '东升镇', '乳鸽', '历史文化', '小吃', '小榄镇', '攻略', '早茶', '沙溪镇', '海鲜', '石岐区', '自然风光', '购物', '黄圃镇']
      来源: food/food\zhongshan_restaurants.md
      内容: 中山的早茶人均30到50块，基本是广州的三分之一价格，爱群食店6点开门建议8点前到免排队，周一和周四点心还打8折。乳鸽认准12到13天的妙龄鸽，石岐佬建议工作日11点前或17点前到，周末排队至少半小时。省钱吃法：早茶30到50一个人，乳鸽专门店60到80，海鲜大餐100到150。东升镇的脆肉鲩最正宗，沙溪镇的隆都菜最地道，石岐区的乳鸽最集中。三乡濑粉源于清嘉庆年间有200多年历史，上汤是灵魂要放烧鹅和叉烧。小榄菊花会每年11月下旬到12月举行，以菊入馔是中山独有文化。黄圃镇的腊味可以真空包装带回家，煲仔饭放几片腊肠满分。

================================================================================
[2026-05-30 20:34:54] 查询: 路线 差评 刷评 避坑 贵 排队
耗时: 546.8 ms | 命中数: 2 | 阈值: 0.3
--------------------------------------------------------------------------------

  [1] 避坑和实用贴士
      综合得分: 0.5560  (向量:0.1960 + 关键词:0.2100 + 标签:0.1500)
      标签: ['三乡镇', '东升镇', '乳鸽', '历史文化', '小吃', '小榄镇', '攻略', '早茶', '沙溪镇', '海鲜', '石岐区', '自然风光', '购物', '黄圃镇']
      来源: food/food\zhongshan_restaurants.md
      内容: 中山的早茶人均30到50块，基本是广州的三分之一价格，爱群食店6点开门建议8点前到免排队，周一和周四点心还打8折。乳鸽认准12到13天的妙龄鸽，石岐佬建议工作日11点前或17点前到，周末排队至少半小时。省钱吃法：早茶30到50一个人，乳鸽专门店60到80，海鲜大餐100到150。东升镇的脆肉鲩最正宗，沙溪镇的隆都菜最地道，石岐区的乳鸽最集中。三乡濑粉源于清嘉庆年间有200多年历史，上汤是灵魂要放烧鹅和叉烧。小榄菊花会每年11月下旬到12月举行，以菊入馔是中山独有文化。黄圃镇的腊味可以真空包装带回家，煲仔饭放几片腊肠满分。

  [2] 旅游避坑和实用建议
      综合得分: 0.5548  (向量:0.2548 + 关键词:0.1500 + 标签:0.1500)
      标签: ['东升镇', '乳鸽', '五桂山街道', '交通出行', '住宿', '南朗街道', '历史文化', '小榄镇', '攻略', '海鲜', '温泉', '神湾镇', '翠亨新区', '自然风光']
      来源: general/general\zhongshan_travel.md
      内容: 最佳旅行时间是每年10到12月的秋季和3到5月的春季，气温最舒适。夏天6到9月高温多雨还有台风，出行注意天气预报。冬天1到2月湿冷但游客少。3到4月是回南天特别潮湿衣服多带两件。
什么季节吃什么也有讲究：10到12月乳鸽最肥美，11月小榄菊花会品菊花宴，3到5月脆肉鲩最鲜，5到8月吃荔枝菌，10到11月吃神湾菠萝。
有几个景点必须提前预约别跑空——孙中山故居纪念馆要在公众号预约，中山市博物馆要在文旅中山公众号预约，翠亨国家湿地公园也要预约。三个都是周一闭馆。节假日人流量大建议提前2到3天约好。
防坑方面：景区周边的三轮车摩的不要坐价格虚高不安全，叫网约车最靠谱。部分餐厅会推荐高价海鲜点菜前一定

================================================================================
[2026-05-30 20:35:24] 查询: 中山紫马岭公园到利和广场 路线规划
耗时: 524.7 ms | 命中数: 6 | 阈值: 0.3
--------------------------------------------------------------------------------

  [1] 周末遛弯（半天闲逛+随便吃点）
      综合得分: 0.8341  (向量:0.3841 + 关键词:0.0000 + 标签:0.4500)
      标签: ['五桂山街道', '交通出行', '南朗街道', '历史文化', '咖啡', '小吃', '攻略', '石岐区', '自然风光', '西区', '购物']
      来源: food/food\scene_guide.md
      内容: - 优先级：顺路 > 轻松 > 不排队
- 推荐类型：街边小吃、咖啡馆、面包店
- 人均预算：30-60元
- 搜关键词：咖啡、小吃、骑楼、老街、公园
- 中山最佳遛弯路线：
  - 石岐老城线：孙文西路→香山商业文化博物馆→白水井大街吃满足面/顺柚记→岐江公园→烟墩山看日落→兴中广场（全程步行）
  - 崖口稻田线：崖口村稻田→向云端咖啡(25元)→崖口云吞(15元)→东堤海景路骑行→煲仔饭(30元)
  - 五桂山户外线：逍遥谷→旗溪村鸡煲→桂南村不荒樟咖啡(28元)

  [2] 深中通道 — 2024年通车，彻底改变了中山的区位格局
      综合得分: 0.7917  (向量:0.4917 + 关键词:0.0000 + 标签:0.3000)
      标签: ['交通出行', '住宿', '南朗街道', '宵夜', '网红打卡', '翠亨新区', '自然风光', '购物']
      来源: general/general\zhongshan_travel.md
      内容: 这绝对是中山近年来最大的交通事件。深中通道2024年6月30日正式通车，全长24公里，是把桥、岛、隧、水下互通集合在一起的世界级超级工程。现在从深圳宝安机场到中山马鞍岛只要30分钟左右，从深圳南山到中山市区大概50分钟。双向8车道，限速100公里每小时。目前暂时免收通行费。
跨市公交也同步开通了。深中001路从深圳前海梦工场北区到中山博览中心，约50分钟票价18元；深中002路从深圳前海到中山国际酒店票价15元。运营时间大概是早上6点半到晚上9点，早晚高峰15分钟一班。微信小程序搜"深中跨市公交"可以查实时班次和买票。自驾的话导航设马鞍岛或者南朗出口，深中通道走到头走翠亨快线15分钟就到南朗了

  [3] 中山市博物馆 — 2022年新馆，设计感超强
      综合得分: 0.6923  (向量:0.3923 + 关键词:0.0000 + 标签:0.3000)
      标签: ['历史文化', '攻略', '石岐区', '网红打卡', '自然风光']
      来源: general/general\zhongshan_travel.md
      内容: 在石岐区孙文中路197号，2022年新馆开放后成了中山新的文化地标。里面有三个常设展览：中山历史陈列、中山华侨历史、中山非物质文化遗产。最受欢迎的是一比一还原的民国街道场景，拍照非常出片。免费但要提前在"文旅中山"公众号预约，开放时间9点到下午5点，周一闭馆。

  [4] 孙中山故里旅游区 — 5A景区，中山最核心的文化地标
      综合得分: 0.6867  (向量:0.3867 + 关键词:0.0000 + 标签:0.3000)
      标签: ['交通出行', '南朗街道', '历史文化', '攻略', '网红打卡', '自然风光']
      来源: general/general\zhongshan_travel.md
      内容: 这个景区在南朗街道翠亨村，翠亨大道93号，是中山唯一的5A级景区。整个旅游区包括孙中山故居纪念馆、中山影视城、辛亥革命纪念公园和犁头尖山几个部分。故居纪念馆是免费的，但要在孙中山故居纪念馆公众号上提前预约。影视城单独收费65块。开放时间是早上9点到下午5点半，周一闭馆（节假日正常开放），千万别周一跑来吃闭门羹。
孙中山故居本身是1892年孙中山亲自设计建造的二层砖木结构楼房，红墙绿瓦中西合璧的风格，里面展示了孙中山出生和成长的环境。门口那棵酸子树是孙中山1883年从檀香山带回来的树种，活到现在也是个奇迹。交通方面，坐广珠城轨到南朗站下车转公交就能到，自驾的话停车也方便。
中山影视城就在故居旁边

  [5] 富逸城和各大购物中心
      综合得分: 0.6725  (向量:0.3725 + 关键词:0.0000 + 标签:0.3000)
      标签: ['东区', '住宿', '坦洲镇', '夜市', '火锅', '石岐区', '自然风光', '购物']
      来源: general/general\zhongshan_travel.md
      内容: 富逸城TopPark在石岐区莲员东路，2024年新开的超级大商场，超200个品牌入驻，中庭有巨型瀑布景观很震撼，餐饮选择从快餐到正餐火锅日料都有。利和广场在石岐区中山三路紧邻希尔顿酒店，高端商场奢侈品美妆国际名品齐全，楼下有文华里美食街。中山优越城在坦洲镇界狮南路是坦洲最大购物中心。兴中广场在石岐区凤鸣路岐江边上，晚上变身滨江体验式消费地标。

  [6] 马鞍岛和翠亨国家湿地公园 — 人少景美的冷门好去处
      综合得分: 0.6721  (向量:0.3721 + 关键词:0.0000 + 标签:0.3000)
      标签: ['南朗街道', '攻略', '翠亨新区', '自然风光']
      来源: general/general\zhongshan_travel.md
      内容: 翠亨新区马鞍岛除了看深中大桥日出，还有个翠亨国家湿地公园，国家级湿地，红树林芦苇荡加候鸟天堂。和深圳隔海相望，看深中大桥很壮观。免费但需要提前在官方渠道预约，9点到5点开放。人比市区景点少得多，适合喜欢清静的人。

================================================================================
[2026-05-30 20:36:58] 查询: B10路直达线 差评 刷评 避坑 贵 排队
耗时: 667.6 ms | 命中数: 2 | 阈值: 0.3
--------------------------------------------------------------------------------

  [1] 避坑和实用贴士
      综合得分: 0.5158  (向量:0.1558 + 关键词:0.2100 + 标签:0.1500)
      标签: ['三乡镇', '东升镇', '乳鸽', '历史文化', '小吃', '小榄镇', '攻略', '早茶', '沙溪镇', '海鲜', '石岐区', '自然风光', '购物', '黄圃镇']
      来源: food/food\zhongshan_restaurants.md
      内容: 中山的早茶人均30到50块，基本是广州的三分之一价格，爱群食店6点开门建议8点前到免排队，周一和周四点心还打8折。乳鸽认准12到13天的妙龄鸽，石岐佬建议工作日11点前或17点前到，周末排队至少半小时。省钱吃法：早茶30到50一个人，乳鸽专门店60到80，海鲜大餐100到150。东升镇的脆肉鲩最正宗，沙溪镇的隆都菜最地道，石岐区的乳鸽最集中。三乡濑粉源于清嘉庆年间有200多年历史，上汤是灵魂要放烧鹅和叉烧。小榄菊花会每年11月下旬到12月举行，以菊入馔是中山独有文化。黄圃镇的腊味可以真空包装带回家，煲仔饭放几片腊肠满分。

  [2] 旅游避坑和实用建议
      综合得分: 0.4562  (向量:0.1562 + 关键词:0.1500 + 标签:0.1500)
      标签: ['东升镇', '乳鸽', '五桂山街道', '交通出行', '住宿', '南朗街道', '历史文化', '小榄镇', '攻略', '海鲜', '温泉', '神湾镇', '翠亨新区', '自然风光']
      来源: general/general\zhongshan_travel.md
      内容: 最佳旅行时间是每年10到12月的秋季和3到5月的春季，气温最舒适。夏天6到9月高温多雨还有台风，出行注意天气预报。冬天1到2月湿冷但游客少。3到4月是回南天特别潮湿衣服多带两件。
什么季节吃什么也有讲究：10到12月乳鸽最肥美，11月小榄菊花会品菊花宴，3到5月脆肉鲩最鲜，5到8月吃荔枝菌，10到11月吃神湾菠萝。
有几个景点必须提前预约别跑空——孙中山故居纪念馆要在公众号预约，中山市博物馆要在文旅中山公众号预约，翠亨国家湿地公园也要预约。三个都是周一闭馆。节假日人流量大建议提前2到3天约好。
防坑方面：景区周边的三轮车摩的不要坐价格虚高不安全，叫网约车最靠谱。部分餐厅会推荐高价海鲜点菜前一定

================================================================================
[2026-05-30 20:36:58] 查询: 总耗时26分钟 | 费用2元 差评 刷评 避坑 贵 排队
耗时: 522.7 ms | 命中数: 2 | 阈值: 0.3
--------------------------------------------------------------------------------

  [1] 避坑和实用贴士
      综合得分: 0.5303  (向量:0.1703 + 关键词:0.2100 + 标签:0.1500)
      标签: ['三乡镇', '东升镇', '乳鸽', '历史文化', '小吃', '小榄镇', '攻略', '早茶', '沙溪镇', '海鲜', '石岐区', '自然风光', '购物', '黄圃镇']
      来源: food/food\zhongshan_restaurants.md
      内容: 中山的早茶人均30到50块，基本是广州的三分之一价格，爱群食店6点开门建议8点前到免排队，周一和周四点心还打8折。乳鸽认准12到13天的妙龄鸽，石岐佬建议工作日11点前或17点前到，周末排队至少半小时。省钱吃法：早茶30到50一个人，乳鸽专门店60到80，海鲜大餐100到150。东升镇的脆肉鲩最正宗，沙溪镇的隆都菜最地道，石岐区的乳鸽最集中。三乡濑粉源于清嘉庆年间有200多年历史，上汤是灵魂要放烧鹅和叉烧。小榄菊花会每年11月下旬到12月举行，以菊入馔是中山独有文化。黄圃镇的腊味可以真空包装带回家，煲仔饭放几片腊肠满分。

  [2] 旅游避坑和实用建议
      综合得分: 0.4281  (向量:0.1281 + 关键词:0.1500 + 标签:0.1500)
      标签: ['东升镇', '乳鸽', '五桂山街道', '交通出行', '住宿', '南朗街道', '历史文化', '小榄镇', '攻略', '海鲜', '温泉', '神湾镇', '翠亨新区', '自然风光']
      来源: general/general\zhongshan_travel.md
      内容: 最佳旅行时间是每年10到12月的秋季和3到5月的春季，气温最舒适。夏天6到9月高温多雨还有台风，出行注意天气预报。冬天1到2月湿冷但游客少。3到4月是回南天特别潮湿衣服多带两件。
什么季节吃什么也有讲究：10到12月乳鸽最肥美，11月小榄菊花会品菊花宴，3到5月脆肉鲩最鲜，5到8月吃荔枝菌，10到11月吃神湾菠萝。
有几个景点必须提前预约别跑空——孙中山故居纪念馆要在公众号预约，中山市博物馆要在文旅中山公众号预约，翠亨国家湿地公园也要预约。三个都是周一闭馆。节假日人流量大建议提前2到3天约好。
防坑方面：景区周边的三轮车摩的不要坐价格虚高不安全，叫网约车最靠谱。部分餐厅会推荐高价海鲜点菜前一定

================================================================================
[2026-05-30 20:36:59] 查询: K02路接驳线 差评 刷评 避坑 贵 排队
耗时: 458.9 ms | 命中数: 2 | 阈值: 0.3
--------------------------------------------------------------------------------

  [1] 避坑和实用贴士
      综合得分: 0.4354  (向量:0.0754 + 关键词:0.2100 + 标签:0.1500)
      标签: ['三乡镇', '东升镇', '乳鸽', '历史文化', '小吃', '小榄镇', '攻略', '早茶', '沙溪镇', '海鲜', '石岐区', '自然风光', '购物', '黄圃镇']
      来源: food/food\zhongshan_restaurants.md
      内容: 中山的早茶人均30到50块，基本是广州的三分之一价格，爱群食店6点开门建议8点前到免排队，周一和周四点心还打8折。乳鸽认准12到13天的妙龄鸽，石岐佬建议工作日11点前或17点前到，周末排队至少半小时。省钱吃法：早茶30到50一个人，乳鸽专门店60到80，海鲜大餐100到150。东升镇的脆肉鲩最正宗，沙溪镇的隆都菜最地道，石岐区的乳鸽最集中。三乡濑粉源于清嘉庆年间有200多年历史，上汤是灵魂要放烧鹅和叉烧。小榄菊花会每年11月下旬到12月举行，以菊入馔是中山独有文化。黄圃镇的腊味可以真空包装带回家，煲仔饭放几片腊肠满分。

  [2] 周末遛弯（半天闲逛+随便吃点）
      综合得分: 0.3317  (向量:0.1517 + 关键词:0.0300 + 标签:0.1500)
      标签: ['五桂山街道', '交通出行', '南朗街道', '历史文化', '咖啡', '小吃', '攻略', '石岐区', '自然风光', '西区', '购物']
      来源: food/food\scene_guide.md
      内容: - 优先级：顺路 > 轻松 > 不排队
- 推荐类型：街边小吃、咖啡馆、面包店
- 人均预算：30-60元
- 搜关键词：咖啡、小吃、骑楼、老街、公园
- 中山最佳遛弯路线：
  - 石岐老城线：孙文西路→香山商业文化博物馆→白水井大街吃满足面/顺柚记→岐江公园→烟墩山看日落→兴中广场（全程步行）
  - 崖口稻田线：崖口村稻田→向云端咖啡(25元)→崖口云吞(15元)→东堤海景路骑行→煲仔饭(30元)
  - 五桂山户外线：逍遥谷→旗溪村鸡煲→桂南村不荒樟咖啡(28元)

================================================================================
[2026-05-30 20:38:28] 查询: 🚌 公交方案（最快26分钟） 差评 刷评 避坑 贵 排队
耗时: 548.7 ms | 命中数: 2 | 阈值: 0.3
--------------------------------------------------------------------------------

  [1] 旅游避坑和实用建议
      综合得分: 0.7166  (向量:0.2666 + 关键词:0.1500 + 标签:0.3000)
      标签: ['东升镇', '乳鸽', '五桂山街道', '交通出行', '住宿', '南朗街道', '历史文化', '小榄镇', '攻略', '海鲜', '温泉', '神湾镇', '翠亨新区', '自然风光']
      来源: general/general\zhongshan_travel.md
      内容: 最佳旅行时间是每年10到12月的秋季和3到5月的春季，气温最舒适。夏天6到9月高温多雨还有台风，出行注意天气预报。冬天1到2月湿冷但游客少。3到4月是回南天特别潮湿衣服多带两件。
什么季节吃什么也有讲究：10到12月乳鸽最肥美，11月小榄菊花会品菊花宴，3到5月脆肉鲩最鲜，5到8月吃荔枝菌，10到11月吃神湾菠萝。
有几个景点必须提前预约别跑空——孙中山故居纪念馆要在公众号预约，中山市博物馆要在文旅中山公众号预约，翠亨国家湿地公园也要预约。三个都是周一闭馆。节假日人流量大建议提前2到3天约好。
防坑方面：景区周边的三轮车摩的不要坐价格虚高不安全，叫网约车最靠谱。部分餐厅会推荐高价海鲜点菜前一定

  [2] 周末遛弯（半天闲逛+随便吃点）
      综合得分: 0.6176  (向量:0.2876 + 关键词:0.0300 + 标签:0.3000)
      标签: ['五桂山街道', '交通出行', '南朗街道', '历史文化', '咖啡', '小吃', '攻略', '石岐区', '自然风光', '西区', '购物']
      来源: food/food\scene_guide.md
      内容: - 优先级：顺路 > 轻松 > 不排队
- 推荐类型：街边小吃、咖啡馆、面包店
- 人均预算：30-60元
- 搜关键词：咖啡、小吃、骑楼、老街、公园
- 中山最佳遛弯路线：
  - 石岐老城线：孙文西路→香山商业文化博物馆→白水井大街吃满足面/顺柚记→岐江公园→烟墩山看日落→兴中广场（全程步行）
  - 崖口稻田线：崖口村稻田→向云端咖啡(25元)→崖口云吞(15元)→东堤海景路骑行→煲仔饭(30元)
  - 五桂山户外线：逍遥谷→旗溪村鸡煲→桂南村不荒樟咖啡(28元)

================================================================================
[2026-05-30 20:38:28] 查询: B10路（推荐） 差评 刷评 避坑 贵 排队
耗时: 498.2 ms | 命中数: 2 | 阈值: 0.3
--------------------------------------------------------------------------------

  [1] 避坑和实用贴士
      综合得分: 0.5150  (向量:0.1550 + 关键词:0.2100 + 标签:0.1500)
      标签: ['三乡镇', '东升镇', '乳鸽', '历史文化', '小吃', '小榄镇', '攻略', '早茶', '沙溪镇', '海鲜', '石岐区', '自然风光', '购物', '黄圃镇']
      来源: food/food\zhongshan_restaurants.md
      内容: 中山的早茶人均30到50块，基本是广州的三分之一价格，爱群食店6点开门建议8点前到免排队，周一和周四点心还打8折。乳鸽认准12到13天的妙龄鸽，石岐佬建议工作日11点前或17点前到，周末排队至少半小时。省钱吃法：早茶30到50一个人，乳鸽专门店60到80，海鲜大餐100到150。东升镇的脆肉鲩最正宗，沙溪镇的隆都菜最地道，石岐区的乳鸽最集中。三乡濑粉源于清嘉庆年间有200多年历史，上汤是灵魂要放烧鹅和叉烧。小榄菊花会每年11月下旬到12月举行，以菊入馔是中山独有文化。黄圃镇的腊味可以真空包装带回家，煲仔饭放几片腊肠满分。

  [2] 旅游避坑和实用建议
      综合得分: 0.4930  (向量:0.1930 + 关键词:0.1500 + 标签:0.1500)
      标签: ['东升镇', '乳鸽', '五桂山街道', '交通出行', '住宿', '南朗街道', '历史文化', '小榄镇', '攻略', '海鲜', '温泉', '神湾镇', '翠亨新区', '自然风光']
      来源: general/general\zhongshan_travel.md
      内容: 最佳旅行时间是每年10到12月的秋季和3到5月的春季，气温最舒适。夏天6到9月高温多雨还有台风，出行注意天气预报。冬天1到2月湿冷但游客少。3到4月是回南天特别潮湿衣服多带两件。
什么季节吃什么也有讲究：10到12月乳鸽最肥美，11月小榄菊花会品菊花宴，3到5月脆肉鲩最鲜，5到8月吃荔枝菌，10到11月吃神湾菠萝。
有几个景点必须提前预约别跑空——孙中山故居纪念馆要在公众号预约，中山市博物馆要在文旅中山公众号预约，翠亨国家湿地公园也要预约。三个都是周一闭馆。节假日人流量大建议提前2到3天约好。
防坑方面：景区周边的三轮车摩的不要坐价格虚高不安全，叫网约车最靠谱。部分餐厅会推荐高价海鲜点菜前一定

================================================================================
[2026-05-30 20:38:29] 查询: 路线 差评 刷评 避坑 贵 排队
耗时: 535.8 ms | 命中数: 2 | 阈值: 0.3
--------------------------------------------------------------------------------

  [1] 避坑和实用贴士
      综合得分: 0.5560  (向量:0.1960 + 关键词:0.2100 + 标签:0.1500)
      标签: ['三乡镇', '东升镇', '乳鸽', '历史文化', '小吃', '小榄镇', '攻略', '早茶', '沙溪镇', '海鲜', '石岐区', '自然风光', '购物', '黄圃镇']
      来源: food/food\zhongshan_restaurants.md
      内容: 中山的早茶人均30到50块，基本是广州的三分之一价格，爱群食店6点开门建议8点前到免排队，周一和周四点心还打8折。乳鸽认准12到13天的妙龄鸽，石岐佬建议工作日11点前或17点前到，周末排队至少半小时。省钱吃法：早茶30到50一个人，乳鸽专门店60到80，海鲜大餐100到150。东升镇的脆肉鲩最正宗，沙溪镇的隆都菜最地道，石岐区的乳鸽最集中。三乡濑粉源于清嘉庆年间有200多年历史，上汤是灵魂要放烧鹅和叉烧。小榄菊花会每年11月下旬到12月举行，以菊入馔是中山独有文化。黄圃镇的腊味可以真空包装带回家，煲仔饭放几片腊肠满分。

  [2] 旅游避坑和实用建议
      综合得分: 0.5548  (向量:0.2548 + 关键词:0.1500 + 标签:0.1500)
      标签: ['东升镇', '乳鸽', '五桂山街道', '交通出行', '住宿', '南朗街道', '历史文化', '小榄镇', '攻略', '海鲜', '温泉', '神湾镇', '翠亨新区', '自然风光']
      来源: general/general\zhongshan_travel.md
      内容: 最佳旅行时间是每年10到12月的秋季和3到5月的春季，气温最舒适。夏天6到9月高温多雨还有台风，出行注意天气预报。冬天1到2月湿冷但游客少。3到4月是回南天特别潮湿衣服多带两件。
什么季节吃什么也有讲究：10到12月乳鸽最肥美，11月小榄菊花会品菊花宴，3到5月脆肉鲩最鲜，5到8月吃荔枝菌，10到11月吃神湾菠萝。
有几个景点必须提前预约别跑空——孙中山故居纪念馆要在公众号预约，中山市博物馆要在文旅中山公众号预约，翠亨国家湿地公园也要预约。三个都是周一闭馆。节假日人流量大建议提前2到3天约好。
防坑方面：景区周边的三轮车摩的不要坐价格虚高不安全，叫网约车最靠谱。部分餐厅会推荐高价海鲜点菜前一定

================================================================================
[2026-05-30 20:39:05] 查询: 中山紫马岭公园到利和广场 路线规划 公交 打车 步行
耗时: 637.0 ms | 命中数: 6 | 阈值: 0.3
--------------------------------------------------------------------------------

  [1] 深中通道 — 2024年通车，彻底改变了中山的区位格局
      综合得分: 1.0024  (向量:0.4924 + 关键词:0.0600 + 标签:0.4500)
      标签: ['交通出行', '住宿', '南朗街道', '宵夜', '网红打卡', '翠亨新区', '自然风光', '购物']
      来源: general/general\zhongshan_travel.md
      内容: 这绝对是中山近年来最大的交通事件。深中通道2024年6月30日正式通车，全长24公里，是把桥、岛、隧、水下互通集合在一起的世界级超级工程。现在从深圳宝安机场到中山马鞍岛只要30分钟左右，从深圳南山到中山市区大概50分钟。双向8车道，限速100公里每小时。目前暂时免收通行费。
跨市公交也同步开通了。深中001路从深圳前海梦工场北区到中山博览中心，约50分钟票价18元；深中002路从深圳前海到中山国际酒店票价15元。运营时间大概是早上6点半到晚上9点，早晚高峰15分钟一班。微信小程序搜"深中跨市公交"可以查实时班次和买票。自驾的话导航设马鞍岛或者南朗出口，深中通道走到头走翠亨快线15分钟就到南朗了

  [2] 中山市区交通和广珠城轨
      综合得分: 0.9493  (向量:0.4993 + 关键词:0.1500 + 标签:0.3000)
      标签: ['交通出行', '南朗街道', '古镇镇', '小榄镇', '火炬开发区', '石岐区', '自然风光', '西区']
      来源: general/general\zhongshan_travel.md
      内容: 中山市区景点集中在石岐老城区，范围不大，走路加共享单车加公交组合最划算。公交起步2块支持微信支付宝乘车码，BRT快速公交覆盖主要干道。网约车起步约8到10块市区内打车一般20到40。骑共享单车逛老城区很舒服，孙文西路岐江公园一带全程步行就行。
广珠城轨有五个站要看清楚——中山站（火炬开发区和东区交界停靠车次多）、中山北站（石岐区离老城区最近）、小榄站（西北部去古镇灯都）、南朗站（去孙中山故里和崖口村最近）、古镇站（灯都）。广州南站到中山站约30分钟票价40块，珠海站到中山站约25到30分钟票价35块。自驾的话广州过来走广珠西线高速约90分钟，珠海澳门过来经广澳高速约40分钟。

  [3] 周末遛弯（半天闲逛+随便吃点）
      综合得分: 0.8865  (向量:0.4065 + 关键词:0.0300 + 标签:0.4500)
      标签: ['五桂山街道', '交通出行', '南朗街道', '历史文化', '咖啡', '小吃', '攻略', '石岐区', '自然风光', '西区', '购物']
      来源: food/food\scene_guide.md
      内容: - 优先级：顺路 > 轻松 > 不排队
- 推荐类型：街边小吃、咖啡馆、面包店
- 人均预算：30-60元
- 搜关键词：咖啡、小吃、骑楼、老街、公园
- 中山最佳遛弯路线：
  - 石岐老城线：孙文西路→香山商业文化博物馆→白水井大街吃满足面/顺柚记→岐江公园→烟墩山看日落→兴中广场（全程步行）
  - 崖口稻田线：崖口村稻田→向云端咖啡(25元)→崖口云吞(15元)→东堤海景路骑行→煲仔饭(30元)
  - 五桂山户外线：逍遥谷→旗溪村鸡煲→桂南村不荒樟咖啡(28元)

  [4] 孙中山故里旅游区 — 5A景区，中山最核心的文化地标
      综合得分: 0.8863  (向量:0.4063 + 关键词:0.0300 + 标签:0.4500)
      标签: ['交通出行', '南朗街道', '历史文化', '攻略', '网红打卡', '自然风光']
      来源: general/general\zhongshan_travel.md
      内容: 这个景区在南朗街道翠亨村，翠亨大道93号，是中山唯一的5A级景区。整个旅游区包括孙中山故居纪念馆、中山影视城、辛亥革命纪念公园和犁头尖山几个部分。故居纪念馆是免费的，但要在孙中山故居纪念馆公众号上提前预约。影视城单独收费65块。开放时间是早上9点到下午5点半，周一闭馆（节假日正常开放），千万别周一跑来吃闭门羹。
孙中山故居本身是1892年孙中山亲自设计建造的二层砖木结构楼房，红墙绿瓦中西合璧的风格，里面展示了孙中山出生和成长的环境。门口那棵酸子树是孙中山1883年从檀香山带回来的树种，活到现在也是个奇迹。交通方面，坐广珠城轨到南朗站下车转公交就能到，自驾的话停车也方便。
中山影视城就在故居旁边

  [5] 金钟水库和树木园 — 中山人周末最爱去的城市绿肺
      综合得分: 0.8184  (向量:0.3684 + 关键词:0.0000 + 标签:0.4500)
      标签: ['东区', '交通出行', '南区', '攻略', '烧烤', '自然风光']
      来源: general/general\zhongshan_travel.md
      内容: 金钟水库在东区新安村，绕水库一圈大概12公里全程绿道，有专门的自行车道，可以租车骑行（约20块一小时），也有烧烤场。环境清幽湖水碧绿，节假日人多建议早上去。树木园在南区南外环路，和金钟水库不同，这里以植物科普为主，有竹园木兰园等专类园区，绿道平缓适合老人小孩。

  [6] 孙文西路步行街和香山古城 — 石岐老城的灵魂
      综合得分: 0.8059  (向量:0.3559 + 关键词:0.1500 + 标签:0.3000)
      标签: ['住宿', '历史文化', '小吃', '异国风味', '情侣', '石岐区', '网红打卡', '自然风光', '购物', '黄圃镇']
      来源: general/general\zhongshan_travel.md
      内容: 孙文西路是中山最老的商圈，整条街都是南洋风格的骑楼建筑。香山古城的核心区就在这里，2025年国庆假期这一带客流超过130万人次。街上值得看的：思豪大酒店旧楼、香山商业文化博物馆（三层粉色洋楼，本身就是网红拍照地标，馆内展示了香山商业发展史，中山作为侨乡，四大百货先施永安新新大新都和中山有关）。中山名品荟在原来中山百货大楼里面，一楼专门卖伴手礼，二楼卖中山本地生产的家电产品像威力奥马TCL这些。晚上灯光亮起来搭配岐江夜景非常浪漫。白水井大街也在附近，是当地人爱逛的老街，满足面和顺柚记等老字号小吃店就在这里，街边杂货铺还能买到石岐米酒和黄圃腊味，比景区便宜。

================================================================================
[2026-05-30 20:40:10] 查询: B10路（最快） 差评 刷评 避坑 贵 排队
耗时: 514.9 ms | 命中数: 2 | 阈值: 0.3
--------------------------------------------------------------------------------

  [1] 避坑和实用贴士
      综合得分: 0.5246  (向量:0.1646 + 关键词:0.2100 + 标签:0.1500)
      标签: ['三乡镇', '东升镇', '乳鸽', '历史文化', '小吃', '小榄镇', '攻略', '早茶', '沙溪镇', '海鲜', '石岐区', '自然风光', '购物', '黄圃镇']
      来源: food/food\zhongshan_restaurants.md
      内容: 中山的早茶人均30到50块，基本是广州的三分之一价格，爱群食店6点开门建议8点前到免排队，周一和周四点心还打8折。乳鸽认准12到13天的妙龄鸽，石岐佬建议工作日11点前或17点前到，周末排队至少半小时。省钱吃法：早茶30到50一个人，乳鸽专门店60到80，海鲜大餐100到150。东升镇的脆肉鲩最正宗，沙溪镇的隆都菜最地道，石岐区的乳鸽最集中。三乡濑粉源于清嘉庆年间有200多年历史，上汤是灵魂要放烧鹅和叉烧。小榄菊花会每年11月下旬到12月举行，以菊入馔是中山独有文化。黄圃镇的腊味可以真空包装带回家，煲仔饭放几片腊肠满分。

  [2] 旅游避坑和实用建议
      综合得分: 0.4775  (向量:0.1775 + 关键词:0.1500 + 标签:0.1500)
      标签: ['东升镇', '乳鸽', '五桂山街道', '交通出行', '住宿', '南朗街道', '历史文化', '小榄镇', '攻略', '海鲜', '温泉', '神湾镇', '翠亨新区', '自然风光']
      来源: general/general\zhongshan_travel.md
      内容: 最佳旅行时间是每年10到12月的秋季和3到5月的春季，气温最舒适。夏天6到9月高温多雨还有台风，出行注意天气预报。冬天1到2月湿冷但游客少。3到4月是回南天特别潮湿衣服多带两件。
什么季节吃什么也有讲究：10到12月乳鸽最肥美，11月小榄菊花会品菊花宴，3到5月脆肉鲩最鲜，5到8月吃荔枝菌，10到11月吃神湾菠萝。
有几个景点必须提前预约别跑空——孙中山故居纪念馆要在公众号预约，中山市博物馆要在文旅中山公众号预约，翠亨国家湿地公园也要预约。三个都是周一闭馆。节假日人流量大建议提前2到3天约好。
防坑方面：景区周边的三轮车摩的不要坐价格虚高不安全，叫网约车最靠谱。部分餐厅会推荐高价海鲜点菜前一定

================================================================================
[2026-05-30 20:40:11] 查询: 路线 差评 刷评 避坑 贵 排队
耗时: 533.3 ms | 命中数: 2 | 阈值: 0.3
--------------------------------------------------------------------------------

  [1] 避坑和实用贴士
      综合得分: 0.5560  (向量:0.1960 + 关键词:0.2100 + 标签:0.1500)
      标签: ['三乡镇', '东升镇', '乳鸽', '历史文化', '小吃', '小榄镇', '攻略', '早茶', '沙溪镇', '海鲜', '石岐区', '自然风光', '购物', '黄圃镇']
      来源: food/food\zhongshan_restaurants.md
      内容: 中山的早茶人均30到50块，基本是广州的三分之一价格，爱群食店6点开门建议8点前到免排队，周一和周四点心还打8折。乳鸽认准12到13天的妙龄鸽，石岐佬建议工作日11点前或17点前到，周末排队至少半小时。省钱吃法：早茶30到50一个人，乳鸽专门店60到80，海鲜大餐100到150。东升镇的脆肉鲩最正宗，沙溪镇的隆都菜最地道，石岐区的乳鸽最集中。三乡濑粉源于清嘉庆年间有200多年历史，上汤是灵魂要放烧鹅和叉烧。小榄菊花会每年11月下旬到12月举行，以菊入馔是中山独有文化。黄圃镇的腊味可以真空包装带回家，煲仔饭放几片腊肠满分。

  [2] 旅游避坑和实用建议
      综合得分: 0.5548  (向量:0.2548 + 关键词:0.1500 + 标签:0.1500)
      标签: ['东升镇', '乳鸽', '五桂山街道', '交通出行', '住宿', '南朗街道', '历史文化', '小榄镇', '攻略', '海鲜', '温泉', '神湾镇', '翠亨新区', '自然风光']
      来源: general/general\zhongshan_travel.md
      内容: 最佳旅行时间是每年10到12月的秋季和3到5月的春季，气温最舒适。夏天6到9月高温多雨还有台风，出行注意天气预报。冬天1到2月湿冷但游客少。3到4月是回南天特别潮湿衣服多带两件。
什么季节吃什么也有讲究：10到12月乳鸽最肥美，11月小榄菊花会品菊花宴，3到5月脆肉鲩最鲜，5到8月吃荔枝菌，10到11月吃神湾菠萝。
有几个景点必须提前预约别跑空——孙中山故居纪念馆要在公众号预约，中山市博物馆要在文旅中山公众号预约，翠亨国家湿地公园也要预约。三个都是周一闭馆。节假日人流量大建议提前2到3天约好。
防坑方面：景区周边的三轮车摩的不要坐价格虚高不安全，叫网约车最靠谱。部分餐厅会推荐高价海鲜点菜前一定

================================================================================
[2026-05-30 20:40:11] 查询: 耗时 差评 刷评 避坑 贵 排队
耗时: 474.1 ms | 命中数: 2 | 阈值: 0.3
--------------------------------------------------------------------------------

  [1] 避坑和实用贴士
      综合得分: 0.4930  (向量:0.1330 + 关键词:0.2100 + 标签:0.1500)
      标签: ['三乡镇', '东升镇', '乳鸽', '历史文化', '小吃', '小榄镇', '攻略', '早茶', '沙溪镇', '海鲜', '石岐区', '自然风光', '购物', '黄圃镇']
      来源: food/food\zhongshan_restaurants.md
      内容: 中山的早茶人均30到50块，基本是广州的三分之一价格，爱群食店6点开门建议8点前到免排队，周一和周四点心还打8折。乳鸽认准12到13天的妙龄鸽，石岐佬建议工作日11点前或17点前到，周末排队至少半小时。省钱吃法：早茶30到50一个人，乳鸽专门店60到80，海鲜大餐100到150。东升镇的脆肉鲩最正宗，沙溪镇的隆都菜最地道，石岐区的乳鸽最集中。三乡濑粉源于清嘉庆年间有200多年历史，上汤是灵魂要放烧鹅和叉烧。小榄菊花会每年11月下旬到12月举行，以菊入馔是中山独有文化。黄圃镇的腊味可以真空包装带回家，煲仔饭放几片腊肠满分。

  [2] 旅游避坑和实用建议
      综合得分: 0.4180  (向量:0.1180 + 关键词:0.1500 + 标签:0.1500)
      标签: ['东升镇', '乳鸽', '五桂山街道', '交通出行', '住宿', '南朗街道', '历史文化', '小榄镇', '攻略', '海鲜', '温泉', '神湾镇', '翠亨新区', '自然风光']
      来源: general/general\zhongshan_travel.md
      内容: 最佳旅行时间是每年10到12月的秋季和3到5月的春季，气温最舒适。夏天6到9月高温多雨还有台风，出行注意天气预报。冬天1到2月湿冷但游客少。3到4月是回南天特别潮湿衣服多带两件。
什么季节吃什么也有讲究：10到12月乳鸽最肥美，11月小榄菊花会品菊花宴，3到5月脆肉鲩最鲜，5到8月吃荔枝菌，10到11月吃神湾菠萝。
有几个景点必须提前预约别跑空——孙中山故居纪念馆要在公众号预约，中山市博物馆要在文旅中山公众号预约，翠亨国家湿地公园也要预约。三个都是周一闭馆。节假日人流量大建议提前2到3天约好。
防坑方面：景区周边的三轮车摩的不要坐价格虚高不安全，叫网约车最靠谱。部分餐厅会推荐高价海鲜点菜前一定

================================================================================
[2026-05-30 20:40:42] 查询: 中山紫马岭公园 利和广场 路线规划
耗时: 584.0 ms | 命中数: 6 | 阈值: 0.3
--------------------------------------------------------------------------------

  [1] 周末遛弯（半天闲逛+随便吃点）
      综合得分: 0.8325  (向量:0.3825 + 关键词:0.0000 + 标签:0.4500)
      标签: ['五桂山街道', '交通出行', '南朗街道', '历史文化', '咖啡', '小吃', '攻略', '石岐区', '自然风光', '西区', '购物']
      来源: food/food\scene_guide.md
      内容: - 优先级：顺路 > 轻松 > 不排队
- 推荐类型：街边小吃、咖啡馆、面包店
- 人均预算：30-60元
- 搜关键词：咖啡、小吃、骑楼、老街、公园
- 中山最佳遛弯路线：
  - 石岐老城线：孙文西路→香山商业文化博物馆→白水井大街吃满足面/顺柚记→岐江公园→烟墩山看日落→兴中广场（全程步行）
  - 崖口稻田线：崖口村稻田→向云端咖啡(25元)→崖口云吞(15元)→东堤海景路骑行→煲仔饭(30元)
  - 五桂山户外线：逍遥谷→旗溪村鸡煲→桂南村不荒樟咖啡(28元)

  [2] 深中通道 — 2024年通车，彻底改变了中山的区位格局
      综合得分: 0.7700  (向量:0.4700 + 关键词:0.0000 + 标签:0.3000)
      标签: ['交通出行', '住宿', '南朗街道', '宵夜', '网红打卡', '翠亨新区', '自然风光', '购物']
      来源: general/general\zhongshan_travel.md
      内容: 这绝对是中山近年来最大的交通事件。深中通道2024年6月30日正式通车，全长24公里，是把桥、岛、隧、水下互通集合在一起的世界级超级工程。现在从深圳宝安机场到中山马鞍岛只要30分钟左右，从深圳南山到中山市区大概50分钟。双向8车道，限速100公里每小时。目前暂时免收通行费。
跨市公交也同步开通了。深中001路从深圳前海梦工场北区到中山博览中心，约50分钟票价18元；深中002路从深圳前海到中山国际酒店票价15元。运营时间大概是早上6点半到晚上9点，早晚高峰15分钟一班。微信小程序搜"深中跨市公交"可以查实时班次和买票。自驾的话导航设马鞍岛或者南朗出口，深中通道走到头走翠亨快线15分钟就到南朗了

  [3] 中山市博物馆 — 2022年新馆，设计感超强
      综合得分: 0.7044  (向量:0.4044 + 关键词:0.0000 + 标签:0.3000)
      标签: ['历史文化', '攻略', '石岐区', '网红打卡', '自然风光']
      来源: general/general\zhongshan_travel.md
      内容: 在石岐区孙文中路197号，2022年新馆开放后成了中山新的文化地标。里面有三个常设展览：中山历史陈列、中山华侨历史、中山非物质文化遗产。最受欢迎的是一比一还原的民国街道场景，拍照非常出片。免费但要提前在"文旅中山"公众号预约，开放时间9点到下午5点，周一闭馆。

  [4] 孙中山故里旅游区 — 5A景区，中山最核心的文化地标
      综合得分: 0.6959  (向量:0.3959 + 关键词:0.0000 + 标签:0.3000)
      标签: ['交通出行', '南朗街道', '历史文化', '攻略', '网红打卡', '自然风光']
      来源: general/general\zhongshan_travel.md
      内容: 这个景区在南朗街道翠亨村，翠亨大道93号，是中山唯一的5A级景区。整个旅游区包括孙中山故居纪念馆、中山影视城、辛亥革命纪念公园和犁头尖山几个部分。故居纪念馆是免费的，但要在孙中山故居纪念馆公众号上提前预约。影视城单独收费65块。开放时间是早上9点到下午5点半，周一闭馆（节假日正常开放），千万别周一跑来吃闭门羹。
孙中山故居本身是1892年孙中山亲自设计建造的二层砖木结构楼房，红墙绿瓦中西合璧的风格，里面展示了孙中山出生和成长的环境。门口那棵酸子树是孙中山1883年从檀香山带回来的树种，活到现在也是个奇迹。交通方面，坐广珠城轨到南朗站下车转公交就能到，自驾的话停车也方便。
中山影视城就在故居旁边

  [5] 富逸城和各大购物中心
      综合得分: 0.6801  (向量:0.3501 + 关键词:0.0300 + 标签:0.3000)
      标签: ['东区', '住宿', '坦洲镇', '夜市', '火锅', '石岐区', '自然风光', '购物']
      来源: general/general\zhongshan_travel.md
      内容: 富逸城TopPark在石岐区莲员东路，2024年新开的超级大商场，超200个品牌入驻，中庭有巨型瀑布景观很震撼，餐饮选择从快餐到正餐火锅日料都有。利和广场在石岐区中山三路紧邻希尔顿酒店，高端商场奢侈品美妆国际名品齐全，楼下有文华里美食街。中山优越城在坦洲镇界狮南路是坦洲最大购物中心。兴中广场在石岐区凤鸣路岐江边上，晚上变身滨江体验式消费地标。

  [6] 孙文西路步行街和香山古城 — 石岐老城的灵魂
      综合得分: 0.6602  (向量:0.3602 + 关键词:0.0000 + 标签:0.3000)
      标签: ['住宿', '历史文化', '小吃', '异国风味', '情侣', '石岐区', '网红打卡', '自然风光', '购物', '黄圃镇']
      来源: general/general\zhongshan_travel.md
      内容: 孙文西路是中山最老的商圈，整条街都是南洋风格的骑楼建筑。香山古城的核心区就在这里，2025年国庆假期这一带客流超过130万人次。街上值得看的：思豪大酒店旧楼、香山商业文化博物馆（三层粉色洋楼，本身就是网红拍照地标，馆内展示了香山商业发展史，中山作为侨乡，四大百货先施永安新新大新都和中山有关）。中山名品荟在原来中山百货大楼里面，一楼专门卖伴手礼，二楼卖中山本地生产的家电产品像威力奥马TCL这些。晚上灯光亮起来搭配岐江夜景非常浪漫。白水井大街也在附近，是当地人爱逛的老街，满足面和顺柚记等老字号小吃店就在这里，街边杂货铺还能买到石岐米酒和黄圃腊味，比景区便宜。

================================================================================
[2026-05-31 13:41:00] 查询: 中山紫马岭公园 中山纪念图书馆 路线规划
耗时: 1201.9 ms | 命中数: 6 | 阈值: 0.3
--------------------------------------------------------------------------------

  [1] 中山市博物馆 — 2022年新馆，设计感超强
      综合得分: 0.8121  (向量:0.5121 + 关键词:0.0000 + 标签:0.3000)
      标签: ['历史文化', '攻略', '石岐区', '网红打卡', '自然风光']
      来源: general/general\zhongshan_travel.md
      内容: 在石岐区孙文中路197号，2022年新馆开放后成了中山新的文化地标。里面有三个常设展览：中山历史陈列、中山华侨历史、中山非物质文化遗产。最受欢迎的是一比一还原的民国街道场景，拍照非常出片。免费但要提前在"文旅中山"公众号预约，开放时间9点到下午5点，周一闭馆。

  [2] 孙中山故里旅游区 — 5A景区，中山最核心的文化地标
      综合得分: 0.7356  (向量:0.4356 + 关键词:0.0000 + 标签:0.3000)
      标签: ['交通出行', '南朗街道', '历史文化', '攻略', '网红打卡', '自然风光']
      来源: general/general\zhongshan_travel.md
      内容: 这个景区在南朗街道翠亨村，翠亨大道93号，是中山唯一的5A级景区。整个旅游区包括孙中山故居纪念馆、中山影视城、辛亥革命纪念公园和犁头尖山几个部分。故居纪念馆是免费的，但要在孙中山故居纪念馆公众号上提前预约。影视城单独收费65块。开放时间是早上9点到下午5点半，周一闭馆（节假日正常开放），千万别周一跑来吃闭门羹。
孙中山故居本身是1892年孙中山亲自设计建造的二层砖木结构楼房，红墙绿瓦中西合璧的风格，里面展示了孙中山出生和成长的环境。门口那棵酸子树是孙中山1883年从檀香山带回来的树种，活到现在也是个奇迹。交通方面，坐广珠城轨到南朗站下车转公交就能到，自驾的话停车也方便。
中山影视城就在故居旁边

  [3] 金钟水库和树木园 — 中山人周末最爱去的城市绿肺
      综合得分: 0.6795  (向量:0.3795 + 关键词:0.0000 + 标签:0.3000)
      标签: ['东区', '交通出行', '南区', '攻略', '烧烤', '自然风光']
      来源: general/general\zhongshan_travel.md
      内容: 金钟水库在东区新安村，绕水库一圈大概12公里全程绿道，有专门的自行车道，可以租车骑行（约20块一小时），也有烧烤场。环境清幽湖水碧绿，节假日人多建议早上去。树木园在南区南外环路，和金钟水库不同，这里以植物科普为主，有竹园木兰园等专类园区，绿道平缓适合老人小孩。

  [4] 周末遛弯（半天闲逛+随便吃点）
      综合得分: 0.6753  (向量:0.3753 + 关键词:0.0000 + 标签:0.3000)
      标签: ['五桂山街道', '交通出行', '南朗街道', '历史文化', '咖啡', '小吃', '攻略', '石岐区', '自然风光', '西区', '购物']
      来源: food/food\scene_guide.md
      内容: - 优先级：顺路 > 轻松 > 不排队
- 推荐类型：街边小吃、咖啡馆、面包店
- 人均预算：30-60元
- 搜关键词：咖啡、小吃、骑楼、老街、公园
- 中山最佳遛弯路线：
  - 石岐老城线：孙文西路→香山商业文化博物馆→白水井大街吃满足面/顺柚记→岐江公园→烟墩山看日落→兴中广场（全程步行）
  - 崖口稻田线：崖口村稻田→向云端咖啡(25元)→崖口云吞(15元)→东堤海景路骑行→煲仔饭(30元)
  - 五桂山户外线：逍遥谷→旗溪村鸡煲→桂南村不荒樟咖啡(28元)

  [5] 带朋友吃遍中山（有好吃的要分享）
      综合得分: 0.6317  (向量:0.3317 + 关键词:0.0000 + 标签:0.3000)
      标签: ['三乡镇', '东升镇', '乳鸽', '小吃', '小榄镇', '攻略', '早茶', '海鲜', '石岐区', '自然风光']
      来源: food/food\scene_guide.md
      内容: - 优先级：体验感 > 特色 > 价格
- 推荐类型：中山地标美食全覆盖
- 人均预算：100-200元（一天）
- 必吃路线：早茶爱群食店→石岐佬乳鸽→崖口煲仔饭→三乡濑粉→小榄炸鱼球→东升脆肉鲩
- 搜索关键词：乳鸽、早茶、濑粉、脆肉鲩、炸鱼球、海鲜

  [6] 深中通道 — 2024年通车，彻底改变了中山的区位格局
      综合得分: 0.5803  (向量:0.4303 + 关键词:0.0000 + 标签:0.1500)
      标签: ['交通出行', '住宿', '南朗街道', '宵夜', '网红打卡', '翠亨新区', '自然风光', '购物']
      来源: general/general\zhongshan_travel.md
      内容: 这绝对是中山近年来最大的交通事件。深中通道2024年6月30日正式通车，全长24公里，是把桥、岛、隧、水下互通集合在一起的世界级超级工程。现在从深圳宝安机场到中山马鞍岛只要30分钟左右，从深圳南山到中山市区大概50分钟。双向8车道，限速100公里每小时。目前暂时免收通行费。
跨市公交也同步开通了。深中001路从深圳前海梦工场北区到中山博览中心，约50分钟票价18元；深中002路从深圳前海到中山国际酒店票价15元。运营时间大概是早上6点半到晚上9点，早晚高峰15分钟一班。微信小程序搜"深中跨市公交"可以查实时班次和买票。自驾的话导航设马鞍岛或者南朗出口，深中通道走到头走翠亨快线15分钟就到南朗了

================================================================================
[2026-05-31 13:43:10] 查询: 🚌 公交方案（推荐） 差评 刷评 避坑 贵 排队
耗时: 670.1 ms | 命中数: 2 | 阈值: 0.3
--------------------------------------------------------------------------------

  [1] 旅游避坑和实用建议
      综合得分: 0.7382  (向量:0.2882 + 关键词:0.1500 + 标签:0.3000)
      标签: ['东升镇', '乳鸽', '五桂山街道', '交通出行', '住宿', '南朗街道', '历史文化', '小榄镇', '攻略', '海鲜', '温泉', '神湾镇', '翠亨新区', '自然风光']
      来源: general/general\zhongshan_travel.md
      内容: 最佳旅行时间是每年10到12月的秋季和3到5月的春季，气温最舒适。夏天6到9月高温多雨还有台风，出行注意天气预报。冬天1到2月湿冷但游客少。3到4月是回南天特别潮湿衣服多带两件。
什么季节吃什么也有讲究：10到12月乳鸽最肥美，11月小榄菊花会品菊花宴，3到5月脆肉鲩最鲜，5到8月吃荔枝菌，10到11月吃神湾菠萝。
有几个景点必须提前预约别跑空——孙中山故居纪念馆要在公众号预约，中山市博物馆要在文旅中山公众号预约，翠亨国家湿地公园也要预约。三个都是周一闭馆。节假日人流量大建议提前2到3天约好。
防坑方面：景区周边的三轮车摩的不要坐价格虚高不安全，叫网约车最靠谱。部分餐厅会推荐高价海鲜点菜前一定

  [2] 周末遛弯（半天闲逛+随便吃点）
      综合得分: 0.5963  (向量:0.2663 + 关键词:0.0300 + 标签:0.3000)
      标签: ['五桂山街道', '交通出行', '南朗街道', '历史文化', '咖啡', '小吃', '攻略', '石岐区', '自然风光', '西区', '购物']
      来源: food/food\scene_guide.md
      内容: - 优先级：顺路 > 轻松 > 不排队
- 推荐类型：街边小吃、咖啡馆、面包店
- 人均预算：30-60元
- 搜关键词：咖啡、小吃、骑楼、老街、公园
- 中山最佳遛弯路线：
  - 石岐老城线：孙文西路→香山商业文化博物馆→白水井大街吃满足面/顺柚记→岐江公园→烟墩山看日落→兴中广场（全程步行）
  - 崖口稻田线：崖口村稻田→向云端咖啡(25元)→崖口云吞(15元)→东堤海景路骑行→煲仔饭(30元)
  - 五桂山户外线：逍遥谷→旗溪村鸡煲→桂南村不荒樟咖啡(28元)

================================================================================
[2026-05-31 13:43:11] 查询: 最优路线：013路（紫马岭公园西门站→竹苑新村站） 差评 刷评 避坑 贵 排队
耗时: 529.6 ms | 命中数: 2 | 阈值: 0.3
--------------------------------------------------------------------------------

  [1] 避坑和实用贴士
      综合得分: 0.7923  (向量:0.2823 + 关键词:0.2100 + 标签:0.3000)
      标签: ['三乡镇', '东升镇', '乳鸽', '历史文化', '小吃', '小榄镇', '攻略', '早茶', '沙溪镇', '海鲜', '石岐区', '自然风光', '购物', '黄圃镇']
      来源: food/food\zhongshan_restaurants.md
      内容: 中山的早茶人均30到50块，基本是广州的三分之一价格，爱群食店6点开门建议8点前到免排队，周一和周四点心还打8折。乳鸽认准12到13天的妙龄鸽，石岐佬建议工作日11点前或17点前到，周末排队至少半小时。省钱吃法：早茶30到50一个人，乳鸽专门店60到80，海鲜大餐100到150。东升镇的脆肉鲩最正宗，沙溪镇的隆都菜最地道，石岐区的乳鸽最集中。三乡濑粉源于清嘉庆年间有200多年历史，上汤是灵魂要放烧鹅和叉烧。小榄菊花会每年11月下旬到12月举行，以菊入馔是中山独有文化。黄圃镇的腊味可以真空包装带回家，煲仔饭放几片腊肠满分。

  [2] 周末遛弯（半天闲逛+随便吃点）
      综合得分: 0.7301  (向量:0.4001 + 关键词:0.0300 + 标签:0.3000)
      标签: ['五桂山街道', '交通出行', '南朗街道', '历史文化', '咖啡', '小吃', '攻略', '石岐区', '自然风光', '西区', '购物']
      来源: food/food\scene_guide.md
      内容: - 优先级：顺路 > 轻松 > 不排队
- 推荐类型：街边小吃、咖啡馆、面包店
- 人均预算：30-60元
- 搜关键词：咖啡、小吃、骑楼、老街、公园
- 中山最佳遛弯路线：
  - 石岐老城线：孙文西路→香山商业文化博物馆→白水井大街吃满足面/顺柚记→岐江公园→烟墩山看日落→兴中广场（全程步行）
  - 崖口稻田线：崖口村稻田→向云端咖啡(25元)→崖口云吞(15元)→东堤海景路骑行→煲仔饭(30元)
  - 五桂山户外线：逍遥谷→旗溪村鸡煲→桂南村不荒樟咖啡(28元)

================================================================================
[2026-05-31 13:43:11] 查询: 距离 差评 刷评 避坑 贵 排队
耗时: 571.4 ms | 命中数: 2 | 阈值: 0.3
--------------------------------------------------------------------------------

  [1] 避坑和实用贴士
      综合得分: 0.5070  (向量:0.1470 + 关键词:0.2100 + 标签:0.1500)
      标签: ['三乡镇', '东升镇', '乳鸽', '历史文化', '小吃', '小榄镇', '攻略', '早茶', '沙溪镇', '海鲜', '石岐区', '自然风光', '购物', '黄圃镇']
      来源: food/food\zhongshan_restaurants.md
      内容: 中山的早茶人均30到50块，基本是广州的三分之一价格，爱群食店6点开门建议8点前到免排队，周一和周四点心还打8折。乳鸽认准12到13天的妙龄鸽，石岐佬建议工作日11点前或17点前到，周末排队至少半小时。省钱吃法：早茶30到50一个人，乳鸽专门店60到80，海鲜大餐100到150。东升镇的脆肉鲩最正宗，沙溪镇的隆都菜最地道，石岐区的乳鸽最集中。三乡濑粉源于清嘉庆年间有200多年历史，上汤是灵魂要放烧鹅和叉烧。小榄菊花会每年11月下旬到12月举行，以菊入馔是中山独有文化。黄圃镇的腊味可以真空包装带回家，煲仔饭放几片腊肠满分。

  [2] 旅游避坑和实用建议
      综合得分: 0.4326  (向量:0.1326 + 关键词:0.1500 + 标签:0.1500)
      标签: ['东升镇', '乳鸽', '五桂山街道', '交通出行', '住宿', '南朗街道', '历史文化', '小榄镇', '攻略', '海鲜', '温泉', '神湾镇', '翠亨新区', '自然风光']
      来源: general/general\zhongshan_travel.md
      内容: 最佳旅行时间是每年10到12月的秋季和3到5月的春季，气温最舒适。夏天6到9月高温多雨还有台风，出行注意天气预报。冬天1到2月湿冷但游客少。3到4月是回南天特别潮湿衣服多带两件。
什么季节吃什么也有讲究：10到12月乳鸽最肥美，11月小榄菊花会品菊花宴，3到5月脆肉鲩最鲜，5到8月吃荔枝菌，10到11月吃神湾菠萝。
有几个景点必须提前预约别跑空——孙中山故居纪念馆要在公众号预约，中山市博物馆要在文旅中山公众号预约，翠亨国家湿地公园也要预约。三个都是周一闭馆。节假日人流量大建议提前2到3天约好。
防坑方面：景区周边的三轮车摩的不要坐价格虚高不安全，叫网约车最靠谱。部分餐厅会推荐高价海鲜点菜前一定

================================================================================
[2026-05-31 14:00:02] 查询: 目的地说明 差评 刷评 避坑 贵 排队
耗时: 879.8 ms | 命中数: 2 | 阈值: 0.3
--------------------------------------------------------------------------------

  [1] 旅游避坑和实用建议
      综合得分: 0.5681  (向量:0.2681 + 关键词:0.1500 + 标签:0.1500)
      标签: ['东升镇', '乳鸽', '五桂山街道', '交通出行', '住宿', '南朗街道', '历史文化', '小榄镇', '攻略', '海鲜', '温泉', '神湾镇', '翠亨新区', '自然风光']
      来源: general/general\zhongshan_travel.md
      内容: 最佳旅行时间是每年10到12月的秋季和3到5月的春季，气温最舒适。夏天6到9月高温多雨还有台风，出行注意天气预报。冬天1到2月湿冷但游客少。3到4月是回南天特别潮湿衣服多带两件。
什么季节吃什么也有讲究：10到12月乳鸽最肥美，11月小榄菊花会品菊花宴，3到5月脆肉鲩最鲜，5到8月吃荔枝菌，10到11月吃神湾菠萝。
有几个景点必须提前预约别跑空——孙中山故居纪念馆要在公众号预约，中山市博物馆要在文旅中山公众号预约，翠亨国家湿地公园也要预约。三个都是周一闭馆。节假日人流量大建议提前2到3天约好。
防坑方面：景区周边的三轮车摩的不要坐价格虚高不安全，叫网约车最靠谱。部分餐厅会推荐高价海鲜点菜前一定

  [2] 避坑和实用贴士
      综合得分: 0.5398  (向量:0.1798 + 关键词:0.2100 + 标签:0.1500)
      标签: ['三乡镇', '东升镇', '乳鸽', '历史文化', '小吃', '小榄镇', '攻略', '早茶', '沙溪镇', '海鲜', '石岐区', '自然风光', '购物', '黄圃镇']
      来源: food/food\zhongshan_restaurants.md
      内容: 中山的早茶人均30到50块，基本是广州的三分之一价格，爱群食店6点开门建议8点前到免排队，周一和周四点心还打8折。乳鸽认准12到13天的妙龄鸽，石岐佬建议工作日11点前或17点前到，周末排队至少半小时。省钱吃法：早茶30到50一个人，乳鸽专门店60到80，海鲜大餐100到150。东升镇的脆肉鲩最正宗，沙溪镇的隆都菜最地道，石岐区的乳鸽最集中。三乡濑粉源于清嘉庆年间有200多年历史，上汤是灵魂要放烧鹅和叉烧。小榄菊花会每年11月下旬到12月举行，以菊入馔是中山独有文化。黄圃镇的腊味可以真空包装带回家，煲仔饭放几片腊肠满分。

================================================================================
[2026-05-31 14:00:03] 查询: 湘华住宿(中山紫马岭店) 差评 刷评 避坑 贵 排队
耗时: 634.4 ms | 命中数: 2 | 阈值: 0.3
--------------------------------------------------------------------------------

  [1] 避坑和实用贴士
      综合得分: 0.8511  (向量:0.3411 + 关键词:0.2100 + 标签:0.3000)
      标签: ['三乡镇', '东升镇', '乳鸽', '历史文化', '小吃', '小榄镇', '攻略', '早茶', '沙溪镇', '海鲜', '石岐区', '自然风光', '购物', '黄圃镇']
      来源: food/food\zhongshan_restaurants.md
      内容: 中山的早茶人均30到50块，基本是广州的三分之一价格，爱群食店6点开门建议8点前到免排队，周一和周四点心还打8折。乳鸽认准12到13天的妙龄鸽，石岐佬建议工作日11点前或17点前到，周末排队至少半小时。省钱吃法：早茶30到50一个人，乳鸽专门店60到80，海鲜大餐100到150。东升镇的脆肉鲩最正宗，沙溪镇的隆都菜最地道，石岐区的乳鸽最集中。三乡濑粉源于清嘉庆年间有200多年历史，上汤是灵魂要放烧鹅和叉烧。小榄菊花会每年11月下旬到12月举行，以菊入馔是中山独有文化。黄圃镇的腊味可以真空包装带回家，煲仔饭放几片腊肠满分。

  [2] 中山的特色民宿 — 2024年爆发式增长
      综合得分: 0.7068  (向量:0.4068 + 关键词:0.0000 + 标签:0.3000)
      标签: ['三乡镇', '五桂山街道', '住宿', '南朗街道', '咖啡', '情侣', '自然风光']
      来源: general/general\zhongshan_travel.md
      内容: 崖口村的禾田香野民宿开窗就是千亩稻田，350到700一晚，一层咖啡厅对外开放。原野之上原野之居在五桂山桂南村，竹海环绕木屋别墅风格，私密性强适合情侣度假，500到1000一晚，去逍遥谷只要5分钟。蝉意民枫民宿在五桂山深处，中式庭院围炉煮茶避世首选，500到900一晚。竹衣闲庭民宿在五桂山旗溪村，客家风情后山竹林可挖竹笋，300到650一晚。三乡镇的东街里和集在古鹤村，集民宿手作艺术展览于一体，400到800一晚。枫江别苑民宿在崖口村，水乡庭院院中有棵大树晚上乘凉喝茶看星星，350到700一晚。美宿雍陌在三乡镇雍陌村，闲置老宅改造的青砖灰瓦古色古香，300到600一晚。

================================================================================
[2026-05-31 14:00:03] 查询: 推荐公交方案（最快28分钟） 差评 刷评 避坑 贵 排队
耗时: 580.5 ms | 命中数: 2 | 阈值: 0.3
--------------------------------------------------------------------------------

  [1] 旅游避坑和实用建议
      综合得分: 0.7647  (向量:0.3147 + 关键词:0.1500 + 标签:0.3000)
      标签: ['东升镇', '乳鸽', '五桂山街道', '交通出行', '住宿', '南朗街道', '历史文化', '小榄镇', '攻略', '海鲜', '温泉', '神湾镇', '翠亨新区', '自然风光']
      来源: general/general\zhongshan_travel.md
      内容: 最佳旅行时间是每年10到12月的秋季和3到5月的春季，气温最舒适。夏天6到9月高温多雨还有台风，出行注意天气预报。冬天1到2月湿冷但游客少。3到4月是回南天特别潮湿衣服多带两件。
什么季节吃什么也有讲究：10到12月乳鸽最肥美，11月小榄菊花会品菊花宴，3到5月脆肉鲩最鲜，5到8月吃荔枝菌，10到11月吃神湾菠萝。
有几个景点必须提前预约别跑空——孙中山故居纪念馆要在公众号预约，中山市博物馆要在文旅中山公众号预约，翠亨国家湿地公园也要预约。三个都是周一闭馆。节假日人流量大建议提前2到3天约好。
防坑方面：景区周边的三轮车摩的不要坐价格虚高不安全，叫网约车最靠谱。部分餐厅会推荐高价海鲜点菜前一定

  [2] 周末遛弯（半天闲逛+随便吃点）
      综合得分: 0.6557  (向量:0.3257 + 关键词:0.0300 + 标签:0.3000)
      标签: ['五桂山街道', '交通出行', '南朗街道', '历史文化', '咖啡', '小吃', '攻略', '石岐区', '自然风光', '西区', '购物']
      来源: food/food\scene_guide.md
      内容: - 优先级：顺路 > 轻松 > 不排队
- 推荐类型：街边小吃、咖啡馆、面包店
- 人均预算：30-60元
- 搜关键词：咖啡、小吃、骑楼、老街、公园
- 中山最佳遛弯路线：
  - 石岐老城线：孙文西路→香山商业文化博物馆→白水井大街吃满足面/顺柚记→岐江公园→烟墩山看日落→兴中广场（全程步行）
  - 崖口稻田线：崖口村稻田→向云端咖啡(25元)→崖口云吞(15元)→东堤海景路骑行→煲仔饭(30元)
  - 五桂山户外线：逍遥谷→旗溪村鸡煲→桂南村不荒樟咖啡(28元)

================================================================================
[2026-05-31 14:00:44] 查询: 中山纪念图书馆 紫马岭下街4号 安逸住宿 路线规划
耗时: 585.2 ms | 命中数: 6 | 阈值: 0.3
--------------------------------------------------------------------------------

  [1] 市内酒店推荐 — 从五星到性价比
      综合得分: 0.6845  (向量:0.3845 + 关键词:0.0000 + 标签:0.3000)
      标签: ['三乡镇', '东区', '亲子', '住宿', '历史文化', '温泉', '石岐区', '自然风光', '购物']
      来源: general/general\zhongshan_travel.md
      内容: 中山利和希尔顿在石岐区中山三路16号，60层的城市地标，顶楼有360度城市观景台夜景绝美。楼顶还有Stop Here手工精酿啤酒吧，号称全球最高海拔之一。隔壁就是利和广场购物中心位置绝佳，700到1800一晚。中山名座假日酒店在三乡镇，是三乡温泉区的高性价比选择，500到1200一晚，有室内外温泉泡池和儿童水上乐园亲子首选，周边郑观应故居罗三妹山都在10分钟车程内。

  [2] 中山温泉宾馆和罗三妹山 — 邓小平1984年下榻的地方
      综合得分: 0.6780  (向量:0.3780 + 关键词:0.0000 + 标签:0.3000)
      标签: ['三乡镇', '住宿', '历史文化', '咖啡', '海鲜', '温泉', '自然风光']
      来源: general/general\zhongshan_travel.md
      内容: 中山温泉宾馆在三乡镇雍陌村迎宾三路，1980年开业，是中国第一家合资酒店，老牌五星。最有名的是1984年邓小平在这里下榻并题词"不走回头路"。天然温泉泉眼水温93度，48个泡池分布在岭南园林之中——水滑洗凝脂是真的。住一晚600到1500块，西餐厅自助晚餐有烤生蚝和三文鱼。旁边的罗三妹山是邓小平主题公园，有邓小平铜像，"不走回头路"的典故就出自这里。郑观应故居也在雍陌村，离温泉宾馆步行10分钟，盛世危言作者的出生地，清末岭南民居建筑保存完好。雍陌村里还有希望咖啡（开在华侨楼里）和美宿雍陌民宿（闲置老宅改造）。

  [3] 中山的特色民宿 — 2024年爆发式增长
      综合得分: 0.6598  (向量:0.3598 + 关键词:0.0000 + 标签:0.3000)
      标签: ['三乡镇', '五桂山街道', '住宿', '南朗街道', '咖啡', '情侣', '自然风光']
      来源: general/general\zhongshan_travel.md
      内容: 崖口村的禾田香野民宿开窗就是千亩稻田，350到700一晚，一层咖啡厅对外开放。原野之上原野之居在五桂山桂南村，竹海环绕木屋别墅风格，私密性强适合情侣度假，500到1000一晚，去逍遥谷只要5分钟。蝉意民枫民宿在五桂山深处，中式庭院围炉煮茶避世首选，500到900一晚。竹衣闲庭民宿在五桂山旗溪村，客家风情后山竹林可挖竹笋，300到650一晚。三乡镇的东街里和集在古鹤村，集民宿手作艺术展览于一体，400到800一晚。枫江别苑民宿在崖口村，水乡庭院院中有棵大树晚上乘凉喝茶看星星，350到700一晚。美宿雍陌在三乡镇雍陌村，闲置老宅改造的青砖灰瓦古色古香，300到600一晚。

  [4] 周末遛弯（半天闲逛+随便吃点）
      综合得分: 0.6480  (向量:0.3480 + 关键词:0.0000 + 标签:0.3000)
      标签: ['五桂山街道', '交通出行', '南朗街道', '历史文化', '咖啡', '小吃', '攻略', '石岐区', '自然风光', '西区', '购物']
      来源: food/food\scene_guide.md
      内容: - 优先级：顺路 > 轻松 > 不排队
- 推荐类型：街边小吃、咖啡馆、面包店
- 人均预算：30-60元
- 搜关键词：咖啡、小吃、骑楼、老街、公园
- 中山最佳遛弯路线：
  - 石岐老城线：孙文西路→香山商业文化博物馆→白水井大街吃满足面/顺柚记→岐江公园→烟墩山看日落→兴中广场（全程步行）
  - 崖口稻田线：崖口村稻田→向云端咖啡(25元)→崖口云吞(15元)→东堤海景路骑行→煲仔饭(30元)
  - 五桂山户外线：逍遥谷→旗溪村鸡煲→桂南村不荒樟咖啡(28元)

  [5] 中山市博物馆 — 2022年新馆，设计感超强
      综合得分: 0.6434  (向量:0.3434 + 关键词:0.0000 + 标签:0.3000)
      标签: ['历史文化', '攻略', '石岐区', '网红打卡', '自然风光']
      来源: general/general\zhongshan_travel.md
      内容: 在石岐区孙文中路197号，2022年新馆开放后成了中山新的文化地标。里面有三个常设展览：中山历史陈列、中山华侨历史、中山非物质文化遗产。最受欢迎的是一比一还原的民国街道场景，拍照非常出片。免费但要提前在"文旅中山"公众号预约，开放时间9点到下午5点，周一闭馆。

  [6] 深中通道 — 2024年通车，彻底改变了中山的区位格局
      综合得分: 0.6273  (向量:0.3273 + 关键词:0.0000 + 标签:0.3000)
      标签: ['交通出行', '住宿', '南朗街道', '宵夜', '网红打卡', '翠亨新区', '自然风光', '购物']
      来源: general/general\zhongshan_travel.md
      内容: 这绝对是中山近年来最大的交通事件。深中通道2024年6月30日正式通车，全长24公里，是把桥、岛、隧、水下互通集合在一起的世界级超级工程。现在从深圳宝安机场到中山马鞍岛只要30分钟左右，从深圳南山到中山市区大概50分钟。双向8车道，限速100公里每小时。目前暂时免收通行费。
跨市公交也同步开通了。深中001路从深圳前海梦工场北区到中山博览中心，约50分钟票价18元；深中002路从深圳前海到中山国际酒店票价15元。运营时间大概是早上6点半到晚上9点，早晚高峰15分钟一班。微信小程序搜"深中跨市公交"可以查实时班次和买票。自驾的话导航设马鞍岛或者南朗出口，深中通道走到头走翠亨快线15分钟就到南朗了

================================================================================
[2026-05-31 14:01:48] 查询: 公交方案（最优推荐） 差评 刷评 避坑 贵 排队
耗时: 797.9 ms | 命中数: 2 | 阈值: 0.3
--------------------------------------------------------------------------------

  [1] 旅游避坑和实用建议
      综合得分: 0.7369  (向量:0.2869 + 关键词:0.1500 + 标签:0.3000)
      标签: ['东升镇', '乳鸽', '五桂山街道', '交通出行', '住宿', '南朗街道', '历史文化', '小榄镇', '攻略', '海鲜', '温泉', '神湾镇', '翠亨新区', '自然风光']
      来源: general/general\zhongshan_travel.md
      内容: 最佳旅行时间是每年10到12月的秋季和3到5月的春季，气温最舒适。夏天6到9月高温多雨还有台风，出行注意天气预报。冬天1到2月湿冷但游客少。3到4月是回南天特别潮湿衣服多带两件。
什么季节吃什么也有讲究：10到12月乳鸽最肥美，11月小榄菊花会品菊花宴，3到5月脆肉鲩最鲜，5到8月吃荔枝菌，10到11月吃神湾菠萝。
有几个景点必须提前预约别跑空——孙中山故居纪念馆要在公众号预约，中山市博物馆要在文旅中山公众号预约，翠亨国家湿地公园也要预约。三个都是周一闭馆。节假日人流量大建议提前2到3天约好。
防坑方面：景区周边的三轮车摩的不要坐价格虚高不安全，叫网约车最靠谱。部分餐厅会推荐高价海鲜点菜前一定

  [2] 周末遛弯（半天闲逛+随便吃点）
      综合得分: 0.5800  (向量:0.2500 + 关键词:0.0300 + 标签:0.3000)
      标签: ['五桂山街道', '交通出行', '南朗街道', '历史文化', '咖啡', '小吃', '攻略', '石岐区', '自然风光', '西区', '购物']
      来源: food/food\scene_guide.md
      内容: - 优先级：顺路 > 轻松 > 不排队
- 推荐类型：街边小吃、咖啡馆、面包店
- 人均预算：30-60元
- 搜关键词：咖啡、小吃、骑楼、老街、公园
- 中山最佳遛弯路线：
  - 石岐老城线：孙文西路→香山商业文化博物馆→白水井大街吃满足面/顺柚记→岐江公园→烟墩山看日落→兴中广场（全程步行）
  - 崖口稻田线：崖口村稻田→向云端咖啡(25元)→崖口云吞(15元)→东堤海景路骑行→煲仔饭(30元)
  - 五桂山户外线：逍遥谷→旗溪村鸡煲→桂南村不荒樟咖啡(28元)

================================================================================
[2026-05-31 14:01:49] 查询: 001路直达线 差评 刷评 避坑 贵 排队
耗时: 613.0 ms | 命中数: 2 | 阈值: 0.3
--------------------------------------------------------------------------------

  [1] 避坑和实用贴士
      综合得分: 0.4474  (向量:0.0874 + 关键词:0.2100 + 标签:0.1500)
      标签: ['三乡镇', '东升镇', '乳鸽', '历史文化', '小吃', '小榄镇', '攻略', '早茶', '沙溪镇', '海鲜', '石岐区', '自然风光', '购物', '黄圃镇']
      来源: food/food\zhongshan_restaurants.md
      内容: 中山的早茶人均30到50块，基本是广州的三分之一价格，爱群食店6点开门建议8点前到免排队，周一和周四点心还打8折。乳鸽认准12到13天的妙龄鸽，石岐佬建议工作日11点前或17点前到，周末排队至少半小时。省钱吃法：早茶30到50一个人，乳鸽专门店60到80，海鲜大餐100到150。东升镇的脆肉鲩最正宗，沙溪镇的隆都菜最地道，石岐区的乳鸽最集中。三乡濑粉源于清嘉庆年间有200多年历史，上汤是灵魂要放烧鹅和叉烧。小榄菊花会每年11月下旬到12月举行，以菊入馔是中山独有文化。黄圃镇的腊味可以真空包装带回家，煲仔饭放几片腊肠满分。

  [2] 旅游避坑和实用建议
      综合得分: 0.4085  (向量:0.1085 + 关键词:0.1500 + 标签:0.1500)
      标签: ['东升镇', '乳鸽', '五桂山街道', '交通出行', '住宿', '南朗街道', '历史文化', '小榄镇', '攻略', '海鲜', '温泉', '神湾镇', '翠亨新区', '自然风光']
      来源: general/general\zhongshan_travel.md
      内容: 最佳旅行时间是每年10到12月的秋季和3到5月的春季，气温最舒适。夏天6到9月高温多雨还有台风，出行注意天气预报。冬天1到2月湿冷但游客少。3到4月是回南天特别潮湿衣服多带两件。
什么季节吃什么也有讲究：10到12月乳鸽最肥美，11月小榄菊花会品菊花宴，3到5月脆肉鲩最鲜，5到8月吃荔枝菌，10到11月吃神湾菠萝。
有几个景点必须提前预约别跑空——孙中山故居纪念馆要在公众号预约，中山市博物馆要在文旅中山公众号预约，翠亨国家湿地公园也要预约。三个都是周一闭馆。节假日人流量大建议提前2到3天约好。
防坑方面：景区周边的三轮车摩的不要坐价格虚高不安全，叫网约车最靠谱。部分餐厅会推荐高价海鲜点菜前一定

================================================================================
[2026-05-31 14:01:49] 查询: 步行611米 差评 刷评 避坑 贵 排队
耗时: 606.0 ms | 命中数: 2 | 阈值: 0.3
--------------------------------------------------------------------------------

  [1] 旅游避坑和实用建议
      综合得分: 0.5310  (向量:0.2310 + 关键词:0.1500 + 标签:0.1500)
      标签: ['东升镇', '乳鸽', '五桂山街道', '交通出行', '住宿', '南朗街道', '历史文化', '小榄镇', '攻略', '海鲜', '温泉', '神湾镇', '翠亨新区', '自然风光']
      来源: general/general\zhongshan_travel.md
      内容: 最佳旅行时间是每年10到12月的秋季和3到5月的春季，气温最舒适。夏天6到9月高温多雨还有台风，出行注意天气预报。冬天1到2月湿冷但游客少。3到4月是回南天特别潮湿衣服多带两件。
什么季节吃什么也有讲究：10到12月乳鸽最肥美，11月小榄菊花会品菊花宴，3到5月脆肉鲩最鲜，5到8月吃荔枝菌，10到11月吃神湾菠萝。
有几个景点必须提前预约别跑空——孙中山故居纪念馆要在公众号预约，中山市博物馆要在文旅中山公众号预约，翠亨国家湿地公园也要预约。三个都是周一闭馆。节假日人流量大建议提前2到3天约好。
防坑方面：景区周边的三轮车摩的不要坐价格虚高不安全，叫网约车最靠谱。部分餐厅会推荐高价海鲜点菜前一定

  [2] 周末遛弯（半天闲逛+随便吃点）
      综合得分: 0.4783  (向量:0.2983 + 关键词:0.0300 + 标签:0.1500)
      标签: ['五桂山街道', '交通出行', '南朗街道', '历史文化', '咖啡', '小吃', '攻略', '石岐区', '自然风光', '西区', '购物']
      来源: food/food\scene_guide.md
      内容: - 优先级：顺路 > 轻松 > 不排队
- 推荐类型：街边小吃、咖啡馆、面包店
- 人均预算：30-60元
- 搜关键词：咖啡、小吃、骑楼、老街、公园
- 中山最佳遛弯路线：
  - 石岐老城线：孙文西路→香山商业文化博物馆→白水井大街吃满足面/顺柚记→岐江公园→烟墩山看日落→兴中广场（全程步行）
  - 崖口稻田线：崖口村稻田→向云端咖啡(25元)→崖口云吞(15元)→东堤海景路骑行→煲仔饭(30元)
  - 五桂山户外线：逍遥谷→旗溪村鸡煲→桂南村不荒樟咖啡(28元)

================================================================================
[2026-05-31 14:33:19] 查询: 中山紫马岭公园到中山纪念图书馆 路线规划
耗时: 689.6 ms | 命中数: 6 | 阈值: 0.3
--------------------------------------------------------------------------------

  [1] 中山市博物馆 — 2022年新馆，设计感超强
      综合得分: 0.8358  (向量:0.5358 + 关键词:0.0000 + 标签:0.3000)
      标签: ['历史文化', '攻略', '石岐区', '网红打卡', '自然风光']
      来源: general/general\zhongshan_travel.md
      内容: 在石岐区孙文中路197号，2022年新馆开放后成了中山新的文化地标。里面有三个常设展览：中山历史陈列、中山华侨历史、中山非物质文化遗产。最受欢迎的是一比一还原的民国街道场景，拍照非常出片。免费但要提前在"文旅中山"公众号预约，开放时间9点到下午5点，周一闭馆。

  [2] 孙中山故里旅游区 — 5A景区，中山最核心的文化地标
      综合得分: 0.7581  (向量:0.4581 + 关键词:0.0000 + 标签:0.3000)
      标签: ['交通出行', '南朗街道', '历史文化', '攻略', '网红打卡', '自然风光']
      来源: general/general\zhongshan_travel.md
      内容: 这个景区在南朗街道翠亨村，翠亨大道93号，是中山唯一的5A级景区。整个旅游区包括孙中山故居纪念馆、中山影视城、辛亥革命纪念公园和犁头尖山几个部分。故居纪念馆是免费的，但要在孙中山故居纪念馆公众号上提前预约。影视城单独收费65块。开放时间是早上9点到下午5点半，周一闭馆（节假日正常开放），千万别周一跑来吃闭门羹。
孙中山故居本身是1892年孙中山亲自设计建造的二层砖木结构楼房，红墙绿瓦中西合璧的风格，里面展示了孙中山出生和成长的环境。门口那棵酸子树是孙中山1883年从檀香山带回来的树种，活到现在也是个奇迹。交通方面，坐广珠城轨到南朗站下车转公交就能到，自驾的话停车也方便。
中山影视城就在故居旁边

  [3] 金钟水库和树木园 — 中山人周末最爱去的城市绿肺
      综合得分: 0.6900  (向量:0.3900 + 关键词:0.0000 + 标签:0.3000)
      标签: ['东区', '交通出行', '南区', '攻略', '烧烤', '自然风光']
      来源: general/general\zhongshan_travel.md
      内容: 金钟水库在东区新安村，绕水库一圈大概12公里全程绿道，有专门的自行车道，可以租车骑行（约20块一小时），也有烧烤场。环境清幽湖水碧绿，节假日人多建议早上去。树木园在南区南外环路，和金钟水库不同，这里以植物科普为主，有竹园木兰园等专类园区，绿道平缓适合老人小孩。

  [4] 周末遛弯（半天闲逛+随便吃点）
      综合得分: 0.6707  (向量:0.3707 + 关键词:0.0000 + 标签:0.3000)
      标签: ['五桂山街道', '交通出行', '南朗街道', '历史文化', '咖啡', '小吃', '攻略', '石岐区', '自然风光', '西区', '购物']
      来源: food/food\scene_guide.md
      内容: - 优先级：顺路 > 轻松 > 不排队
- 推荐类型：街边小吃、咖啡馆、面包店
- 人均预算：30-60元
- 搜关键词：咖啡、小吃、骑楼、老街、公园
- 中山最佳遛弯路线：
  - 石岐老城线：孙文西路→香山商业文化博物馆→白水井大街吃满足面/顺柚记→岐江公园→烟墩山看日落→兴中广场（全程步行）
  - 崖口稻田线：崖口村稻田→向云端咖啡(25元)→崖口云吞(15元)→东堤海景路骑行→煲仔饭(30元)
  - 五桂山户外线：逍遥谷→旗溪村鸡煲→桂南村不荒樟咖啡(28元)

  [5] 带朋友吃遍中山（有好吃的要分享）
      综合得分: 0.6588  (向量:0.3588 + 关键词:0.0000 + 标签:0.3000)
      标签: ['三乡镇', '东升镇', '乳鸽', '小吃', '小榄镇', '攻略', '早茶', '海鲜', '石岐区', '自然风光']
      来源: food/food\scene_guide.md
      内容: - 优先级：体验感 > 特色 > 价格
- 推荐类型：中山地标美食全覆盖
- 人均预算：100-200元（一天）
- 必吃路线：早茶爱群食店→石岐佬乳鸽→崖口煲仔饭→三乡濑粉→小榄炸鱼球→东升脆肉鲩
- 搜索关键词：乳鸽、早茶、濑粉、脆肉鲩、炸鱼球、海鲜

  [6] 深中通道 — 2024年通车，彻底改变了中山的区位格局
      综合得分: 0.6047  (向量:0.4547 + 关键词:0.0000 + 标签:0.1500)
      标签: ['交通出行', '住宿', '南朗街道', '宵夜', '网红打卡', '翠亨新区', '自然风光', '购物']
      来源: general/general\zhongshan_travel.md
      内容: 这绝对是中山近年来最大的交通事件。深中通道2024年6月30日正式通车，全长24公里，是把桥、岛、隧、水下互通集合在一起的世界级超级工程。现在从深圳宝安机场到中山马鞍岛只要30分钟左右，从深圳南山到中山市区大概50分钟。双向8车道，限速100公里每小时。目前暂时免收通行费。
跨市公交也同步开通了。深中001路从深圳前海梦工场北区到中山博览中心，约50分钟票价18元；深中002路从深圳前海到中山国际酒店票价15元。运营时间大概是早上6点半到晚上9点，早晚高峰15分钟一班。微信小程序搜"深中跨市公交"可以查实时班次和买票。自驾的话导航设马鞍岛或者南朗出口，深中通道走到头走翠亨快线15分钟就到南朗了

================================================================================
[2026-05-31 14:34:27] 查询: ✅ 推荐路线：013路直达 差评 刷评 避坑 贵 排队
耗时: 744.4 ms | 命中数: 2 | 阈值: 0.3
--------------------------------------------------------------------------------

  [1] 避坑和实用贴士
      综合得分: 0.5834  (向量:0.2234 + 关键词:0.2100 + 标签:0.1500)
      标签: ['三乡镇', '东升镇', '乳鸽', '历史文化', '小吃', '小榄镇', '攻略', '早茶', '沙溪镇', '海鲜', '石岐区', '自然风光', '购物', '黄圃镇']
      来源: food/food\zhongshan_restaurants.md
      内容: 中山的早茶人均30到50块，基本是广州的三分之一价格，爱群食店6点开门建议8点前到免排队，周一和周四点心还打8折。乳鸽认准12到13天的妙龄鸽，石岐佬建议工作日11点前或17点前到，周末排队至少半小时。省钱吃法：早茶30到50一个人，乳鸽专门店60到80，海鲜大餐100到150。东升镇的脆肉鲩最正宗，沙溪镇的隆都菜最地道，石岐区的乳鸽最集中。三乡濑粉源于清嘉庆年间有200多年历史，上汤是灵魂要放烧鹅和叉烧。小榄菊花会每年11月下旬到12月举行，以菊入馔是中山独有文化。黄圃镇的腊味可以真空包装带回家，煲仔饭放几片腊肠满分。

  [2] 旅游避坑和实用建议
      综合得分: 0.5715  (向量:0.2715 + 关键词:0.1500 + 标签:0.1500)
      标签: ['东升镇', '乳鸽', '五桂山街道', '交通出行', '住宿', '南朗街道', '历史文化', '小榄镇', '攻略', '海鲜', '温泉', '神湾镇', '翠亨新区', '自然风光']
      来源: general/general\zhongshan_travel.md
      内容: 最佳旅行时间是每年10到12月的秋季和3到5月的春季，气温最舒适。夏天6到9月高温多雨还有台风，出行注意天气预报。冬天1到2月湿冷但游客少。3到4月是回南天特别潮湿衣服多带两件。
什么季节吃什么也有讲究：10到12月乳鸽最肥美，11月小榄菊花会品菊花宴，3到5月脆肉鲩最鲜，5到8月吃荔枝菌，10到11月吃神湾菠萝。
有几个景点必须提前预约别跑空——孙中山故居纪念馆要在公众号预约，中山市博物馆要在文旅中山公众号预约，翠亨国家湿地公园也要预约。三个都是周一闭馆。节假日人流量大建议提前2到3天约好。
防坑方面：景区周边的三轮车摩的不要坐价格虚高不安全，叫网约车最靠谱。部分餐厅会推荐高价海鲜点菜前一定

================================================================================
[2026-05-31 14:34:28] 查询: 步行116米 差评 刷评 避坑 贵 排队
耗时: 614.9 ms | 命中数: 2 | 阈值: 0.3
--------------------------------------------------------------------------------

  [1] 避坑和实用贴士
      综合得分: 0.5081  (向量:0.1481 + 关键词:0.2100 + 标签:0.1500)
      标签: ['三乡镇', '东升镇', '乳鸽', '历史文化', '小吃', '小榄镇', '攻略', '早茶', '沙溪镇', '海鲜', '石岐区', '自然风光', '购物', '黄圃镇']
      来源: food/food\zhongshan_restaurants.md
      内容: 中山的早茶人均30到50块，基本是广州的三分之一价格，爱群食店6点开门建议8点前到免排队，周一和周四点心还打8折。乳鸽认准12到13天的妙龄鸽，石岐佬建议工作日11点前或17点前到，周末排队至少半小时。省钱吃法：早茶30到50一个人，乳鸽专门店60到80，海鲜大餐100到150。东升镇的脆肉鲩最正宗，沙溪镇的隆都菜最地道，石岐区的乳鸽最集中。三乡濑粉源于清嘉庆年间有200多年历史，上汤是灵魂要放烧鹅和叉烧。小榄菊花会每年11月下旬到12月举行，以菊入馔是中山独有文化。黄圃镇的腊味可以真空包装带回家，煲仔饭放几片腊肠满分。

  [2] 旅游避坑和实用建议
      综合得分: 0.5012  (向量:0.2012 + 关键词:0.1500 + 标签:0.1500)
      标签: ['东升镇', '乳鸽', '五桂山街道', '交通出行', '住宿', '南朗街道', '历史文化', '小榄镇', '攻略', '海鲜', '温泉', '神湾镇', '翠亨新区', '自然风光']
      来源: general/general\zhongshan_travel.md
      内容: 最佳旅行时间是每年10到12月的秋季和3到5月的春季，气温最舒适。夏天6到9月高温多雨还有台风，出行注意天气预报。冬天1到2月湿冷但游客少。3到4月是回南天特别潮湿衣服多带两件。
什么季节吃什么也有讲究：10到12月乳鸽最肥美，11月小榄菊花会品菊花宴，3到5月脆肉鲩最鲜，5到8月吃荔枝菌，10到11月吃神湾菠萝。
有几个景点必须提前预约别跑空——孙中山故居纪念馆要在公众号预约，中山市博物馆要在文旅中山公众号预约，翠亨国家湿地公园也要预约。三个都是周一闭馆。节假日人流量大建议提前2到3天约好。
防坑方面：景区周边的三轮车摩的不要坐价格虚高不安全，叫网约车最靠谱。部分餐厅会推荐高价海鲜点菜前一定

================================================================================
[2026-05-31 14:34:29] 查询: 乘013路（星晨桥东方向） 差评 刷评 避坑 贵 排队
耗时: 621.8 ms | 命中数: 2 | 阈值: 0.3
--------------------------------------------------------------------------------

  [1] 避坑和实用贴士
      综合得分: 0.5248  (向量:0.1648 + 关键词:0.2100 + 标签:0.1500)
      标签: ['三乡镇', '东升镇', '乳鸽', '历史文化', '小吃', '小榄镇', '攻略', '早茶', '沙溪镇', '海鲜', '石岐区', '自然风光', '购物', '黄圃镇']
      来源: food/food\zhongshan_restaurants.md
      内容: 中山的早茶人均30到50块，基本是广州的三分之一价格，爱群食店6点开门建议8点前到免排队，周一和周四点心还打8折。乳鸽认准12到13天的妙龄鸽，石岐佬建议工作日11点前或17点前到，周末排队至少半小时。省钱吃法：早茶30到50一个人，乳鸽专门店60到80，海鲜大餐100到150。东升镇的脆肉鲩最正宗，沙溪镇的隆都菜最地道，石岐区的乳鸽最集中。三乡濑粉源于清嘉庆年间有200多年历史，上汤是灵魂要放烧鹅和叉烧。小榄菊花会每年11月下旬到12月举行，以菊入馔是中山独有文化。黄圃镇的腊味可以真空包装带回家，煲仔饭放几片腊肠满分。

  [2] 旅游避坑和实用建议
      综合得分: 0.4656  (向量:0.1656 + 关键词:0.1500 + 标签:0.1500)
      标签: ['东升镇', '乳鸽', '五桂山街道', '交通出行', '住宿', '南朗街道', '历史文化', '小榄镇', '攻略', '海鲜', '温泉', '神湾镇', '翠亨新区', '自然风光']
      来源: general/general\zhongshan_travel.md
      内容: 最佳旅行时间是每年10到12月的秋季和3到5月的春季，气温最舒适。夏天6到9月高温多雨还有台风，出行注意天气预报。冬天1到2月湿冷但游客少。3到4月是回南天特别潮湿衣服多带两件。
什么季节吃什么也有讲究：10到12月乳鸽最肥美，11月小榄菊花会品菊花宴，3到5月脆肉鲩最鲜，5到8月吃荔枝菌，10到11月吃神湾菠萝。
有几个景点必须提前预约别跑空——孙中山故居纪念馆要在公众号预约，中山市博物馆要在文旅中山公众号预约，翠亨国家湿地公园也要预约。三个都是周一闭馆。节假日人流量大建议提前2到3天约好。
防坑方面：景区周边的三轮车摩的不要坐价格虚高不安全，叫网约车最靠谱。部分餐厅会推荐高价海鲜点菜前一定

================================================================================
[2026-05-31 14:43:01] 查询: 中山纪念图书馆到紫马岭公园 路线规划
耗时: 894.0 ms | 命中数: 6 | 阈值: 0.3
--------------------------------------------------------------------------------

  [1] 中山市博物馆 — 2022年新馆，设计感超强
      综合得分: 0.8027  (向量:0.5027 + 关键词:0.0000 + 标签:0.3000)
      标签: ['历史文化', '攻略', '石岐区', '网红打卡', '自然风光']
      来源: general/general\zhongshan_travel.md
      内容: 在石岐区孙文中路197号，2022年新馆开放后成了中山新的文化地标。里面有三个常设展览：中山历史陈列、中山华侨历史、中山非物质文化遗产。最受欢迎的是一比一还原的民国街道场景，拍照非常出片。免费但要提前在"文旅中山"公众号预约，开放时间9点到下午5点，周一闭馆。

  [2] 孙中山故里旅游区 — 5A景区，中山最核心的文化地标
      综合得分: 0.7443  (向量:0.4443 + 关键词:0.0000 + 标签:0.3000)
      标签: ['交通出行', '南朗街道', '历史文化', '攻略', '网红打卡', '自然风光']
      来源: general/general\zhongshan_travel.md
      内容: 这个景区在南朗街道翠亨村，翠亨大道93号，是中山唯一的5A级景区。整个旅游区包括孙中山故居纪念馆、中山影视城、辛亥革命纪念公园和犁头尖山几个部分。故居纪念馆是免费的，但要在孙中山故居纪念馆公众号上提前预约。影视城单独收费65块。开放时间是早上9点到下午5点半，周一闭馆（节假日正常开放），千万别周一跑来吃闭门羹。
孙中山故居本身是1892年孙中山亲自设计建造的二层砖木结构楼房，红墙绿瓦中西合璧的风格，里面展示了孙中山出生和成长的环境。门口那棵酸子树是孙中山1883年从檀香山带回来的树种，活到现在也是个奇迹。交通方面，坐广珠城轨到南朗站下车转公交就能到，自驾的话停车也方便。
中山影视城就在故居旁边

  [3] 周末遛弯（半天闲逛+随便吃点）
      综合得分: 0.7091  (向量:0.4091 + 关键词:0.0000 + 标签:0.3000)
      标签: ['五桂山街道', '交通出行', '南朗街道', '历史文化', '咖啡', '小吃', '攻略', '石岐区', '自然风光', '西区', '购物']
      来源: food/food\scene_guide.md
      内容: - 优先级：顺路 > 轻松 > 不排队
- 推荐类型：街边小吃、咖啡馆、面包店
- 人均预算：30-60元
- 搜关键词：咖啡、小吃、骑楼、老街、公园
- 中山最佳遛弯路线：
  - 石岐老城线：孙文西路→香山商业文化博物馆→白水井大街吃满足面/顺柚记→岐江公园→烟墩山看日落→兴中广场（全程步行）
  - 崖口稻田线：崖口村稻田→向云端咖啡(25元)→崖口云吞(15元)→东堤海景路骑行→煲仔饭(30元)
  - 五桂山户外线：逍遥谷→旗溪村鸡煲→桂南村不荒樟咖啡(28元)

  [4] 金钟水库和树木园 — 中山人周末最爱去的城市绿肺
      综合得分: 0.6992  (向量:0.3992 + 关键词:0.0000 + 标签:0.3000)
      标签: ['东区', '交通出行', '南区', '攻略', '烧烤', '自然风光']
      来源: general/general\zhongshan_travel.md
      内容: 金钟水库在东区新安村，绕水库一圈大概12公里全程绿道，有专门的自行车道，可以租车骑行（约20块一小时），也有烧烤场。环境清幽湖水碧绿，节假日人多建议早上去。树木园在南区南外环路，和金钟水库不同，这里以植物科普为主，有竹园木兰园等专类园区，绿道平缓适合老人小孩。

  [5] 带朋友吃遍中山（有好吃的要分享）
      综合得分: 0.6574  (向量:0.3574 + 关键词:0.0000 + 标签:0.3000)
      标签: ['三乡镇', '东升镇', '乳鸽', '小吃', '小榄镇', '攻略', '早茶', '海鲜', '石岐区', '自然风光']
      来源: food/food\scene_guide.md
      内容: - 优先级：体验感 > 特色 > 价格
- 推荐类型：中山地标美食全覆盖
- 人均预算：100-200元（一天）
- 必吃路线：早茶爱群食店→石岐佬乳鸽→崖口煲仔饭→三乡濑粉→小榄炸鱼球→东升脆肉鲩
- 搜索关键词：乳鸽、早茶、濑粉、脆肉鲩、炸鱼球、海鲜

  [6] 深中通道 — 2024年通车，彻底改变了中山的区位格局
      综合得分: 0.6341  (向量:0.4841 + 关键词:0.0000 + 标签:0.1500)
      标签: ['交通出行', '住宿', '南朗街道', '宵夜', '网红打卡', '翠亨新区', '自然风光', '购物']
      来源: general/general\zhongshan_travel.md
      内容: 这绝对是中山近年来最大的交通事件。深中通道2024年6月30日正式通车，全长24公里，是把桥、岛、隧、水下互通集合在一起的世界级超级工程。现在从深圳宝安机场到中山马鞍岛只要30分钟左右，从深圳南山到中山市区大概50分钟。双向8车道，限速100公里每小时。目前暂时免收通行费。
跨市公交也同步开通了。深中001路从深圳前海梦工场北区到中山博览中心，约50分钟票价18元；深中002路从深圳前海到中山国际酒店票价15元。运营时间大概是早上6点半到晚上9点，早晚高峰15分钟一班。微信小程序搜"深中跨市公交"可以查实时班次和买票。自驾的话导航设马鞍岛或者南朗出口，深中通道走到头走翠亨快线15分钟就到南朗了

================================================================================
[2026-05-31 14:44:32] 查询: 🚌 公交方案（推荐B19路，最快29分钟） 差评 刷评 避坑 贵 排队
耗时: 818.2 ms | 命中数: 2 | 阈值: 0.3
--------------------------------------------------------------------------------

  [1] 旅游避坑和实用建议
      综合得分: 0.7427  (向量:0.2927 + 关键词:0.1500 + 标签:0.3000)
      标签: ['东升镇', '乳鸽', '五桂山街道', '交通出行', '住宿', '南朗街道', '历史文化', '小榄镇', '攻略', '海鲜', '温泉', '神湾镇', '翠亨新区', '自然风光']
      来源: general/general\zhongshan_travel.md
      内容: 最佳旅行时间是每年10到12月的秋季和3到5月的春季，气温最舒适。夏天6到9月高温多雨还有台风，出行注意天气预报。冬天1到2月湿冷但游客少。3到4月是回南天特别潮湿衣服多带两件。
什么季节吃什么也有讲究：10到12月乳鸽最肥美，11月小榄菊花会品菊花宴，3到5月脆肉鲩最鲜，5到8月吃荔枝菌，10到11月吃神湾菠萝。
有几个景点必须提前预约别跑空——孙中山故居纪念馆要在公众号预约，中山市博物馆要在文旅中山公众号预约，翠亨国家湿地公园也要预约。三个都是周一闭馆。节假日人流量大建议提前2到3天约好。
防坑方面：景区周边的三轮车摩的不要坐价格虚高不安全，叫网约车最靠谱。部分餐厅会推荐高价海鲜点菜前一定

  [2] 周末遛弯（半天闲逛+随便吃点）
      综合得分: 0.6196  (向量:0.2896 + 关键词:0.0300 + 标签:0.3000)
      标签: ['五桂山街道', '交通出行', '南朗街道', '历史文化', '咖啡', '小吃', '攻略', '石岐区', '自然风光', '西区', '购物']
      来源: food/food\scene_guide.md
      内容: - 优先级：顺路 > 轻松 > 不排队
- 推荐类型：街边小吃、咖啡馆、面包店
- 人均预算：30-60元
- 搜关键词：咖啡、小吃、骑楼、老街、公园
- 中山最佳遛弯路线：
  - 石岐老城线：孙文西路→香山商业文化博物馆→白水井大街吃满足面/顺柚记→岐江公园→烟墩山看日落→兴中广场（全程步行）
  - 崖口稻田线：崖口村稻田→向云端咖啡(25元)→崖口云吞(15元)→东堤海景路骑行→煲仔饭(30元)
  - 五桂山户外线：逍遥谷→旗溪村鸡煲→桂南村不荒樟咖啡(28元)

================================================================================
[2026-05-31 14:44:33] 查询: B19路（最优选） 差评 刷评 避坑 贵 排队
耗时: 646.0 ms | 命中数: 2 | 阈值: 0.3
--------------------------------------------------------------------------------

  [1] 避坑和实用贴士
      综合得分: 0.4633  (向量:0.1033 + 关键词:0.2100 + 标签:0.1500)
      标签: ['三乡镇', '东升镇', '乳鸽', '历史文化', '小吃', '小榄镇', '攻略', '早茶', '沙溪镇', '海鲜', '石岐区', '自然风光', '购物', '黄圃镇']
      来源: food/food\zhongshan_restaurants.md
      内容: 中山的早茶人均30到50块，基本是广州的三分之一价格，爱群食店6点开门建议8点前到免排队，周一和周四点心还打8折。乳鸽认准12到13天的妙龄鸽，石岐佬建议工作日11点前或17点前到，周末排队至少半小时。省钱吃法：早茶30到50一个人，乳鸽专门店60到80，海鲜大餐100到150。东升镇的脆肉鲩最正宗，沙溪镇的隆都菜最地道，石岐区的乳鸽最集中。三乡濑粉源于清嘉庆年间有200多年历史，上汤是灵魂要放烧鹅和叉烧。小榄菊花会每年11月下旬到12月举行，以菊入馔是中山独有文化。黄圃镇的腊味可以真空包装带回家，煲仔饭放几片腊肠满分。

  [2] 旅游避坑和实用建议
      综合得分: 0.4483  (向量:0.1483 + 关键词:0.1500 + 标签:0.1500)
      标签: ['东升镇', '乳鸽', '五桂山街道', '交通出行', '住宿', '南朗街道', '历史文化', '小榄镇', '攻略', '海鲜', '温泉', '神湾镇', '翠亨新区', '自然风光']
      来源: general/general\zhongshan_travel.md
      内容: 最佳旅行时间是每年10到12月的秋季和3到5月的春季，气温最舒适。夏天6到9月高温多雨还有台风，出行注意天气预报。冬天1到2月湿冷但游客少。3到4月是回南天特别潮湿衣服多带两件。
什么季节吃什么也有讲究：10到12月乳鸽最肥美，11月小榄菊花会品菊花宴，3到5月脆肉鲩最鲜，5到8月吃荔枝菌，10到11月吃神湾菠萝。
有几个景点必须提前预约别跑空——孙中山故居纪念馆要在公众号预约，中山市博物馆要在文旅中山公众号预约，翠亨国家湿地公园也要预约。三个都是周一闭馆。节假日人流量大建议提前2到3天约好。
防坑方面：景区周边的三轮车摩的不要坐价格虚高不安全，叫网约车最靠谱。部分餐厅会推荐高价海鲜点菜前一定

================================================================================
[2026-05-31 14:44:33] 查询: 路线 差评 刷评 避坑 贵 排队
耗时: 577.1 ms | 命中数: 2 | 阈值: 0.3
--------------------------------------------------------------------------------

  [1] 避坑和实用贴士
      综合得分: 0.5560  (向量:0.1960 + 关键词:0.2100 + 标签:0.1500)
      标签: ['三乡镇', '东升镇', '乳鸽', '历史文化', '小吃', '小榄镇', '攻略', '早茶', '沙溪镇', '海鲜', '石岐区', '自然风光', '购物', '黄圃镇']
      来源: food/food\zhongshan_restaurants.md
      内容: 中山的早茶人均30到50块，基本是广州的三分之一价格，爱群食店6点开门建议8点前到免排队，周一和周四点心还打8折。乳鸽认准12到13天的妙龄鸽，石岐佬建议工作日11点前或17点前到，周末排队至少半小时。省钱吃法：早茶30到50一个人，乳鸽专门店60到80，海鲜大餐100到150。东升镇的脆肉鲩最正宗，沙溪镇的隆都菜最地道，石岐区的乳鸽最集中。三乡濑粉源于清嘉庆年间有200多年历史，上汤是灵魂要放烧鹅和叉烧。小榄菊花会每年11月下旬到12月举行，以菊入馔是中山独有文化。黄圃镇的腊味可以真空包装带回家，煲仔饭放几片腊肠满分。

  [2] 旅游避坑和实用建议
      综合得分: 0.5548  (向量:0.2548 + 关键词:0.1500 + 标签:0.1500)
      标签: ['东升镇', '乳鸽', '五桂山街道', '交通出行', '住宿', '南朗街道', '历史文化', '小榄镇', '攻略', '海鲜', '温泉', '神湾镇', '翠亨新区', '自然风光']
      来源: general/general\zhongshan_travel.md
      内容: 最佳旅行时间是每年10到12月的秋季和3到5月的春季，气温最舒适。夏天6到9月高温多雨还有台风，出行注意天气预报。冬天1到2月湿冷但游客少。3到4月是回南天特别潮湿衣服多带两件。
什么季节吃什么也有讲究：10到12月乳鸽最肥美，11月小榄菊花会品菊花宴，3到5月脆肉鲩最鲜，5到8月吃荔枝菌，10到11月吃神湾菠萝。
有几个景点必须提前预约别跑空——孙中山故居纪念馆要在公众号预约，中山市博物馆要在文旅中山公众号预约，翠亨国家湿地公园也要预约。三个都是周一闭馆。节假日人流量大建议提前2到3天约好。
防坑方面：景区周边的三轮车摩的不要坐价格虚高不安全，叫网约车最靠谱。部分餐厅会推荐高价海鲜点菜前一定

================================================================================
[2026-05-31 14:47:19] 查询: 013路/003路（最快24分钟） 差评 刷评 避坑 贵 排队
耗时: 643.1 ms | 命中数: 2 | 阈值: 0.3
--------------------------------------------------------------------------------

  [1] 避坑和实用贴士
      综合得分: 0.5104  (向量:0.1504 + 关键词:0.2100 + 标签:0.1500)
      标签: ['三乡镇', '东升镇', '乳鸽', '历史文化', '小吃', '小榄镇', '攻略', '早茶', '沙溪镇', '海鲜', '石岐区', '自然风光', '购物', '黄圃镇']
      来源: food/food\zhongshan_restaurants.md
      内容: 中山的早茶人均30到50块，基本是广州的三分之一价格，爱群食店6点开门建议8点前到免排队，周一和周四点心还打8折。乳鸽认准12到13天的妙龄鸽，石岐佬建议工作日11点前或17点前到，周末排队至少半小时。省钱吃法：早茶30到50一个人，乳鸽专门店60到80，海鲜大餐100到150。东升镇的脆肉鲩最正宗，沙溪镇的隆都菜最地道，石岐区的乳鸽最集中。三乡濑粉源于清嘉庆年间有200多年历史，上汤是灵魂要放烧鹅和叉烧。小榄菊花会每年11月下旬到12月举行，以菊入馔是中山独有文化。黄圃镇的腊味可以真空包装带回家，煲仔饭放几片腊肠满分。

  [2] 旅游避坑和实用建议
      综合得分: 0.4363  (向量:0.1363 + 关键词:0.1500 + 标签:0.1500)
      标签: ['东升镇', '乳鸽', '五桂山街道', '交通出行', '住宿', '南朗街道', '历史文化', '小榄镇', '攻略', '海鲜', '温泉', '神湾镇', '翠亨新区', '自然风光']
      来源: general/general\zhongshan_travel.md
      内容: 最佳旅行时间是每年10到12月的秋季和3到5月的春季，气温最舒适。夏天6到9月高温多雨还有台风，出行注意天气预报。冬天1到2月湿冷但游客少。3到4月是回南天特别潮湿衣服多带两件。
什么季节吃什么也有讲究：10到12月乳鸽最肥美，11月小榄菊花会品菊花宴，3到5月脆肉鲩最鲜，5到8月吃荔枝菌，10到11月吃神湾菠萝。
有几个景点必须提前预约别跑空——孙中山故居纪念馆要在公众号预约，中山市博物馆要在文旅中山公众号预约，翠亨国家湿地公园也要预约。三个都是周一闭馆。节假日人流量大建议提前2到3天约好。
防坑方面：景区周边的三轮车摩的不要坐价格虚高不安全，叫网约车最靠谱。部分餐厅会推荐高价海鲜点菜前一定

================================================================================
[2026-05-31 14:47:20] 查询: 总耗时 差评 刷评 避坑 贵 排队
耗时: 669.5 ms | 命中数: 2 | 阈值: 0.3
--------------------------------------------------------------------------------

  [1] 避坑和实用贴士
      综合得分: 0.5057  (向量:0.1457 + 关键词:0.2100 + 标签:0.1500)
      标签: ['三乡镇', '东升镇', '乳鸽', '历史文化', '小吃', '小榄镇', '攻略', '早茶', '沙溪镇', '海鲜', '石岐区', '自然风光', '购物', '黄圃镇']
      来源: food/food\zhongshan_restaurants.md
      内容: 中山的早茶人均30到50块，基本是广州的三分之一价格，爱群食店6点开门建议8点前到免排队，周一和周四点心还打8折。乳鸽认准12到13天的妙龄鸽，石岐佬建议工作日11点前或17点前到，周末排队至少半小时。省钱吃法：早茶30到50一个人，乳鸽专门店60到80，海鲜大餐100到150。东升镇的脆肉鲩最正宗，沙溪镇的隆都菜最地道，石岐区的乳鸽最集中。三乡濑粉源于清嘉庆年间有200多年历史，上汤是灵魂要放烧鹅和叉烧。小榄菊花会每年11月下旬到12月举行，以菊入馔是中山独有文化。黄圃镇的腊味可以真空包装带回家，煲仔饭放几片腊肠满分。

  [2] 旅游避坑和实用建议
      综合得分: 0.4541  (向量:0.1541 + 关键词:0.1500 + 标签:0.1500)
      标签: ['东升镇', '乳鸽', '五桂山街道', '交通出行', '住宿', '南朗街道', '历史文化', '小榄镇', '攻略', '海鲜', '温泉', '神湾镇', '翠亨新区', '自然风光']
      来源: general/general\zhongshan_travel.md
      内容: 最佳旅行时间是每年10到12月的秋季和3到5月的春季，气温最舒适。夏天6到9月高温多雨还有台风，出行注意天气预报。冬天1到2月湿冷但游客少。3到4月是回南天特别潮湿衣服多带两件。
什么季节吃什么也有讲究：10到12月乳鸽最肥美，11月小榄菊花会品菊花宴，3到5月脆肉鲩最鲜，5到8月吃荔枝菌，10到11月吃神湾菠萝。
有几个景点必须提前预约别跑空——孙中山故居纪念馆要在公众号预约，中山市博物馆要在文旅中山公众号预约，翠亨国家湿地公园也要预约。三个都是周一闭馆。节假日人流量大建议提前2到3天约好。
防坑方面：景区周边的三轮车摩的不要坐价格虚高不安全，叫网约车最靠谱。部分餐厅会推荐高价海鲜点菜前一定

================================================================================
[2026-05-31 14:47:20] 查询: 票价 差评 刷评 避坑 贵 排队
耗时: 590.3 ms | 命中数: 2 | 阈值: 0.3
--------------------------------------------------------------------------------

  [1] 避坑和实用贴士
      综合得分: 0.5370  (向量:0.1770 + 关键词:0.2100 + 标签:0.1500)
      标签: ['三乡镇', '东升镇', '乳鸽', '历史文化', '小吃', '小榄镇', '攻略', '早茶', '沙溪镇', '海鲜', '石岐区', '自然风光', '购物', '黄圃镇']
      来源: food/food\zhongshan_restaurants.md
      内容: 中山的早茶人均30到50块，基本是广州的三分之一价格，爱群食店6点开门建议8点前到免排队，周一和周四点心还打8折。乳鸽认准12到13天的妙龄鸽，石岐佬建议工作日11点前或17点前到，周末排队至少半小时。省钱吃法：早茶30到50一个人，乳鸽专门店60到80，海鲜大餐100到150。东升镇的脆肉鲩最正宗，沙溪镇的隆都菜最地道，石岐区的乳鸽最集中。三乡濑粉源于清嘉庆年间有200多年历史，上汤是灵魂要放烧鹅和叉烧。小榄菊花会每年11月下旬到12月举行，以菊入馔是中山独有文化。黄圃镇的腊味可以真空包装带回家，煲仔饭放几片腊肠满分。

  [2] 旅游避坑和实用建议
      综合得分: 0.5212  (向量:0.2212 + 关键词:0.1500 + 标签:0.1500)
      标签: ['东升镇', '乳鸽', '五桂山街道', '交通出行', '住宿', '南朗街道', '历史文化', '小榄镇', '攻略', '海鲜', '温泉', '神湾镇', '翠亨新区', '自然风光']
      来源: general/general\zhongshan_travel.md
      内容: 最佳旅行时间是每年10到12月的秋季和3到5月的春季，气温最舒适。夏天6到9月高温多雨还有台风，出行注意天气预报。冬天1到2月湿冷但游客少。3到4月是回南天特别潮湿衣服多带两件。
什么季节吃什么也有讲究：10到12月乳鸽最肥美，11月小榄菊花会品菊花宴，3到5月脆肉鲩最鲜，5到8月吃荔枝菌，10到11月吃神湾菠萝。
有几个景点必须提前预约别跑空——孙中山故居纪念馆要在公众号预约，中山市博物馆要在文旅中山公众号预约，翠亨国家湿地公园也要预约。三个都是周一闭馆。节假日人流量大建议提前2到3天约好。
防坑方面：景区周边的三轮车摩的不要坐价格虚高不安全，叫网约车最靠谱。部分餐厅会推荐高价海鲜点菜前一定

================================================================================
[2026-05-31 14:47:44] 查询: 中山纪念图书馆到紫马岭公园 路线规划 公交 打车 步行
耗时: 574.7 ms | 命中数: 6 | 阈值: 0.3
--------------------------------------------------------------------------------

  [1] 孙中山故里旅游区 — 5A景区，中山最核心的文化地标
      综合得分: 0.9295  (向量:0.4495 + 关键词:0.0300 + 标签:0.4500)
      标签: ['交通出行', '南朗街道', '历史文化', '攻略', '网红打卡', '自然风光']
      来源: general/general\zhongshan_travel.md
      内容: 这个景区在南朗街道翠亨村，翠亨大道93号，是中山唯一的5A级景区。整个旅游区包括孙中山故居纪念馆、中山影视城、辛亥革命纪念公园和犁头尖山几个部分。故居纪念馆是免费的，但要在孙中山故居纪念馆公众号上提前预约。影视城单独收费65块。开放时间是早上9点到下午5点半，周一闭馆（节假日正常开放），千万别周一跑来吃闭门羹。
孙中山故居本身是1892年孙中山亲自设计建造的二层砖木结构楼房，红墙绿瓦中西合璧的风格，里面展示了孙中山出生和成长的环境。门口那棵酸子树是孙中山1883年从檀香山带回来的树种，活到现在也是个奇迹。交通方面，坐广珠城轨到南朗站下车转公交就能到，自驾的话停车也方便。
中山影视城就在故居旁边

  [2] 中山市区交通和广珠城轨
      综合得分: 0.9263  (向量:0.4763 + 关键词:0.1500 + 标签:0.3000)
      标签: ['交通出行', '南朗街道', '古镇镇', '小榄镇', '火炬开发区', '石岐区', '自然风光', '西区']
      来源: general/general\zhongshan_travel.md
      内容: 中山市区景点集中在石岐老城区，范围不大，走路加共享单车加公交组合最划算。公交起步2块支持微信支付宝乘车码，BRT快速公交覆盖主要干道。网约车起步约8到10块市区内打车一般20到40。骑共享单车逛老城区很舒服，孙文西路岐江公园一带全程步行就行。
广珠城轨有五个站要看清楚——中山站（火炬开发区和东区交界停靠车次多）、中山北站（石岐区离老城区最近）、小榄站（西北部去古镇灯都）、南朗站（去孙中山故里和崖口村最近）、古镇站（灯都）。广州南站到中山站约30分钟票价40块，珠海站到中山站约25到30分钟票价35块。自驾的话广州过来走广珠西线高速约90分钟，珠海澳门过来经广澳高速约40分钟。

  [3] 周末遛弯（半天闲逛+随便吃点）
      综合得分: 0.9095  (向量:0.4295 + 关键词:0.0300 + 标签:0.4500)
      标签: ['五桂山街道', '交通出行', '南朗街道', '历史文化', '咖啡', '小吃', '攻略', '石岐区', '自然风光', '西区', '购物']
      来源: food/food\scene_guide.md
      内容: - 优先级：顺路 > 轻松 > 不排队
- 推荐类型：街边小吃、咖啡馆、面包店
- 人均预算：30-60元
- 搜关键词：咖啡、小吃、骑楼、老街、公园
- 中山最佳遛弯路线：
  - 石岐老城线：孙文西路→香山商业文化博物馆→白水井大街吃满足面/顺柚记→岐江公园→烟墩山看日落→兴中广场（全程步行）
  - 崖口稻田线：崖口村稻田→向云端咖啡(25元)→崖口云吞(15元)→东堤海景路骑行→煲仔饭(30元)
  - 五桂山户外线：逍遥谷→旗溪村鸡煲→桂南村不荒樟咖啡(28元)

  [4] 金钟水库和树木园 — 中山人周末最爱去的城市绿肺
      综合得分: 0.8549  (向量:0.4049 + 关键词:0.0000 + 标签:0.4500)
      标签: ['东区', '交通出行', '南区', '攻略', '烧烤', '自然风光']
      来源: general/general\zhongshan_travel.md
      内容: 金钟水库在东区新安村，绕水库一圈大概12公里全程绿道，有专门的自行车道，可以租车骑行（约20块一小时），也有烧烤场。环境清幽湖水碧绿，节假日人多建议早上去。树木园在南区南外环路，和金钟水库不同，这里以植物科普为主，有竹园木兰园等专类园区，绿道平缓适合老人小孩。

  [5] 深中通道 — 2024年通车，彻底改变了中山的区位格局
      综合得分: 0.8517  (向量:0.4917 + 关键词:0.0600 + 标签:0.3000)
      标签: ['交通出行', '住宿', '南朗街道', '宵夜', '网红打卡', '翠亨新区', '自然风光', '购物']
      来源: general/general\zhongshan_travel.md
      内容: 这绝对是中山近年来最大的交通事件。深中通道2024年6月30日正式通车，全长24公里，是把桥、岛、隧、水下互通集合在一起的世界级超级工程。现在从深圳宝安机场到中山马鞍岛只要30分钟左右，从深圳南山到中山市区大概50分钟。双向8车道，限速100公里每小时。目前暂时免收通行费。
跨市公交也同步开通了。深中001路从深圳前海梦工场北区到中山博览中心，约50分钟票价18元；深中002路从深圳前海到中山国际酒店票价15元。运营时间大概是早上6点半到晚上9点，早晚高峰15分钟一班。微信小程序搜"深中跨市公交"可以查实时班次和买票。自驾的话导航设马鞍岛或者南朗出口，深中通道走到头走翠亨快线15分钟就到南朗了

  [6] 中山市博物馆 — 2022年新馆，设计感超强
      综合得分: 0.7994  (向量:0.4994 + 关键词:0.0000 + 标签:0.3000)
      标签: ['历史文化', '攻略', '石岐区', '网红打卡', '自然风光']
      来源: general/general\zhongshan_travel.md
      内容: 在石岐区孙文中路197号，2022年新馆开放后成了中山新的文化地标。里面有三个常设展览：中山历史陈列、中山华侨历史、中山非物质文化遗产。最受欢迎的是一比一还原的民国街道场景，拍照非常出片。免费但要提前在"文旅中山"公众号预约，开放时间9点到下午5点，周一闭馆。

================================================================================
[2026-05-31 14:49:13] 查询: 🚌 公交方案（推荐） 差评 刷评 避坑 贵 排队
耗时: 589.9 ms | 命中数: 2 | 阈值: 0.3
--------------------------------------------------------------------------------

  [1] 旅游避坑和实用建议
      综合得分: 0.7382  (向量:0.2882 + 关键词:0.1500 + 标签:0.3000)
      标签: ['东升镇', '乳鸽', '五桂山街道', '交通出行', '住宿', '南朗街道', '历史文化', '小榄镇', '攻略', '海鲜', '温泉', '神湾镇', '翠亨新区', '自然风光']
      来源: general/general\zhongshan_travel.md
      内容: 最佳旅行时间是每年10到12月的秋季和3到5月的春季，气温最舒适。夏天6到9月高温多雨还有台风，出行注意天气预报。冬天1到2月湿冷但游客少。3到4月是回南天特别潮湿衣服多带两件。
什么季节吃什么也有讲究：10到12月乳鸽最肥美，11月小榄菊花会品菊花宴，3到5月脆肉鲩最鲜，5到8月吃荔枝菌，10到11月吃神湾菠萝。
有几个景点必须提前预约别跑空——孙中山故居纪念馆要在公众号预约，中山市博物馆要在文旅中山公众号预约，翠亨国家湿地公园也要预约。三个都是周一闭馆。节假日人流量大建议提前2到3天约好。
防坑方面：景区周边的三轮车摩的不要坐价格虚高不安全，叫网约车最靠谱。部分餐厅会推荐高价海鲜点菜前一定

  [2] 周末遛弯（半天闲逛+随便吃点）
      综合得分: 0.5963  (向量:0.2663 + 关键词:0.0300 + 标签:0.3000)
      标签: ['五桂山街道', '交通出行', '南朗街道', '历史文化', '咖啡', '小吃', '攻略', '石岐区', '自然风光', '西区', '购物']
      来源: food/food\scene_guide.md
      内容: - 优先级：顺路 > 轻松 > 不排队
- 推荐类型：街边小吃、咖啡馆、面包店
- 人均预算：30-60元
- 搜关键词：咖啡、小吃、骑楼、老街、公园
- 中山最佳遛弯路线：
  - 石岐老城线：孙文西路→香山商业文化博物馆→白水井大街吃满足面/顺柚记→岐江公园→烟墩山看日落→兴中广场（全程步行）
  - 崖口稻田线：崖口村稻田→向云端咖啡(25元)→崖口云吞(15元)→东堤海景路骑行→煲仔饭(30元)
  - 五桂山户外线：逍遥谷→旗溪村鸡煲→桂南村不荒樟咖啡(28元)

================================================================================
[2026-05-31 14:49:13] 查询: ✅ 最优路线：013路（23分钟 | 2元） 差评 刷评 避坑 贵 排队
耗时: 619.2 ms | 命中数: 2 | 阈值: 0.3
--------------------------------------------------------------------------------

  [1] 避坑和实用贴士
      综合得分: 0.5990  (向量:0.2390 + 关键词:0.2100 + 标签:0.1500)
      标签: ['三乡镇', '东升镇', '乳鸽', '历史文化', '小吃', '小榄镇', '攻略', '早茶', '沙溪镇', '海鲜', '石岐区', '自然风光', '购物', '黄圃镇']
      来源: food/food\zhongshan_restaurants.md
      内容: 中山的早茶人均30到50块，基本是广州的三分之一价格，爱群食店6点开门建议8点前到免排队，周一和周四点心还打8折。乳鸽认准12到13天的妙龄鸽，石岐佬建议工作日11点前或17点前到，周末排队至少半小时。省钱吃法：早茶30到50一个人，乳鸽专门店60到80，海鲜大餐100到150。东升镇的脆肉鲩最正宗，沙溪镇的隆都菜最地道，石岐区的乳鸽最集中。三乡濑粉源于清嘉庆年间有200多年历史，上汤是灵魂要放烧鹅和叉烧。小榄菊花会每年11月下旬到12月举行，以菊入馔是中山独有文化。黄圃镇的腊味可以真空包装带回家，煲仔饭放几片腊肠满分。

  [2] 旅游避坑和实用建议
      综合得分: 0.5638  (向量:0.2638 + 关键词:0.1500 + 标签:0.1500)
      标签: ['东升镇', '乳鸽', '五桂山街道', '交通出行', '住宿', '南朗街道', '历史文化', '小榄镇', '攻略', '海鲜', '温泉', '神湾镇', '翠亨新区', '自然风光']
      来源: general/general\zhongshan_travel.md
      内容: 最佳旅行时间是每年10到12月的秋季和3到5月的春季，气温最舒适。夏天6到9月高温多雨还有台风，出行注意天气预报。冬天1到2月湿冷但游客少。3到4月是回南天特别潮湿衣服多带两件。
什么季节吃什么也有讲究：10到12月乳鸽最肥美，11月小榄菊花会品菊花宴，3到5月脆肉鲩最鲜，5到8月吃荔枝菌，10到11月吃神湾菠萝。
有几个景点必须提前预约别跑空——孙中山故居纪念馆要在公众号预约，中山市博物馆要在文旅中山公众号预约，翠亨国家湿地公园也要预约。三个都是周一闭馆。节假日人流量大建议提前2到3天约好。
防坑方面：景区周边的三轮车摩的不要坐价格虚高不安全，叫网约车最靠谱。部分餐厅会推荐高价海鲜点菜前一定

================================================================================
[2026-05-31 14:49:14] 查询: 步行275米 差评 刷评 避坑 贵 排队
耗时: 648.7 ms | 命中数: 2 | 阈值: 0.3
--------------------------------------------------------------------------------

  [1] 旅游避坑和实用建议
      综合得分: 0.5228  (向量:0.2228 + 关键词:0.1500 + 标签:0.1500)
      标签: ['东升镇', '乳鸽', '五桂山街道', '交通出行', '住宿', '南朗街道', '历史文化', '小榄镇', '攻略', '海鲜', '温泉', '神湾镇', '翠亨新区', '自然风光']
      来源: general/general\zhongshan_travel.md
      内容: 最佳旅行时间是每年10到12月的秋季和3到5月的春季，气温最舒适。夏天6到9月高温多雨还有台风，出行注意天气预报。冬天1到2月湿冷但游客少。3到4月是回南天特别潮湿衣服多带两件。
什么季节吃什么也有讲究：10到12月乳鸽最肥美，11月小榄菊花会品菊花宴，3到5月脆肉鲩最鲜，5到8月吃荔枝菌，10到11月吃神湾菠萝。
有几个景点必须提前预约别跑空——孙中山故居纪念馆要在公众号预约，中山市博物馆要在文旅中山公众号预约，翠亨国家湿地公园也要预约。三个都是周一闭馆。节假日人流量大建议提前2到3天约好。
防坑方面：景区周边的三轮车摩的不要坐价格虚高不安全，叫网约车最靠谱。部分餐厅会推荐高价海鲜点菜前一定

  [2] 避坑和实用贴士
      综合得分: 0.4874  (向量:0.1274 + 关键词:0.2100 + 标签:0.1500)
      标签: ['三乡镇', '东升镇', '乳鸽', '历史文化', '小吃', '小榄镇', '攻略', '早茶', '沙溪镇', '海鲜', '石岐区', '自然风光', '购物', '黄圃镇']
      来源: food/food\zhongshan_restaurants.md
      内容: 中山的早茶人均30到50块，基本是广州的三分之一价格，爱群食店6点开门建议8点前到免排队，周一和周四点心还打8折。乳鸽认准12到13天的妙龄鸽，石岐佬建议工作日11点前或17点前到，周末排队至少半小时。省钱吃法：早茶30到50一个人，乳鸽专门店60到80，海鲜大餐100到150。东升镇的脆肉鲩最正宗，沙溪镇的隆都菜最地道，石岐区的乳鸽最集中。三乡濑粉源于清嘉庆年间有200多年历史，上汤是灵魂要放烧鹅和叉烧。小榄菊花会每年11月下旬到12月举行，以菊入馔是中山独有文化。黄圃镇的腊味可以真空包装带回家，煲仔饭放几片腊肠满分。

================================================================================
[2026-05-31 14:49:49] 查询: 中山纪念图书馆到紫马岭公园 路线规划
耗时: 607.5 ms | 命中数: 6 | 阈值: 0.3
--------------------------------------------------------------------------------

  [1] 中山市博物馆 — 2022年新馆，设计感超强
      综合得分: 0.8027  (向量:0.5027 + 关键词:0.0000 + 标签:0.3000)
      标签: ['历史文化', '攻略', '石岐区', '网红打卡', '自然风光']
      来源: general/general\zhongshan_travel.md
      内容: 在石岐区孙文中路197号，2022年新馆开放后成了中山新的文化地标。里面有三个常设展览：中山历史陈列、中山华侨历史、中山非物质文化遗产。最受欢迎的是一比一还原的民国街道场景，拍照非常出片。免费但要提前在"文旅中山"公众号预约，开放时间9点到下午5点，周一闭馆。

  [2] 孙中山故里旅游区 — 5A景区，中山最核心的文化地标
      综合得分: 0.7443  (向量:0.4443 + 关键词:0.0000 + 标签:0.3000)
      标签: ['交通出行', '南朗街道', '历史文化', '攻略', '网红打卡', '自然风光']
      来源: general/general\zhongshan_travel.md
      内容: 这个景区在南朗街道翠亨村，翠亨大道93号，是中山唯一的5A级景区。整个旅游区包括孙中山故居纪念馆、中山影视城、辛亥革命纪念公园和犁头尖山几个部分。故居纪念馆是免费的，但要在孙中山故居纪念馆公众号上提前预约。影视城单独收费65块。开放时间是早上9点到下午5点半，周一闭馆（节假日正常开放），千万别周一跑来吃闭门羹。
孙中山故居本身是1892年孙中山亲自设计建造的二层砖木结构楼房，红墙绿瓦中西合璧的风格，里面展示了孙中山出生和成长的环境。门口那棵酸子树是孙中山1883年从檀香山带回来的树种，活到现在也是个奇迹。交通方面，坐广珠城轨到南朗站下车转公交就能到，自驾的话停车也方便。
中山影视城就在故居旁边

  [3] 周末遛弯（半天闲逛+随便吃点）
      综合得分: 0.7091  (向量:0.4091 + 关键词:0.0000 + 标签:0.3000)
      标签: ['五桂山街道', '交通出行', '南朗街道', '历史文化', '咖啡', '小吃', '攻略', '石岐区', '自然风光', '西区', '购物']
      来源: food/food\scene_guide.md
      内容: - 优先级：顺路 > 轻松 > 不排队
- 推荐类型：街边小吃、咖啡馆、面包店
- 人均预算：30-60元
- 搜关键词：咖啡、小吃、骑楼、老街、公园
- 中山最佳遛弯路线：
  - 石岐老城线：孙文西路→香山商业文化博物馆→白水井大街吃满足面/顺柚记→岐江公园→烟墩山看日落→兴中广场（全程步行）
  - 崖口稻田线：崖口村稻田→向云端咖啡(25元)→崖口云吞(15元)→东堤海景路骑行→煲仔饭(30元)
  - 五桂山户外线：逍遥谷→旗溪村鸡煲→桂南村不荒樟咖啡(28元)

  [4] 金钟水库和树木园 — 中山人周末最爱去的城市绿肺
      综合得分: 0.6992  (向量:0.3992 + 关键词:0.0000 + 标签:0.3000)
      标签: ['东区', '交通出行', '南区', '攻略', '烧烤', '自然风光']
      来源: general/general\zhongshan_travel.md
      内容: 金钟水库在东区新安村，绕水库一圈大概12公里全程绿道，有专门的自行车道，可以租车骑行（约20块一小时），也有烧烤场。环境清幽湖水碧绿，节假日人多建议早上去。树木园在南区南外环路，和金钟水库不同，这里以植物科普为主，有竹园木兰园等专类园区，绿道平缓适合老人小孩。

  [5] 带朋友吃遍中山（有好吃的要分享）
      综合得分: 0.6574  (向量:0.3574 + 关键词:0.0000 + 标签:0.3000)
      标签: ['三乡镇', '东升镇', '乳鸽', '小吃', '小榄镇', '攻略', '早茶', '海鲜', '石岐区', '自然风光']
      来源: food/food\scene_guide.md
      内容: - 优先级：体验感 > 特色 > 价格
- 推荐类型：中山地标美食全覆盖
- 人均预算：100-200元（一天）
- 必吃路线：早茶爱群食店→石岐佬乳鸽→崖口煲仔饭→三乡濑粉→小榄炸鱼球→东升脆肉鲩
- 搜索关键词：乳鸽、早茶、濑粉、脆肉鲩、炸鱼球、海鲜

  [6] 深中通道 — 2024年通车，彻底改变了中山的区位格局
      综合得分: 0.6341  (向量:0.4841 + 关键词:0.0000 + 标签:0.1500)
      标签: ['交通出行', '住宿', '南朗街道', '宵夜', '网红打卡', '翠亨新区', '自然风光', '购物']
      来源: general/general\zhongshan_travel.md
      内容: 这绝对是中山近年来最大的交通事件。深中通道2024年6月30日正式通车，全长24公里，是把桥、岛、隧、水下互通集合在一起的世界级超级工程。现在从深圳宝安机场到中山马鞍岛只要30分钟左右，从深圳南山到中山市区大概50分钟。双向8车道，限速100公里每小时。目前暂时免收通行费。
跨市公交也同步开通了。深中001路从深圳前海梦工场北区到中山博览中心，约50分钟票价18元；深中002路从深圳前海到中山国际酒店票价15元。运营时间大概是早上6点半到晚上9点，早晚高峰15分钟一班。微信小程序搜"深中跨市公交"可以查实时班次和买票。自驾的话导航设马鞍岛或者南朗出口，深中通道走到头走翠亨快线15分钟就到南朗了

================================================================================
[2026-05-31 14:51:14] 查询: 🚌 公交方案（推荐首选） 差评 刷评 避坑 贵 排队
耗时: 670.4 ms | 命中数: 2 | 阈值: 0.3
--------------------------------------------------------------------------------

  [1] 旅游避坑和实用建议
      综合得分: 0.7360  (向量:0.2860 + 关键词:0.1500 + 标签:0.3000)
      标签: ['东升镇', '乳鸽', '五桂山街道', '交通出行', '住宿', '南朗街道', '历史文化', '小榄镇', '攻略', '海鲜', '温泉', '神湾镇', '翠亨新区', '自然风光']
      来源: general/general\zhongshan_travel.md
      内容: 最佳旅行时间是每年10到12月的秋季和3到5月的春季，气温最舒适。夏天6到9月高温多雨还有台风，出行注意天气预报。冬天1到2月湿冷但游客少。3到4月是回南天特别潮湿衣服多带两件。
什么季节吃什么也有讲究：10到12月乳鸽最肥美，11月小榄菊花会品菊花宴，3到5月脆肉鲩最鲜，5到8月吃荔枝菌，10到11月吃神湾菠萝。
有几个景点必须提前预约别跑空——孙中山故居纪念馆要在公众号预约，中山市博物馆要在文旅中山公众号预约，翠亨国家湿地公园也要预约。三个都是周一闭馆。节假日人流量大建议提前2到3天约好。
防坑方面：景区周边的三轮车摩的不要坐价格虚高不安全，叫网约车最靠谱。部分餐厅会推荐高价海鲜点菜前一定

  [2] 周末遛弯（半天闲逛+随便吃点）
      综合得分: 0.6054  (向量:0.2754 + 关键词:0.0300 + 标签:0.3000)
      标签: ['五桂山街道', '交通出行', '南朗街道', '历史文化', '咖啡', '小吃', '攻略', '石岐区', '自然风光', '西区', '购物']
      来源: food/food\scene_guide.md
      内容: - 优先级：顺路 > 轻松 > 不排队
- 推荐类型：街边小吃、咖啡馆、面包店
- 人均预算：30-60元
- 搜关键词：咖啡、小吃、骑楼、老街、公园
- 中山最佳遛弯路线：
  - 石岐老城线：孙文西路→香山商业文化博物馆→白水井大街吃满足面/顺柚记→岐江公园→烟墩山看日落→兴中广场（全程步行）
  - 崖口稻田线：崖口村稻田→向云端咖啡(25元)→崖口云吞(15元)→东堤海景路骑行→煲仔饭(30元)
  - 五桂山户外线：逍遥谷→旗溪村鸡煲→桂南村不荒樟咖啡(28元)

================================================================================
[2026-05-31 14:51:14] 查询: B19路（最快） 差评 刷评 避坑 贵 排队
耗时: 531.4 ms | 命中数: 2 | 阈值: 0.3
--------------------------------------------------------------------------------

  [1] 避坑和实用贴士
      综合得分: 0.4668  (向量:0.1068 + 关键词:0.2100 + 标签:0.1500)
      标签: ['三乡镇', '东升镇', '乳鸽', '历史文化', '小吃', '小榄镇', '攻略', '早茶', '沙溪镇', '海鲜', '石岐区', '自然风光', '购物', '黄圃镇']
      来源: food/food\zhongshan_restaurants.md
      内容: 中山的早茶人均30到50块，基本是广州的三分之一价格，爱群食店6点开门建议8点前到免排队，周一和周四点心还打8折。乳鸽认准12到13天的妙龄鸽，石岐佬建议工作日11点前或17点前到，周末排队至少半小时。省钱吃法：早茶30到50一个人，乳鸽专门店60到80，海鲜大餐100到150。东升镇的脆肉鲩最正宗，沙溪镇的隆都菜最地道，石岐区的乳鸽最集中。三乡濑粉源于清嘉庆年间有200多年历史，上汤是灵魂要放烧鹅和叉烧。小榄菊花会每年11月下旬到12月举行，以菊入馔是中山独有文化。黄圃镇的腊味可以真空包装带回家，煲仔饭放几片腊肠满分。

  [2] 旅游避坑和实用建议
      综合得分: 0.4535  (向量:0.1535 + 关键词:0.1500 + 标签:0.1500)
      标签: ['东升镇', '乳鸽', '五桂山街道', '交通出行', '住宿', '南朗街道', '历史文化', '小榄镇', '攻略', '海鲜', '温泉', '神湾镇', '翠亨新区', '自然风光']
      来源: general/general\zhongshan_travel.md
      内容: 最佳旅行时间是每年10到12月的秋季和3到5月的春季，气温最舒适。夏天6到9月高温多雨还有台风，出行注意天气预报。冬天1到2月湿冷但游客少。3到4月是回南天特别潮湿衣服多带两件。
什么季节吃什么也有讲究：10到12月乳鸽最肥美，11月小榄菊花会品菊花宴，3到5月脆肉鲩最鲜，5到8月吃荔枝菌，10到11月吃神湾菠萝。
有几个景点必须提前预约别跑空——孙中山故居纪念馆要在公众号预约，中山市博物馆要在文旅中山公众号预约，翠亨国家湿地公园也要预约。三个都是周一闭馆。节假日人流量大建议提前2到3天约好。
防坑方面：景区周边的三轮车摩的不要坐价格虚高不安全，叫网约车最靠谱。部分餐厅会推荐高价海鲜点菜前一定

================================================================================
[2026-05-31 14:51:15] 查询: 路线 差评 刷评 避坑 贵 排队
耗时: 522.2 ms | 命中数: 2 | 阈值: 0.3
--------------------------------------------------------------------------------

  [1] 避坑和实用贴士
      综合得分: 0.5560  (向量:0.1960 + 关键词:0.2100 + 标签:0.1500)
      标签: ['三乡镇', '东升镇', '乳鸽', '历史文化', '小吃', '小榄镇', '攻略', '早茶', '沙溪镇', '海鲜', '石岐区', '自然风光', '购物', '黄圃镇']
      来源: food/food\zhongshan_restaurants.md
      内容: 中山的早茶人均30到50块，基本是广州的三分之一价格，爱群食店6点开门建议8点前到免排队，周一和周四点心还打8折。乳鸽认准12到13天的妙龄鸽，石岐佬建议工作日11点前或17点前到，周末排队至少半小时。省钱吃法：早茶30到50一个人，乳鸽专门店60到80，海鲜大餐100到150。东升镇的脆肉鲩最正宗，沙溪镇的隆都菜最地道，石岐区的乳鸽最集中。三乡濑粉源于清嘉庆年间有200多年历史，上汤是灵魂要放烧鹅和叉烧。小榄菊花会每年11月下旬到12月举行，以菊入馔是中山独有文化。黄圃镇的腊味可以真空包装带回家，煲仔饭放几片腊肠满分。

  [2] 旅游避坑和实用建议
      综合得分: 0.5548  (向量:0.2548 + 关键词:0.1500 + 标签:0.1500)
      标签: ['东升镇', '乳鸽', '五桂山街道', '交通出行', '住宿', '南朗街道', '历史文化', '小榄镇', '攻略', '海鲜', '温泉', '神湾镇', '翠亨新区', '自然风光']
      来源: general/general\zhongshan_travel.md
      内容: 最佳旅行时间是每年10到12月的秋季和3到5月的春季，气温最舒适。夏天6到9月高温多雨还有台风，出行注意天气预报。冬天1到2月湿冷但游客少。3到4月是回南天特别潮湿衣服多带两件。
什么季节吃什么也有讲究：10到12月乳鸽最肥美，11月小榄菊花会品菊花宴，3到5月脆肉鲩最鲜，5到8月吃荔枝菌，10到11月吃神湾菠萝。
有几个景点必须提前预约别跑空——孙中山故居纪念馆要在公众号预约，中山市博物馆要在文旅中山公众号预约，翠亨国家湿地公园也要预约。三个都是周一闭馆。节假日人流量大建议提前2到3天约好。
防坑方面：景区周边的三轮车摩的不要坐价格虚高不安全，叫网约车最靠谱。部分餐厅会推荐高价海鲜点菜前一定

================================================================================
[2026-05-31 14:52:07] 查询: 中山纪念图书馆到紫马岭公园 路线规划 公交 打车 步行
耗时: 663.8 ms | 命中数: 6 | 阈值: 0.3
--------------------------------------------------------------------------------

  [1] 孙中山故里旅游区 — 5A景区，中山最核心的文化地标
      综合得分: 0.9295  (向量:0.4495 + 关键词:0.0300 + 标签:0.4500)
      标签: ['交通出行', '南朗街道', '历史文化', '攻略', '网红打卡', '自然风光']
      来源: general/general\zhongshan_travel.md
      内容: 这个景区在南朗街道翠亨村，翠亨大道93号，是中山唯一的5A级景区。整个旅游区包括孙中山故居纪念馆、中山影视城、辛亥革命纪念公园和犁头尖山几个部分。故居纪念馆是免费的，但要在孙中山故居纪念馆公众号上提前预约。影视城单独收费65块。开放时间是早上9点到下午5点半，周一闭馆（节假日正常开放），千万别周一跑来吃闭门羹。
孙中山故居本身是1892年孙中山亲自设计建造的二层砖木结构楼房，红墙绿瓦中西合璧的风格，里面展示了孙中山出生和成长的环境。门口那棵酸子树是孙中山1883年从檀香山带回来的树种，活到现在也是个奇迹。交通方面，坐广珠城轨到南朗站下车转公交就能到，自驾的话停车也方便。
中山影视城就在故居旁边

  [2] 中山市区交通和广珠城轨
      综合得分: 0.9263  (向量:0.4763 + 关键词:0.1500 + 标签:0.3000)
      标签: ['交通出行', '南朗街道', '古镇镇', '小榄镇', '火炬开发区', '石岐区', '自然风光', '西区']
      来源: general/general\zhongshan_travel.md
      内容: 中山市区景点集中在石岐老城区，范围不大，走路加共享单车加公交组合最划算。公交起步2块支持微信支付宝乘车码，BRT快速公交覆盖主要干道。网约车起步约8到10块市区内打车一般20到40。骑共享单车逛老城区很舒服，孙文西路岐江公园一带全程步行就行。
广珠城轨有五个站要看清楚——中山站（火炬开发区和东区交界停靠车次多）、中山北站（石岐区离老城区最近）、小榄站（西北部去古镇灯都）、南朗站（去孙中山故里和崖口村最近）、古镇站（灯都）。广州南站到中山站约30分钟票价40块，珠海站到中山站约25到30分钟票价35块。自驾的话广州过来走广珠西线高速约90分钟，珠海澳门过来经广澳高速约40分钟。

  [3] 周末遛弯（半天闲逛+随便吃点）
      综合得分: 0.9095  (向量:0.4295 + 关键词:0.0300 + 标签:0.4500)
      标签: ['五桂山街道', '交通出行', '南朗街道', '历史文化', '咖啡', '小吃', '攻略', '石岐区', '自然风光', '西区', '购物']
      来源: food/food\scene_guide.md
      内容: - 优先级：顺路 > 轻松 > 不排队
- 推荐类型：街边小吃、咖啡馆、面包店
- 人均预算：30-60元
- 搜关键词：咖啡、小吃、骑楼、老街、公园
- 中山最佳遛弯路线：
  - 石岐老城线：孙文西路→香山商业文化博物馆→白水井大街吃满足面/顺柚记→岐江公园→烟墩山看日落→兴中广场（全程步行）
  - 崖口稻田线：崖口村稻田→向云端咖啡(25元)→崖口云吞(15元)→东堤海景路骑行→煲仔饭(30元)
  - 五桂山户外线：逍遥谷→旗溪村鸡煲→桂南村不荒樟咖啡(28元)

  [4] 金钟水库和树木园 — 中山人周末最爱去的城市绿肺
      综合得分: 0.8549  (向量:0.4049 + 关键词:0.0000 + 标签:0.4500)
      标签: ['东区', '交通出行', '南区', '攻略', '烧烤', '自然风光']
      来源: general/general\zhongshan_travel.md
      内容: 金钟水库在东区新安村，绕水库一圈大概12公里全程绿道，有专门的自行车道，可以租车骑行（约20块一小时），也有烧烤场。环境清幽湖水碧绿，节假日人多建议早上去。树木园在南区南外环路，和金钟水库不同，这里以植物科普为主，有竹园木兰园等专类园区，绿道平缓适合老人小孩。

  [5] 深中通道 — 2024年通车，彻底改变了中山的区位格局
      综合得分: 0.8517  (向量:0.4917 + 关键词:0.0600 + 标签:0.3000)
      标签: ['交通出行', '住宿', '南朗街道', '宵夜', '网红打卡', '翠亨新区', '自然风光', '购物']
      来源: general/general\zhongshan_travel.md
      内容: 这绝对是中山近年来最大的交通事件。深中通道2024年6月30日正式通车，全长24公里，是把桥、岛、隧、水下互通集合在一起的世界级超级工程。现在从深圳宝安机场到中山马鞍岛只要30分钟左右，从深圳南山到中山市区大概50分钟。双向8车道，限速100公里每小时。目前暂时免收通行费。
跨市公交也同步开通了。深中001路从深圳前海梦工场北区到中山博览中心，约50分钟票价18元；深中002路从深圳前海到中山国际酒店票价15元。运营时间大概是早上6点半到晚上9点，早晚高峰15分钟一班。微信小程序搜"深中跨市公交"可以查实时班次和买票。自驾的话导航设马鞍岛或者南朗出口，深中通道走到头走翠亨快线15分钟就到南朗了

  [6] 中山市博物馆 — 2022年新馆，设计感超强
      综合得分: 0.7994  (向量:0.4994 + 关键词:0.0000 + 标签:0.3000)
      标签: ['历史文化', '攻略', '石岐区', '网红打卡', '自然风光']
      来源: general/general\zhongshan_travel.md
      内容: 在石岐区孙文中路197号，2022年新馆开放后成了中山新的文化地标。里面有三个常设展览：中山历史陈列、中山华侨历史、中山非物质文化遗产。最受欢迎的是一比一还原的民国街道场景，拍照非常出片。免费但要提前在"文旅中山"公众号预约，开放时间9点到下午5点，周一闭馆。

================================================================================
[2026-05-31 15:07:38] 查询: 🚌 公交方案（推荐） 差评 刷评 避坑 贵 排队
耗时: 717.1 ms | 命中数: 2 | 阈值: 0.3
--------------------------------------------------------------------------------

  [1] 旅游避坑和实用建议
      综合得分: 0.7382  (向量:0.2882 + 关键词:0.1500 + 标签:0.3000)
      标签: ['东升镇', '乳鸽', '五桂山街道', '交通出行', '住宿', '南朗街道', '历史文化', '小榄镇', '攻略', '海鲜', '温泉', '神湾镇', '翠亨新区', '自然风光']
      来源: general/general\zhongshan_travel.md
      内容: 最佳旅行时间是每年10到12月的秋季和3到5月的春季，气温最舒适。夏天6到9月高温多雨还有台风，出行注意天气预报。冬天1到2月湿冷但游客少。3到4月是回南天特别潮湿衣服多带两件。
什么季节吃什么也有讲究：10到12月乳鸽最肥美，11月小榄菊花会品菊花宴，3到5月脆肉鲩最鲜，5到8月吃荔枝菌，10到11月吃神湾菠萝。
有几个景点必须提前预约别跑空——孙中山故居纪念馆要在公众号预约，中山市博物馆要在文旅中山公众号预约，翠亨国家湿地公园也要预约。三个都是周一闭馆。节假日人流量大建议提前2到3天约好。
防坑方面：景区周边的三轮车摩的不要坐价格虚高不安全，叫网约车最靠谱。部分餐厅会推荐高价海鲜点菜前一定

  [2] 周末遛弯（半天闲逛+随便吃点）
      综合得分: 0.5963  (向量:0.2663 + 关键词:0.0300 + 标签:0.3000)
      标签: ['五桂山街道', '交通出行', '南朗街道', '历史文化', '咖啡', '小吃', '攻略', '石岐区', '自然风光', '西区', '购物']
      来源: food/food\scene_guide.md
      内容: - 优先级：顺路 > 轻松 > 不排队
- 推荐类型：街边小吃、咖啡馆、面包店
- 人均预算：30-60元
- 搜关键词：咖啡、小吃、骑楼、老街、公园
- 中山最佳遛弯路线：
  - 石岐老城线：孙文西路→香山商业文化博物馆→白水井大街吃满足面/顺柚记→岐江公园→烟墩山看日落→兴中广场（全程步行）
  - 崖口稻田线：崖口村稻田→向云端咖啡(25元)→崖口云吞(15元)→东堤海景路骑行→煲仔饭(30元)
  - 五桂山户外线：逍遥谷→旗溪村鸡煲→桂南村不荒樟咖啡(28元)

================================================================================
[2026-05-31 15:07:38] 查询: 路线 差评 刷评 避坑 贵 排队
耗时: 482.5 ms | 命中数: 2 | 阈值: 0.3
--------------------------------------------------------------------------------

  [1] 避坑和实用贴士
      综合得分: 0.5560  (向量:0.1960 + 关键词:0.2100 + 标签:0.1500)
      标签: ['三乡镇', '东升镇', '乳鸽', '历史文化', '小吃', '小榄镇', '攻略', '早茶', '沙溪镇', '海鲜', '石岐区', '自然风光', '购物', '黄圃镇']
      来源: food/food\zhongshan_restaurants.md
      内容: 中山的早茶人均30到50块，基本是广州的三分之一价格，爱群食店6点开门建议8点前到免排队，周一和周四点心还打8折。乳鸽认准12到13天的妙龄鸽，石岐佬建议工作日11点前或17点前到，周末排队至少半小时。省钱吃法：早茶30到50一个人，乳鸽专门店60到80，海鲜大餐100到150。东升镇的脆肉鲩最正宗，沙溪镇的隆都菜最地道，石岐区的乳鸽最集中。三乡濑粉源于清嘉庆年间有200多年历史，上汤是灵魂要放烧鹅和叉烧。小榄菊花会每年11月下旬到12月举行，以菊入馔是中山独有文化。黄圃镇的腊味可以真空包装带回家，煲仔饭放几片腊肠满分。

  [2] 旅游避坑和实用建议
      综合得分: 0.5548  (向量:0.2548 + 关键词:0.1500 + 标签:0.1500)
      标签: ['东升镇', '乳鸽', '五桂山街道', '交通出行', '住宿', '南朗街道', '历史文化', '小榄镇', '攻略', '海鲜', '温泉', '神湾镇', '翠亨新区', '自然风光']
      来源: general/general\zhongshan_travel.md
      内容: 最佳旅行时间是每年10到12月的秋季和3到5月的春季，气温最舒适。夏天6到9月高温多雨还有台风，出行注意天气预报。冬天1到2月湿冷但游客少。3到4月是回南天特别潮湿衣服多带两件。
什么季节吃什么也有讲究：10到12月乳鸽最肥美，11月小榄菊花会品菊花宴，3到5月脆肉鲩最鲜，5到8月吃荔枝菌，10到11月吃神湾菠萝。
有几个景点必须提前预约别跑空——孙中山故居纪念馆要在公众号预约，中山市博物馆要在文旅中山公众号预约，翠亨国家湿地公园也要预约。三个都是周一闭馆。节假日人流量大建议提前2到3天约好。
防坑方面：景区周边的三轮车摩的不要坐价格虚高不安全，叫网约车最靠谱。部分餐厅会推荐高价海鲜点菜前一定

================================================================================
[2026-05-31 15:07:39] 查询: 全程 差评 刷评 避坑 贵 排队
耗时: 550.1 ms | 命中数: 2 | 阈值: 0.3
--------------------------------------------------------------------------------

  [1] 避坑和实用贴士
      综合得分: 0.4411  (向量:0.0811 + 关键词:0.2100 + 标签:0.1500)
      标签: ['三乡镇', '东升镇', '乳鸽', '历史文化', '小吃', '小榄镇', '攻略', '早茶', '沙溪镇', '海鲜', '石岐区', '自然风光', '购物', '黄圃镇']
      来源: food/food\zhongshan_restaurants.md
      内容: 中山的早茶人均30到50块，基本是广州的三分之一价格，爱群食店6点开门建议8点前到免排队，周一和周四点心还打8折。乳鸽认准12到13天的妙龄鸽，石岐佬建议工作日11点前或17点前到，周末排队至少半小时。省钱吃法：早茶30到50一个人，乳鸽专门店60到80，海鲜大餐100到150。东升镇的脆肉鲩最正宗，沙溪镇的隆都菜最地道，石岐区的乳鸽最集中。三乡濑粉源于清嘉庆年间有200多年历史，上汤是灵魂要放烧鹅和叉烧。小榄菊花会每年11月下旬到12月举行，以菊入馔是中山独有文化。黄圃镇的腊味可以真空包装带回家，煲仔饭放几片腊肠满分。

  [2] 旅游避坑和实用建议
      综合得分: 0.4357  (向量:0.1357 + 关键词:0.1500 + 标签:0.1500)
      标签: ['东升镇', '乳鸽', '五桂山街道', '交通出行', '住宿', '南朗街道', '历史文化', '小榄镇', '攻略', '海鲜', '温泉', '神湾镇', '翠亨新区', '自然风光']
      来源: general/general\zhongshan_travel.md
      内容: 最佳旅行时间是每年10到12月的秋季和3到5月的春季，气温最舒适。夏天6到9月高温多雨还有台风，出行注意天气预报。冬天1到2月湿冷但游客少。3到4月是回南天特别潮湿衣服多带两件。
什么季节吃什么也有讲究：10到12月乳鸽最肥美，11月小榄菊花会品菊花宴，3到5月脆肉鲩最鲜，5到8月吃荔枝菌，10到11月吃神湾菠萝。
有几个景点必须提前预约别跑空——孙中山故居纪念馆要在公众号预约，中山市博物馆要在文旅中山公众号预约，翠亨国家湿地公园也要预约。三个都是周一闭馆。节假日人流量大建议提前2到3天约好。
防坑方面：景区周边的三轮车摩的不要坐价格虚高不安全，叫网约车最靠谱。部分餐厅会推荐高价海鲜点菜前一定

================================================================================
[2026-05-31 15:28:12] 查询: 015路直达方案 差评 刷评 避坑 贵 排队
耗时: 1858.2 ms | 命中数: 2 | 阈值: 0.3
--------------------------------------------------------------------------------

  [1] 避坑和实用贴士
      综合得分: 0.5002  (向量:0.1402 + 关键词:0.2100 + 标签:0.1500)
      标签: ['三乡镇', '东升镇', '乳鸽', '历史文化', '小吃', '小榄镇', '攻略', '早茶', '沙溪镇', '海鲜', '石岐区', '自然风光', '购物', '黄圃镇']
      来源: food/food\zhongshan_restaurants.md
      内容: 中山的早茶人均30到50块，基本是广州的三分之一价格，爱群食店6点开门建议8点前到免排队，周一和周四点心还打8折。乳鸽认准12到13天的妙龄鸽，石岐佬建议工作日11点前或17点前到，周末排队至少半小时。省钱吃法：早茶30到50一个人，乳鸽专门店60到80，海鲜大餐100到150。东升镇的脆肉鲩最正宗，沙溪镇的隆都菜最地道，石岐区的乳鸽最集中。三乡濑粉源于清嘉庆年间有200多年历史，上汤是灵魂要放烧鹅和叉烧。小榄菊花会每年11月下旬到12月举行，以菊入馔是中山独有文化。黄圃镇的腊味可以真空包装带回家，煲仔饭放几片腊肠满分。

  [2] 旅游避坑和实用建议
      综合得分: 0.4631  (向量:0.1631 + 关键词:0.1500 + 标签:0.1500)
      标签: ['东升镇', '乳鸽', '五桂山街道', '交通出行', '住宿', '南朗街道', '历史文化', '小榄镇', '攻略', '海鲜', '温泉', '神湾镇', '翠亨新区', '自然风光']
      来源: general/general\zhongshan_travel.md
      内容: 最佳旅行时间是每年10到12月的秋季和3到5月的春季，气温最舒适。夏天6到9月高温多雨还有台风，出行注意天气预报。冬天1到2月湿冷但游客少。3到4月是回南天特别潮湿衣服多带两件。
什么季节吃什么也有讲究：10到12月乳鸽最肥美，11月小榄菊花会品菊花宴，3到5月脆肉鲩最鲜，5到8月吃荔枝菌，10到11月吃神湾菠萝。
有几个景点必须提前预约别跑空——孙中山故居纪念馆要在公众号预约，中山市博物馆要在文旅中山公众号预约，翠亨国家湿地公园也要预约。三个都是周一闭馆。节假日人流量大建议提前2到3天约好。
防坑方面：景区周边的三轮车摩的不要坐价格虚高不安全，叫网约车最靠谱。部分餐厅会推荐高价海鲜点菜前一定

================================================================================
[2026-05-31 15:28:13] 查询: 路线 差评 刷评 避坑 贵 排队
耗时: 889.7 ms | 命中数: 2 | 阈值: 0.3
--------------------------------------------------------------------------------

  [1] 避坑和实用贴士
      综合得分: 0.5560  (向量:0.1960 + 关键词:0.2100 + 标签:0.1500)
      标签: ['三乡镇', '东升镇', '乳鸽', '历史文化', '小吃', '小榄镇', '攻略', '早茶', '沙溪镇', '海鲜', '石岐区', '自然风光', '购物', '黄圃镇']
      来源: food/food\zhongshan_restaurants.md
      内容: 中山的早茶人均30到50块，基本是广州的三分之一价格，爱群食店6点开门建议8点前到免排队，周一和周四点心还打8折。乳鸽认准12到13天的妙龄鸽，石岐佬建议工作日11点前或17点前到，周末排队至少半小时。省钱吃法：早茶30到50一个人，乳鸽专门店60到80，海鲜大餐100到150。东升镇的脆肉鲩最正宗，沙溪镇的隆都菜最地道，石岐区的乳鸽最集中。三乡濑粉源于清嘉庆年间有200多年历史，上汤是灵魂要放烧鹅和叉烧。小榄菊花会每年11月下旬到12月举行，以菊入馔是中山独有文化。黄圃镇的腊味可以真空包装带回家，煲仔饭放几片腊肠满分。

  [2] 旅游避坑和实用建议
      综合得分: 0.5548  (向量:0.2548 + 关键词:0.1500 + 标签:0.1500)
      标签: ['东升镇', '乳鸽', '五桂山街道', '交通出行', '住宿', '南朗街道', '历史文化', '小榄镇', '攻略', '海鲜', '温泉', '神湾镇', '翠亨新区', '自然风光']
      来源: general/general\zhongshan_travel.md
      内容: 最佳旅行时间是每年10到12月的秋季和3到5月的春季，气温最舒适。夏天6到9月高温多雨还有台风，出行注意天气预报。冬天1到2月湿冷但游客少。3到4月是回南天特别潮湿衣服多带两件。
什么季节吃什么也有讲究：10到12月乳鸽最肥美，11月小榄菊花会品菊花宴，3到5月脆肉鲩最鲜，5到8月吃荔枝菌，10到11月吃神湾菠萝。
有几个景点必须提前预约别跑空——孙中山故居纪念馆要在公众号预约，中山市博物馆要在文旅中山公众号预约，翠亨国家湿地公园也要预约。三个都是周一闭馆。节假日人流量大建议提前2到3天约好。
防坑方面：景区周边的三轮车摩的不要坐价格虚高不安全，叫网约车最靠谱。部分餐厅会推荐高价海鲜点菜前一定

================================================================================
[2026-05-31 15:28:14] 查询: 耗时 差评 刷评 避坑 贵 排队
耗时: 925.0 ms | 命中数: 2 | 阈值: 0.3
--------------------------------------------------------------------------------

  [1] 避坑和实用贴士
      综合得分: 0.4930  (向量:0.1330 + 关键词:0.2100 + 标签:0.1500)
      标签: ['三乡镇', '东升镇', '乳鸽', '历史文化', '小吃', '小榄镇', '攻略', '早茶', '沙溪镇', '海鲜', '石岐区', '自然风光', '购物', '黄圃镇']
      来源: food/food\zhongshan_restaurants.md
      内容: 中山的早茶人均30到50块，基本是广州的三分之一价格，爱群食店6点开门建议8点前到免排队，周一和周四点心还打8折。乳鸽认准12到13天的妙龄鸽，石岐佬建议工作日11点前或17点前到，周末排队至少半小时。省钱吃法：早茶30到50一个人，乳鸽专门店60到80，海鲜大餐100到150。东升镇的脆肉鲩最正宗，沙溪镇的隆都菜最地道，石岐区的乳鸽最集中。三乡濑粉源于清嘉庆年间有200多年历史，上汤是灵魂要放烧鹅和叉烧。小榄菊花会每年11月下旬到12月举行，以菊入馔是中山独有文化。黄圃镇的腊味可以真空包装带回家，煲仔饭放几片腊肠满分。

  [2] 旅游避坑和实用建议
      综合得分: 0.4180  (向量:0.1180 + 关键词:0.1500 + 标签:0.1500)
      标签: ['东升镇', '乳鸽', '五桂山街道', '交通出行', '住宿', '南朗街道', '历史文化', '小榄镇', '攻略', '海鲜', '温泉', '神湾镇', '翠亨新区', '自然风光']
      来源: general/general\zhongshan_travel.md
      内容: 最佳旅行时间是每年10到12月的秋季和3到5月的春季，气温最舒适。夏天6到9月高温多雨还有台风，出行注意天气预报。冬天1到2月湿冷但游客少。3到4月是回南天特别潮湿衣服多带两件。
什么季节吃什么也有讲究：10到12月乳鸽最肥美，11月小榄菊花会品菊花宴，3到5月脆肉鲩最鲜，5到8月吃荔枝菌，10到11月吃神湾菠萝。
有几个景点必须提前预约别跑空——孙中山故居纪念馆要在公众号预约，中山市博物馆要在文旅中山公众号预约，翠亨国家湿地公园也要预约。三个都是周一闭馆。节假日人流量大建议提前2到3天约好。
防坑方面：景区周边的三轮车摩的不要坐价格虚高不安全，叫网约车最靠谱。部分餐厅会推荐高价海鲜点菜前一定

================================================================================
[2026-05-31 15:35:48] 查询: 中山纪念图书馆到紫马岭公园 路线规划
耗时: 506.7 ms | 命中数: 6 | 阈值: 0.3
--------------------------------------------------------------------------------

  [1] 中山市博物馆 — 2022年新馆，设计感超强
      综合得分: 0.8027  (向量:0.5027 + 关键词:0.0000 + 标签:0.3000)
      标签: ['历史文化', '攻略', '石岐区', '网红打卡', '自然风光']
      来源: general/general\zhongshan_travel.md
      内容: 在石岐区孙文中路197号，2022年新馆开放后成了中山新的文化地标。里面有三个常设展览：中山历史陈列、中山华侨历史、中山非物质文化遗产。最受欢迎的是一比一还原的民国街道场景，拍照非常出片。免费但要提前在"文旅中山"公众号预约，开放时间9点到下午5点，周一闭馆。

  [2] 孙中山故里旅游区 — 5A景区，中山最核心的文化地标
      综合得分: 0.7443  (向量:0.4443 + 关键词:0.0000 + 标签:0.3000)
      标签: ['交通出行', '南朗街道', '历史文化', '攻略', '网红打卡', '自然风光']
      来源: general/general\zhongshan_travel.md
      内容: 这个景区在南朗街道翠亨村，翠亨大道93号，是中山唯一的5A级景区。整个旅游区包括孙中山故居纪念馆、中山影视城、辛亥革命纪念公园和犁头尖山几个部分。故居纪念馆是免费的，但要在孙中山故居纪念馆公众号上提前预约。影视城单独收费65块。开放时间是早上9点到下午5点半，周一闭馆（节假日正常开放），千万别周一跑来吃闭门羹。
孙中山故居本身是1892年孙中山亲自设计建造的二层砖木结构楼房，红墙绿瓦中西合璧的风格，里面展示了孙中山出生和成长的环境。门口那棵酸子树是孙中山1883年从檀香山带回来的树种，活到现在也是个奇迹。交通方面，坐广珠城轨到南朗站下车转公交就能到，自驾的话停车也方便。
中山影视城就在故居旁边

  [3] 周末遛弯（半天闲逛+随便吃点）
      综合得分: 0.7091  (向量:0.4091 + 关键词:0.0000 + 标签:0.3000)
      标签: ['五桂山街道', '交通出行', '南朗街道', '历史文化', '咖啡', '小吃', '攻略', '石岐区', '自然风光', '西区', '购物']
      来源: food/food\scene_guide.md
      内容: - 优先级：顺路 > 轻松 > 不排队
- 推荐类型：街边小吃、咖啡馆、面包店
- 人均预算：30-60元
- 搜关键词：咖啡、小吃、骑楼、老街、公园
- 中山最佳遛弯路线：
  - 石岐老城线：孙文西路→香山商业文化博物馆→白水井大街吃满足面/顺柚记→岐江公园→烟墩山看日落→兴中广场（全程步行）
  - 崖口稻田线：崖口村稻田→向云端咖啡(25元)→崖口云吞(15元)→东堤海景路骑行→煲仔饭(30元)
  - 五桂山户外线：逍遥谷→旗溪村鸡煲→桂南村不荒樟咖啡(28元)

  [4] 金钟水库和树木园 — 中山人周末最爱去的城市绿肺
      综合得分: 0.6992  (向量:0.3992 + 关键词:0.0000 + 标签:0.3000)
      标签: ['东区', '交通出行', '南区', '攻略', '烧烤', '自然风光']
      来源: general/general\zhongshan_travel.md
      内容: 金钟水库在东区新安村，绕水库一圈大概12公里全程绿道，有专门的自行车道，可以租车骑行（约20块一小时），也有烧烤场。环境清幽湖水碧绿，节假日人多建议早上去。树木园在南区南外环路，和金钟水库不同，这里以植物科普为主，有竹园木兰园等专类园区，绿道平缓适合老人小孩。

  [5] 带朋友吃遍中山（有好吃的要分享）
      综合得分: 0.6574  (向量:0.3574 + 关键词:0.0000 + 标签:0.3000)
      标签: ['三乡镇', '东升镇', '乳鸽', '小吃', '小榄镇', '攻略', '早茶', '海鲜', '石岐区', '自然风光']
      来源: food/food\scene_guide.md
      内容: - 优先级：体验感 > 特色 > 价格
- 推荐类型：中山地标美食全覆盖
- 人均预算：100-200元（一天）
- 必吃路线：早茶爱群食店→石岐佬乳鸽→崖口煲仔饭→三乡濑粉→小榄炸鱼球→东升脆肉鲩
- 搜索关键词：乳鸽、早茶、濑粉、脆肉鲩、炸鱼球、海鲜

  [6] 深中通道 — 2024年通车，彻底改变了中山的区位格局
      综合得分: 0.6341  (向量:0.4841 + 关键词:0.0000 + 标签:0.1500)
      标签: ['交通出行', '住宿', '南朗街道', '宵夜', '网红打卡', '翠亨新区', '自然风光', '购物']
      来源: general/general\zhongshan_travel.md
      内容: 这绝对是中山近年来最大的交通事件。深中通道2024年6月30日正式通车，全长24公里，是把桥、岛、隧、水下互通集合在一起的世界级超级工程。现在从深圳宝安机场到中山马鞍岛只要30分钟左右，从深圳南山到中山市区大概50分钟。双向8车道，限速100公里每小时。目前暂时免收通行费。
跨市公交也同步开通了。深中001路从深圳前海梦工场北区到中山博览中心，约50分钟票价18元；深中002路从深圳前海到中山国际酒店票价15元。运营时间大概是早上6点半到晚上9点，早晚高峰15分钟一班。微信小程序搜"深中跨市公交"可以查实时班次和买票。自驾的话导航设马鞍岛或者南朗出口，深中通道走到头走翠亨快线15分钟就到南朗了

================================================================================
[2026-05-31 15:36:43] 查询: 路线 差评 刷评 避坑 贵 排队
耗时: 900.2 ms | 命中数: 2 | 阈值: 0.3
--------------------------------------------------------------------------------

  [1] 避坑和实用贴士
      综合得分: 0.5560  (向量:0.1960 + 关键词:0.2100 + 标签:0.1500)
      标签: ['三乡镇', '东升镇', '乳鸽', '历史文化', '小吃', '小榄镇', '攻略', '早茶', '沙溪镇', '海鲜', '石岐区', '自然风光', '购物', '黄圃镇']
      来源: food/food\zhongshan_restaurants.md
      内容: 中山的早茶人均30到50块，基本是广州的三分之一价格，爱群食店6点开门建议8点前到免排队，周一和周四点心还打8折。乳鸽认准12到13天的妙龄鸽，石岐佬建议工作日11点前或17点前到，周末排队至少半小时。省钱吃法：早茶30到50一个人，乳鸽专门店60到80，海鲜大餐100到150。东升镇的脆肉鲩最正宗，沙溪镇的隆都菜最地道，石岐区的乳鸽最集中。三乡濑粉源于清嘉庆年间有200多年历史，上汤是灵魂要放烧鹅和叉烧。小榄菊花会每年11月下旬到12月举行，以菊入馔是中山独有文化。黄圃镇的腊味可以真空包装带回家，煲仔饭放几片腊肠满分。

  [2] 旅游避坑和实用建议
      综合得分: 0.5548  (向量:0.2548 + 关键词:0.1500 + 标签:0.1500)
      标签: ['东升镇', '乳鸽', '五桂山街道', '交通出行', '住宿', '南朗街道', '历史文化', '小榄镇', '攻略', '海鲜', '温泉', '神湾镇', '翠亨新区', '自然风光']
      来源: general/general\zhongshan_travel.md
      内容: 最佳旅行时间是每年10到12月的秋季和3到5月的春季，气温最舒适。夏天6到9月高温多雨还有台风，出行注意天气预报。冬天1到2月湿冷但游客少。3到4月是回南天特别潮湿衣服多带两件。
什么季节吃什么也有讲究：10到12月乳鸽最肥美，11月小榄菊花会品菊花宴，3到5月脆肉鲩最鲜，5到8月吃荔枝菌，10到11月吃神湾菠萝。
有几个景点必须提前预约别跑空——孙中山故居纪念馆要在公众号预约，中山市博物馆要在文旅中山公众号预约，翠亨国家湿地公园也要预约。三个都是周一闭馆。节假日人流量大建议提前2到3天约好。
防坑方面：景区周边的三轮车摩的不要坐价格虚高不安全，叫网约车最靠谱。部分餐厅会推荐高价海鲜点菜前一定

================================================================================
[2026-05-31 15:36:43] 查询: 耗时 差评 刷评 避坑 贵 排队
耗时: 653.4 ms | 命中数: 2 | 阈值: 0.3
--------------------------------------------------------------------------------

  [1] 避坑和实用贴士
      综合得分: 0.4930  (向量:0.1330 + 关键词:0.2100 + 标签:0.1500)
      标签: ['三乡镇', '东升镇', '乳鸽', '历史文化', '小吃', '小榄镇', '攻略', '早茶', '沙溪镇', '海鲜', '石岐区', '自然风光', '购物', '黄圃镇']
      来源: food/food\zhongshan_restaurants.md
      内容: 中山的早茶人均30到50块，基本是广州的三分之一价格，爱群食店6点开门建议8点前到免排队，周一和周四点心还打8折。乳鸽认准12到13天的妙龄鸽，石岐佬建议工作日11点前或17点前到，周末排队至少半小时。省钱吃法：早茶30到50一个人，乳鸽专门店60到80，海鲜大餐100到150。东升镇的脆肉鲩最正宗，沙溪镇的隆都菜最地道，石岐区的乳鸽最集中。三乡濑粉源于清嘉庆年间有200多年历史，上汤是灵魂要放烧鹅和叉烧。小榄菊花会每年11月下旬到12月举行，以菊入馔是中山独有文化。黄圃镇的腊味可以真空包装带回家，煲仔饭放几片腊肠满分。

  [2] 旅游避坑和实用建议
      综合得分: 0.4180  (向量:0.1180 + 关键词:0.1500 + 标签:0.1500)
      标签: ['东升镇', '乳鸽', '五桂山街道', '交通出行', '住宿', '南朗街道', '历史文化', '小榄镇', '攻略', '海鲜', '温泉', '神湾镇', '翠亨新区', '自然风光']
      来源: general/general\zhongshan_travel.md
      内容: 最佳旅行时间是每年10到12月的秋季和3到5月的春季，气温最舒适。夏天6到9月高温多雨还有台风，出行注意天气预报。冬天1到2月湿冷但游客少。3到4月是回南天特别潮湿衣服多带两件。
什么季节吃什么也有讲究：10到12月乳鸽最肥美，11月小榄菊花会品菊花宴，3到5月脆肉鲩最鲜，5到8月吃荔枝菌，10到11月吃神湾菠萝。
有几个景点必须提前预约别跑空——孙中山故居纪念馆要在公众号预约，中山市博物馆要在文旅中山公众号预约，翠亨国家湿地公园也要预约。三个都是周一闭馆。节假日人流量大建议提前2到3天约好。
防坑方面：景区周边的三轮车摩的不要坐价格虚高不安全，叫网约车最靠谱。部分餐厅会推荐高价海鲜点菜前一定

================================================================================
[2026-05-31 15:36:44] 查询: 费用 差评 刷评 避坑 贵 排队
耗时: 547.2 ms | 命中数: 2 | 阈值: 0.3
--------------------------------------------------------------------------------

  [1] 避坑和实用贴士
      综合得分: 0.4953  (向量:0.1353 + 关键词:0.2100 + 标签:0.1500)
      标签: ['三乡镇', '东升镇', '乳鸽', '历史文化', '小吃', '小榄镇', '攻略', '早茶', '沙溪镇', '海鲜', '石岐区', '自然风光', '购物', '黄圃镇']
      来源: food/food\zhongshan_restaurants.md
      内容: 中山的早茶人均30到50块，基本是广州的三分之一价格，爱群食店6点开门建议8点前到免排队，周一和周四点心还打8折。乳鸽认准12到13天的妙龄鸽，石岐佬建议工作日11点前或17点前到，周末排队至少半小时。省钱吃法：早茶30到50一个人，乳鸽专门店60到80，海鲜大餐100到150。东升镇的脆肉鲩最正宗，沙溪镇的隆都菜最地道，石岐区的乳鸽最集中。三乡濑粉源于清嘉庆年间有200多年历史，上汤是灵魂要放烧鹅和叉烧。小榄菊花会每年11月下旬到12月举行，以菊入馔是中山独有文化。黄圃镇的腊味可以真空包装带回家，煲仔饭放几片腊肠满分。

  [2] 旅游避坑和实用建议
      综合得分: 0.4186  (向量:0.1186 + 关键词:0.1500 + 标签:0.1500)
      标签: ['东升镇', '乳鸽', '五桂山街道', '交通出行', '住宿', '南朗街道', '历史文化', '小榄镇', '攻略', '海鲜', '温泉', '神湾镇', '翠亨新区', '自然风光']
      来源: general/general\zhongshan_travel.md
      内容: 最佳旅行时间是每年10到12月的秋季和3到5月的春季，气温最舒适。夏天6到9月高温多雨还有台风，出行注意天气预报。冬天1到2月湿冷但游客少。3到4月是回南天特别潮湿衣服多带两件。
什么季节吃什么也有讲究：10到12月乳鸽最肥美，11月小榄菊花会品菊花宴，3到5月脆肉鲩最鲜，5到8月吃荔枝菌，10到11月吃神湾菠萝。
有几个景点必须提前预约别跑空——孙中山故居纪念馆要在公众号预约，中山市博物馆要在文旅中山公众号预约，翠亨国家湿地公园也要预约。三个都是周一闭馆。节假日人流量大建议提前2到3天约好。
防坑方面：景区周边的三轮车摩的不要坐价格虚高不安全，叫网约车最靠谱。部分餐厅会推荐高价海鲜点菜前一定

================================================================================
[2026-05-31 15:47:42] 查询: 路线 差评 刷评 避坑 贵 排队
耗时: 715.7 ms | 命中数: 2 | 阈值: 0.3
--------------------------------------------------------------------------------

  [1] 避坑和实用贴士
      综合得分: 0.5560  (向量:0.1960 + 关键词:0.2100 + 标签:0.1500)
      标签: ['三乡镇', '东升镇', '乳鸽', '历史文化', '小吃', '小榄镇', '攻略', '早茶', '沙溪镇', '海鲜', '石岐区', '自然风光', '购物', '黄圃镇']
      来源: food/food\zhongshan_restaurants.md
      内容: 中山的早茶人均30到50块，基本是广州的三分之一价格，爱群食店6点开门建议8点前到免排队，周一和周四点心还打8折。乳鸽认准12到13天的妙龄鸽，石岐佬建议工作日11点前或17点前到，周末排队至少半小时。省钱吃法：早茶30到50一个人，乳鸽专门店60到80，海鲜大餐100到150。东升镇的脆肉鲩最正宗，沙溪镇的隆都菜最地道，石岐区的乳鸽最集中。三乡濑粉源于清嘉庆年间有200多年历史，上汤是灵魂要放烧鹅和叉烧。小榄菊花会每年11月下旬到12月举行，以菊入馔是中山独有文化。黄圃镇的腊味可以真空包装带回家，煲仔饭放几片腊肠满分。

  [2] 旅游避坑和实用建议
      综合得分: 0.5548  (向量:0.2548 + 关键词:0.1500 + 标签:0.1500)
      标签: ['东升镇', '乳鸽', '五桂山街道', '交通出行', '住宿', '南朗街道', '历史文化', '小榄镇', '攻略', '海鲜', '温泉', '神湾镇', '翠亨新区', '自然风光']
      来源: general/general\zhongshan_travel.md
      内容: 最佳旅行时间是每年10到12月的秋季和3到5月的春季，气温最舒适。夏天6到9月高温多雨还有台风，出行注意天气预报。冬天1到2月湿冷但游客少。3到4月是回南天特别潮湿衣服多带两件。
什么季节吃什么也有讲究：10到12月乳鸽最肥美，11月小榄菊花会品菊花宴，3到5月脆肉鲩最鲜，5到8月吃荔枝菌，10到11月吃神湾菠萝。
有几个景点必须提前预约别跑空——孙中山故居纪念馆要在公众号预约，中山市博物馆要在文旅中山公众号预约，翠亨国家湿地公园也要预约。三个都是周一闭馆。节假日人流量大建议提前2到3天约好。
防坑方面：景区周边的三轮车摩的不要坐价格虚高不安全，叫网约车最靠谱。部分餐厅会推荐高价海鲜点菜前一定

================================================================================
[2026-05-31 15:47:42] 查询: 距离 差评 刷评 避坑 贵 排队
耗时: 504.3 ms | 命中数: 2 | 阈值: 0.3
--------------------------------------------------------------------------------

  [1] 避坑和实用贴士
      综合得分: 0.5070  (向量:0.1470 + 关键词:0.2100 + 标签:0.1500)
      标签: ['三乡镇', '东升镇', '乳鸽', '历史文化', '小吃', '小榄镇', '攻略', '早茶', '沙溪镇', '海鲜', '石岐区', '自然风光', '购物', '黄圃镇']
      来源: food/food\zhongshan_restaurants.md
      内容: 中山的早茶人均30到50块，基本是广州的三分之一价格，爱群食店6点开门建议8点前到免排队，周一和周四点心还打8折。乳鸽认准12到13天的妙龄鸽，石岐佬建议工作日11点前或17点前到，周末排队至少半小时。省钱吃法：早茶30到50一个人，乳鸽专门店60到80，海鲜大餐100到150。东升镇的脆肉鲩最正宗，沙溪镇的隆都菜最地道，石岐区的乳鸽最集中。三乡濑粉源于清嘉庆年间有200多年历史，上汤是灵魂要放烧鹅和叉烧。小榄菊花会每年11月下旬到12月举行，以菊入馔是中山独有文化。黄圃镇的腊味可以真空包装带回家，煲仔饭放几片腊肠满分。

  [2] 旅游避坑和实用建议
      综合得分: 0.4326  (向量:0.1326 + 关键词:0.1500 + 标签:0.1500)
      标签: ['东升镇', '乳鸽', '五桂山街道', '交通出行', '住宿', '南朗街道', '历史文化', '小榄镇', '攻略', '海鲜', '温泉', '神湾镇', '翠亨新区', '自然风光']
      来源: general/general\zhongshan_travel.md
      内容: 最佳旅行时间是每年10到12月的秋季和3到5月的春季，气温最舒适。夏天6到9月高温多雨还有台风，出行注意天气预报。冬天1到2月湿冷但游客少。3到4月是回南天特别潮湿衣服多带两件。
什么季节吃什么也有讲究：10到12月乳鸽最肥美，11月小榄菊花会品菊花宴，3到5月脆肉鲩最鲜，5到8月吃荔枝菌，10到11月吃神湾菠萝。
有几个景点必须提前预约别跑空——孙中山故居纪念馆要在公众号预约，中山市博物馆要在文旅中山公众号预约，翠亨国家湿地公园也要预约。三个都是周一闭馆。节假日人流量大建议提前2到3天约好。
防坑方面：景区周边的三轮车摩的不要坐价格虚高不安全，叫网约车最靠谱。部分餐厅会推荐高价海鲜点菜前一定

================================================================================
[2026-05-31 15:47:43] 查询: 耗时 差评 刷评 避坑 贵 排队
耗时: 644.0 ms | 命中数: 2 | 阈值: 0.3
--------------------------------------------------------------------------------

  [1] 避坑和实用贴士
      综合得分: 0.4930  (向量:0.1330 + 关键词:0.2100 + 标签:0.1500)
      标签: ['三乡镇', '东升镇', '乳鸽', '历史文化', '小吃', '小榄镇', '攻略', '早茶', '沙溪镇', '海鲜', '石岐区', '自然风光', '购物', '黄圃镇']
      来源: food/food\zhongshan_restaurants.md
      内容: 中山的早茶人均30到50块，基本是广州的三分之一价格，爱群食店6点开门建议8点前到免排队，周一和周四点心还打8折。乳鸽认准12到13天的妙龄鸽，石岐佬建议工作日11点前或17点前到，周末排队至少半小时。省钱吃法：早茶30到50一个人，乳鸽专门店60到80，海鲜大餐100到150。东升镇的脆肉鲩最正宗，沙溪镇的隆都菜最地道，石岐区的乳鸽最集中。三乡濑粉源于清嘉庆年间有200多年历史，上汤是灵魂要放烧鹅和叉烧。小榄菊花会每年11月下旬到12月举行，以菊入馔是中山独有文化。黄圃镇的腊味可以真空包装带回家，煲仔饭放几片腊肠满分。

  [2] 旅游避坑和实用建议
      综合得分: 0.4180  (向量:0.1180 + 关键词:0.1500 + 标签:0.1500)
      标签: ['东升镇', '乳鸽', '五桂山街道', '交通出行', '住宿', '南朗街道', '历史文化', '小榄镇', '攻略', '海鲜', '温泉', '神湾镇', '翠亨新区', '自然风光']
      来源: general/general\zhongshan_travel.md
      内容: 最佳旅行时间是每年10到12月的秋季和3到5月的春季，气温最舒适。夏天6到9月高温多雨还有台风，出行注意天气预报。冬天1到2月湿冷但游客少。3到4月是回南天特别潮湿衣服多带两件。
什么季节吃什么也有讲究：10到12月乳鸽最肥美，11月小榄菊花会品菊花宴，3到5月脆肉鲩最鲜，5到8月吃荔枝菌，10到11月吃神湾菠萝。
有几个景点必须提前预约别跑空——孙中山故居纪念馆要在公众号预约，中山市博物馆要在文旅中山公众号预约，翠亨国家湿地公园也要预约。三个都是周一闭馆。节假日人流量大建议提前2到3天约好。
防坑方面：景区周边的三轮车摩的不要坐价格虚高不安全，叫网约车最靠谱。部分餐厅会推荐高价海鲜点菜前一定

================================================================================
[2026-05-31 15:59:20] 查询: B19路（最快） 差评 刷评 避坑 贵 排队
耗时: 675.6 ms | 命中数: 2 | 阈值: 0.3
--------------------------------------------------------------------------------

  [1] 避坑和实用贴士
      综合得分: 0.4668  (向量:0.1068 + 关键词:0.2100 + 标签:0.1500)
      标签: ['三乡镇', '东升镇', '乳鸽', '历史文化', '小吃', '小榄镇', '攻略', '早茶', '沙溪镇', '海鲜', '石岐区', '自然风光', '购物', '黄圃镇']
      来源: food/food\zhongshan_restaurants.md
      内容: 中山的早茶人均30到50块，基本是广州的三分之一价格，爱群食店6点开门建议8点前到免排队，周一和周四点心还打8折。乳鸽认准12到13天的妙龄鸽，石岐佬建议工作日11点前或17点前到，周末排队至少半小时。省钱吃法：早茶30到50一个人，乳鸽专门店60到80，海鲜大餐100到150。东升镇的脆肉鲩最正宗，沙溪镇的隆都菜最地道，石岐区的乳鸽最集中。三乡濑粉源于清嘉庆年间有200多年历史，上汤是灵魂要放烧鹅和叉烧。小榄菊花会每年11月下旬到12月举行，以菊入馔是中山独有文化。黄圃镇的腊味可以真空包装带回家，煲仔饭放几片腊肠满分。

  [2] 旅游避坑和实用建议
      综合得分: 0.4535  (向量:0.1535 + 关键词:0.1500 + 标签:0.1500)
      标签: ['东升镇', '乳鸽', '五桂山街道', '交通出行', '住宿', '南朗街道', '历史文化', '小榄镇', '攻略', '海鲜', '温泉', '神湾镇', '翠亨新区', '自然风光']
      来源: general/general\zhongshan_travel.md
      内容: 最佳旅行时间是每年10到12月的秋季和3到5月的春季，气温最舒适。夏天6到9月高温多雨还有台风，出行注意天气预报。冬天1到2月湿冷但游客少。3到4月是回南天特别潮湿衣服多带两件。
什么季节吃什么也有讲究：10到12月乳鸽最肥美，11月小榄菊花会品菊花宴，3到5月脆肉鲩最鲜，5到8月吃荔枝菌，10到11月吃神湾菠萝。
有几个景点必须提前预约别跑空——孙中山故居纪念馆要在公众号预约，中山市博物馆要在文旅中山公众号预约，翠亨国家湿地公园也要预约。三个都是周一闭馆。节假日人流量大建议提前2到3天约好。
防坑方面：景区周边的三轮车摩的不要坐价格虚高不安全，叫网约车最靠谱。部分餐厅会推荐高价海鲜点菜前一定

================================================================================
[2026-05-31 15:59:20] 查询: 总耗时：19分钟 差评 刷评 避坑 贵 排队
耗时: 462.9 ms | 命中数: 2 | 阈值: 0.3
--------------------------------------------------------------------------------

  [1] 避坑和实用贴士
      综合得分: 0.5247  (向量:0.1647 + 关键词:0.2100 + 标签:0.1500)
      标签: ['三乡镇', '东升镇', '乳鸽', '历史文化', '小吃', '小榄镇', '攻略', '早茶', '沙溪镇', '海鲜', '石岐区', '自然风光', '购物', '黄圃镇']
      来源: food/food\zhongshan_restaurants.md
      内容: 中山的早茶人均30到50块，基本是广州的三分之一价格，爱群食店6点开门建议8点前到免排队，周一和周四点心还打8折。乳鸽认准12到13天的妙龄鸽，石岐佬建议工作日11点前或17点前到，周末排队至少半小时。省钱吃法：早茶30到50一个人，乳鸽专门店60到80，海鲜大餐100到150。东升镇的脆肉鲩最正宗，沙溪镇的隆都菜最地道，石岐区的乳鸽最集中。三乡濑粉源于清嘉庆年间有200多年历史，上汤是灵魂要放烧鹅和叉烧。小榄菊花会每年11月下旬到12月举行，以菊入馔是中山独有文化。黄圃镇的腊味可以真空包装带回家，煲仔饭放几片腊肠满分。

  [2] 旅游避坑和实用建议
      综合得分: 0.5050  (向量:0.2050 + 关键词:0.1500 + 标签:0.1500)
      标签: ['东升镇', '乳鸽', '五桂山街道', '交通出行', '住宿', '南朗街道', '历史文化', '小榄镇', '攻略', '海鲜', '温泉', '神湾镇', '翠亨新区', '自然风光']
      来源: general/general\zhongshan_travel.md
      内容: 最佳旅行时间是每年10到12月的秋季和3到5月的春季，气温最舒适。夏天6到9月高温多雨还有台风，出行注意天气预报。冬天1到2月湿冷但游客少。3到4月是回南天特别潮湿衣服多带两件。
什么季节吃什么也有讲究：10到12月乳鸽最肥美，11月小榄菊花会品菊花宴，3到5月脆肉鲩最鲜，5到8月吃荔枝菌，10到11月吃神湾菠萝。
有几个景点必须提前预约别跑空——孙中山故居纪念馆要在公众号预约，中山市博物馆要在文旅中山公众号预约，翠亨国家湿地公园也要预约。三个都是周一闭馆。节假日人流量大建议提前2到3天约好。
防坑方面：景区周边的三轮车摩的不要坐价格虚高不安全，叫网约车最靠谱。部分餐厅会推荐高价海鲜点菜前一定

================================================================================
[2026-05-31 15:59:21] 查询: 票价：2元 差评 刷评 避坑 贵 排队
耗时: 537.2 ms | 命中数: 2 | 阈值: 0.3
--------------------------------------------------------------------------------

  [1] 避坑和实用贴士
      综合得分: 0.5458  (向量:0.1858 + 关键词:0.2100 + 标签:0.1500)
      标签: ['三乡镇', '东升镇', '乳鸽', '历史文化', '小吃', '小榄镇', '攻略', '早茶', '沙溪镇', '海鲜', '石岐区', '自然风光', '购物', '黄圃镇']
      来源: food/food\zhongshan_restaurants.md
      内容: 中山的早茶人均30到50块，基本是广州的三分之一价格，爱群食店6点开门建议8点前到免排队，周一和周四点心还打8折。乳鸽认准12到13天的妙龄鸽，石岐佬建议工作日11点前或17点前到，周末排队至少半小时。省钱吃法：早茶30到50一个人，乳鸽专门店60到80，海鲜大餐100到150。东升镇的脆肉鲩最正宗，沙溪镇的隆都菜最地道，石岐区的乳鸽最集中。三乡濑粉源于清嘉庆年间有200多年历史，上汤是灵魂要放烧鹅和叉烧。小榄菊花会每年11月下旬到12月举行，以菊入馔是中山独有文化。黄圃镇的腊味可以真空包装带回家，煲仔饭放几片腊肠满分。

  [2] 旅游避坑和实用建议
      综合得分: 0.5004  (向量:0.2004 + 关键词:0.1500 + 标签:0.1500)
      标签: ['东升镇', '乳鸽', '五桂山街道', '交通出行', '住宿', '南朗街道', '历史文化', '小榄镇', '攻略', '海鲜', '温泉', '神湾镇', '翠亨新区', '自然风光']
      来源: general/general\zhongshan_travel.md
      内容: 最佳旅行时间是每年10到12月的秋季和3到5月的春季，气温最舒适。夏天6到9月高温多雨还有台风，出行注意天气预报。冬天1到2月湿冷但游客少。3到4月是回南天特别潮湿衣服多带两件。
什么季节吃什么也有讲究：10到12月乳鸽最肥美，11月小榄菊花会品菊花宴，3到5月脆肉鲩最鲜，5到8月吃荔枝菌，10到11月吃神湾菠萝。
有几个景点必须提前预约别跑空——孙中山故居纪念馆要在公众号预约，中山市博物馆要在文旅中山公众号预约，翠亨国家湿地公园也要预约。三个都是周一闭馆。节假日人流量大建议提前2到3天约好。
防坑方面：景区周边的三轮车摩的不要坐价格虚高不安全，叫网约车最靠谱。部分餐厅会推荐高价海鲜点菜前一定

================================================================================
[2026-05-31 16:14:34] 查询: 路线 差评 刷评 避坑 贵 排队
耗时: 676.4 ms | 命中数: 2 | 阈值: 0.3
--------------------------------------------------------------------------------

  [1] 避坑和实用贴士
      综合得分: 0.5560  (向量:0.1960 + 关键词:0.2100 + 标签:0.1500)
      标签: ['三乡镇', '东升镇', '乳鸽', '历史文化', '小吃', '小榄镇', '攻略', '早茶', '沙溪镇', '海鲜', '石岐区', '自然风光', '购物', '黄圃镇']
      来源: food/food\zhongshan_restaurants.md
      内容: 中山的早茶人均30到50块，基本是广州的三分之一价格，爱群食店6点开门建议8点前到免排队，周一和周四点心还打8折。乳鸽认准12到13天的妙龄鸽，石岐佬建议工作日11点前或17点前到，周末排队至少半小时。省钱吃法：早茶30到50一个人，乳鸽专门店60到80，海鲜大餐100到150。东升镇的脆肉鲩最正宗，沙溪镇的隆都菜最地道，石岐区的乳鸽最集中。三乡濑粉源于清嘉庆年间有200多年历史，上汤是灵魂要放烧鹅和叉烧。小榄菊花会每年11月下旬到12月举行，以菊入馔是中山独有文化。黄圃镇的腊味可以真空包装带回家，煲仔饭放几片腊肠满分。

  [2] 旅游避坑和实用建议
      综合得分: 0.5548  (向量:0.2548 + 关键词:0.1500 + 标签:0.1500)
      标签: ['东升镇', '乳鸽', '五桂山街道', '交通出行', '住宿', '南朗街道', '历史文化', '小榄镇', '攻略', '海鲜', '温泉', '神湾镇', '翠亨新区', '自然风光']
      来源: general/general\zhongshan_travel.md
      内容: 最佳旅行时间是每年10到12月的秋季和3到5月的春季，气温最舒适。夏天6到9月高温多雨还有台风，出行注意天气预报。冬天1到2月湿冷但游客少。3到4月是回南天特别潮湿衣服多带两件。
什么季节吃什么也有讲究：10到12月乳鸽最肥美，11月小榄菊花会品菊花宴，3到5月脆肉鲩最鲜，5到8月吃荔枝菌，10到11月吃神湾菠萝。
有几个景点必须提前预约别跑空——孙中山故居纪念馆要在公众号预约，中山市博物馆要在文旅中山公众号预约，翠亨国家湿地公园也要预约。三个都是周一闭馆。节假日人流量大建议提前2到3天约好。
防坑方面：景区周边的三轮车摩的不要坐价格虚高不安全，叫网约车最靠谱。部分餐厅会推荐高价海鲜点菜前一定

================================================================================
[2026-05-31 16:14:35] 查询: B10路（3站） 差评 刷评 避坑 贵 排队
耗时: 625.8 ms | 命中数: 2 | 阈值: 0.3
--------------------------------------------------------------------------------

  [1] 避坑和实用贴士
      综合得分: 0.5184  (向量:0.1584 + 关键词:0.2100 + 标签:0.1500)
      标签: ['三乡镇', '东升镇', '乳鸽', '历史文化', '小吃', '小榄镇', '攻略', '早茶', '沙溪镇', '海鲜', '石岐区', '自然风光', '购物', '黄圃镇']
      来源: food/food\zhongshan_restaurants.md
      内容: 中山的早茶人均30到50块，基本是广州的三分之一价格，爱群食店6点开门建议8点前到免排队，周一和周四点心还打8折。乳鸽认准12到13天的妙龄鸽，石岐佬建议工作日11点前或17点前到，周末排队至少半小时。省钱吃法：早茶30到50一个人，乳鸽专门店60到80，海鲜大餐100到150。东升镇的脆肉鲩最正宗，沙溪镇的隆都菜最地道，石岐区的乳鸽最集中。三乡濑粉源于清嘉庆年间有200多年历史，上汤是灵魂要放烧鹅和叉烧。小榄菊花会每年11月下旬到12月举行，以菊入馔是中山独有文化。黄圃镇的腊味可以真空包装带回家，煲仔饭放几片腊肠满分。

  [2] 旅游避坑和实用建议
      综合得分: 0.4826  (向量:0.1826 + 关键词:0.1500 + 标签:0.1500)
      标签: ['东升镇', '乳鸽', '五桂山街道', '交通出行', '住宿', '南朗街道', '历史文化', '小榄镇', '攻略', '海鲜', '温泉', '神湾镇', '翠亨新区', '自然风光']
      来源: general/general\zhongshan_travel.md
      内容: 最佳旅行时间是每年10到12月的秋季和3到5月的春季，气温最舒适。夏天6到9月高温多雨还有台风，出行注意天气预报。冬天1到2月湿冷但游客少。3到4月是回南天特别潮湿衣服多带两件。
什么季节吃什么也有讲究：10到12月乳鸽最肥美，11月小榄菊花会品菊花宴，3到5月脆肉鲩最鲜，5到8月吃荔枝菌，10到11月吃神湾菠萝。
有几个景点必须提前预约别跑空——孙中山故居纪念馆要在公众号预约，中山市博物馆要在文旅中山公众号预约，翠亨国家湿地公园也要预约。三个都是周一闭馆。节假日人流量大建议提前2到3天约好。
防坑方面：景区周边的三轮车摩的不要坐价格虚高不安全，叫网约车最靠谱。部分餐厅会推荐高价海鲜点菜前一定

================================================================================
[2026-05-31 16:14:35] 查询: 时间 差评 刷评 避坑 贵 排队
耗时: 486.6 ms | 命中数: 2 | 阈值: 0.3
--------------------------------------------------------------------------------

  [1] 避坑和实用贴士
      综合得分: 0.4927  (向量:0.1327 + 关键词:0.2100 + 标签:0.1500)
      标签: ['三乡镇', '东升镇', '乳鸽', '历史文化', '小吃', '小榄镇', '攻略', '早茶', '沙溪镇', '海鲜', '石岐区', '自然风光', '购物', '黄圃镇']
      来源: food/food\zhongshan_restaurants.md
      内容: 中山的早茶人均30到50块，基本是广州的三分之一价格，爱群食店6点开门建议8点前到免排队，周一和周四点心还打8折。乳鸽认准12到13天的妙龄鸽，石岐佬建议工作日11点前或17点前到，周末排队至少半小时。省钱吃法：早茶30到50一个人，乳鸽专门店60到80，海鲜大餐100到150。东升镇的脆肉鲩最正宗，沙溪镇的隆都菜最地道，石岐区的乳鸽最集中。三乡濑粉源于清嘉庆年间有200多年历史，上汤是灵魂要放烧鹅和叉烧。小榄菊花会每年11月下旬到12月举行，以菊入馔是中山独有文化。黄圃镇的腊味可以真空包装带回家，煲仔饭放几片腊肠满分。

  [2] 旅游避坑和实用建议
      综合得分: 0.4472  (向量:0.1172 + 关键词:0.1800 + 标签:0.1500)
      标签: ['东升镇', '乳鸽', '五桂山街道', '交通出行', '住宿', '南朗街道', '历史文化', '小榄镇', '攻略', '海鲜', '温泉', '神湾镇', '翠亨新区', '自然风光']
      来源: general/general\zhongshan_travel.md
      内容: 最佳旅行时间是每年10到12月的秋季和3到5月的春季，气温最舒适。夏天6到9月高温多雨还有台风，出行注意天气预报。冬天1到2月湿冷但游客少。3到4月是回南天特别潮湿衣服多带两件。
什么季节吃什么也有讲究：10到12月乳鸽最肥美，11月小榄菊花会品菊花宴，3到5月脆肉鲩最鲜，5到8月吃荔枝菌，10到11月吃神湾菠萝。
有几个景点必须提前预约别跑空——孙中山故居纪念馆要在公众号预约，中山市博物馆要在文旅中山公众号预约，翠亨国家湿地公园也要预约。三个都是周一闭馆。节假日人流量大建议提前2到3天约好。
防坑方面：景区周边的三轮车摩的不要坐价格虚高不安全，叫网约车最靠谱。部分餐厅会推荐高价海鲜点菜前一定

================================================================================
[2026-05-31 18:07:00] 查询: 公交方案（推荐） 差评 刷评 避坑 贵 排队
耗时: 917.3 ms | 命中数: 2 | 阈值: 0.3
--------------------------------------------------------------------------------

  [1] 旅游避坑和实用建议
      综合得分: 0.7333  (向量:0.2833 + 关键词:0.1500 + 标签:0.3000)
      标签: ['东升镇', '乳鸽', '五桂山街道', '交通出行', '住宿', '南朗街道', '历史文化', '小榄镇', '攻略', '海鲜', '温泉', '神湾镇', '翠亨新区', '自然风光']
      来源: general/general\zhongshan_travel.md
      内容: 最佳旅行时间是每年10到12月的秋季和3到5月的春季，气温最舒适。夏天6到9月高温多雨还有台风，出行注意天气预报。冬天1到2月湿冷但游客少。3到4月是回南天特别潮湿衣服多带两件。
什么季节吃什么也有讲究：10到12月乳鸽最肥美，11月小榄菊花会品菊花宴，3到5月脆肉鲩最鲜，5到8月吃荔枝菌，10到11月吃神湾菠萝。
有几个景点必须提前预约别跑空——孙中山故居纪念馆要在公众号预约，中山市博物馆要在文旅中山公众号预约，翠亨国家湿地公园也要预约。三个都是周一闭馆。节假日人流量大建议提前2到3天约好。
防坑方面：景区周边的三轮车摩的不要坐价格虚高不安全，叫网约车最靠谱。部分餐厅会推荐高价海鲜点菜前一定

  [2] 周末遛弯（半天闲逛+随便吃点）
      综合得分: 0.5720  (向量:0.2420 + 关键词:0.0300 + 标签:0.3000)
      标签: ['五桂山街道', '交通出行', '南朗街道', '历史文化', '咖啡', '小吃', '攻略', '石岐区', '自然风光', '西区', '购物']
      来源: food/food\scene_guide.md
      内容: - 优先级：顺路 > 轻松 > 不排队
- 推荐类型：街边小吃、咖啡馆、面包店
- 人均预算：30-60元
- 搜关键词：咖啡、小吃、骑楼、老街、公园
- 中山最佳遛弯路线：
  - 石岐老城线：孙文西路→香山商业文化博物馆→白水井大街吃满足面/顺柚记→岐江公园→烟墩山看日落→兴中广场（全程步行）
  - 崖口稻田线：崖口村稻田→向云端咖啡(25元)→崖口云吞(15元)→东堤海景路骑行→煲仔饭(30元)
  - 五桂山户外线：逍遥谷→旗溪村鸡煲→桂南村不荒樟咖啡(28元)

================================================================================
[2026-05-31 18:07:01] 查询: 最快路线（18分钟 | 2元） 差评 刷评 避坑 贵 排队
耗时: 512.4 ms | 命中数: 2 | 阈值: 0.3
--------------------------------------------------------------------------------

  [1] 避坑和实用贴士
      综合得分: 0.5714  (向量:0.2114 + 关键词:0.2100 + 标签:0.1500)
      标签: ['三乡镇', '东升镇', '乳鸽', '历史文化', '小吃', '小榄镇', '攻略', '早茶', '沙溪镇', '海鲜', '石岐区', '自然风光', '购物', '黄圃镇']
      来源: food/food\zhongshan_restaurants.md
      内容: 中山的早茶人均30到50块，基本是广州的三分之一价格，爱群食店6点开门建议8点前到免排队，周一和周四点心还打8折。乳鸽认准12到13天的妙龄鸽，石岐佬建议工作日11点前或17点前到，周末排队至少半小时。省钱吃法：早茶30到50一个人，乳鸽专门店60到80，海鲜大餐100到150。东升镇的脆肉鲩最正宗，沙溪镇的隆都菜最地道，石岐区的乳鸽最集中。三乡濑粉源于清嘉庆年间有200多年历史，上汤是灵魂要放烧鹅和叉烧。小榄菊花会每年11月下旬到12月举行，以菊入馔是中山独有文化。黄圃镇的腊味可以真空包装带回家，煲仔饭放几片腊肠满分。

  [2] 旅游避坑和实用建议
      综合得分: 0.5359  (向量:0.2359 + 关键词:0.1500 + 标签:0.1500)
      标签: ['东升镇', '乳鸽', '五桂山街道', '交通出行', '住宿', '南朗街道', '历史文化', '小榄镇', '攻略', '海鲜', '温泉', '神湾镇', '翠亨新区', '自然风光']
      来源: general/general\zhongshan_travel.md
      内容: 最佳旅行时间是每年10到12月的秋季和3到5月的春季，气温最舒适。夏天6到9月高温多雨还有台风，出行注意天气预报。冬天1到2月湿冷但游客少。3到4月是回南天特别潮湿衣服多带两件。
什么季节吃什么也有讲究：10到12月乳鸽最肥美，11月小榄菊花会品菊花宴，3到5月脆肉鲩最鲜，5到8月吃荔枝菌，10到11月吃神湾菠萝。
有几个景点必须提前预约别跑空——孙中山故居纪念馆要在公众号预约，中山市博物馆要在文旅中山公众号预约，翠亨国家湿地公园也要预约。三个都是周一闭馆。节假日人流量大建议提前2到3天约好。
防坑方面：景区周边的三轮车摩的不要坐价格虚高不安全，叫网约车最靠谱。部分餐厅会推荐高价海鲜点菜前一定

================================================================================
[2026-05-31 18:07:01] 查询: 013路/003路 差评 刷评 避坑 贵 排队
耗时: 542.3 ms | 命中数: 2 | 阈值: 0.3
--------------------------------------------------------------------------------

  [1] 避坑和实用贴士
      综合得分: 0.4674  (向量:0.1074 + 关键词:0.2100 + 标签:0.1500)
      标签: ['三乡镇', '东升镇', '乳鸽', '历史文化', '小吃', '小榄镇', '攻略', '早茶', '沙溪镇', '海鲜', '石岐区', '自然风光', '购物', '黄圃镇']
      来源: food/food\zhongshan_restaurants.md
      内容: 中山的早茶人均30到50块，基本是广州的三分之一价格，爱群食店6点开门建议8点前到免排队，周一和周四点心还打8折。乳鸽认准12到13天的妙龄鸽，石岐佬建议工作日11点前或17点前到，周末排队至少半小时。省钱吃法：早茶30到50一个人，乳鸽专门店60到80，海鲜大餐100到150。东升镇的脆肉鲩最正宗，沙溪镇的隆都菜最地道，石岐区的乳鸽最集中。三乡濑粉源于清嘉庆年间有200多年历史，上汤是灵魂要放烧鹅和叉烧。小榄菊花会每年11月下旬到12月举行，以菊入馔是中山独有文化。黄圃镇的腊味可以真空包装带回家，煲仔饭放几片腊肠满分。

  [2] 旅游避坑和实用建议
      综合得分: 0.3965  (向量:0.0965 + 关键词:0.1500 + 标签:0.1500)
      标签: ['东升镇', '乳鸽', '五桂山街道', '交通出行', '住宿', '南朗街道', '历史文化', '小榄镇', '攻略', '海鲜', '温泉', '神湾镇', '翠亨新区', '自然风光']
      来源: general/general\zhongshan_travel.md
      内容: 最佳旅行时间是每年10到12月的秋季和3到5月的春季，气温最舒适。夏天6到9月高温多雨还有台风，出行注意天气预报。冬天1到2月湿冷但游客少。3到4月是回南天特别潮湿衣服多带两件。
什么季节吃什么也有讲究：10到12月乳鸽最肥美，11月小榄菊花会品菊花宴，3到5月脆肉鲩最鲜，5到8月吃荔枝菌，10到11月吃神湾菠萝。
有几个景点必须提前预约别跑空——孙中山故居纪念馆要在公众号预约，中山市博物馆要在文旅中山公众号预约，翠亨国家湿地公园也要预约。三个都是周一闭馆。节假日人流量大建议提前2到3天约好。
防坑方面：景区周边的三轮车摩的不要坐价格虚高不安全，叫网约车最靠谱。部分餐厅会推荐高价海鲜点菜前一定

================================================================================
[2026-05-31 18:11:02] 查询: 🚌 公交方案（推荐） 差评 刷评 避坑 贵 排队
耗时: 1288.0 ms | 命中数: 2 | 阈值: 0.3
--------------------------------------------------------------------------------

  [1] 旅游避坑和实用建议
      综合得分: 0.7382  (向量:0.2882 + 关键词:0.1500 + 标签:0.3000)
      标签: ['东升镇', '乳鸽', '五桂山街道', '交通出行', '住宿', '南朗街道', '历史文化', '小榄镇', '攻略', '海鲜', '温泉', '神湾镇', '翠亨新区', '自然风光']
      来源: general/general\zhongshan_travel.md
      内容: 最佳旅行时间是每年10到12月的秋季和3到5月的春季，气温最舒适。夏天6到9月高温多雨还有台风，出行注意天气预报。冬天1到2月湿冷但游客少。3到4月是回南天特别潮湿衣服多带两件。
什么季节吃什么也有讲究：10到12月乳鸽最肥美，11月小榄菊花会品菊花宴，3到5月脆肉鲩最鲜，5到8月吃荔枝菌，10到11月吃神湾菠萝。
有几个景点必须提前预约别跑空——孙中山故居纪念馆要在公众号预约，中山市博物馆要在文旅中山公众号预约，翠亨国家湿地公园也要预约。三个都是周一闭馆。节假日人流量大建议提前2到3天约好。
防坑方面：景区周边的三轮车摩的不要坐价格虚高不安全，叫网约车最靠谱。部分餐厅会推荐高价海鲜点菜前一定

  [2] 周末遛弯（半天闲逛+随便吃点）
      综合得分: 0.5963  (向量:0.2663 + 关键词:0.0300 + 标签:0.3000)
      标签: ['五桂山街道', '交通出行', '南朗街道', '历史文化', '咖啡', '小吃', '攻略', '石岐区', '自然风光', '西区', '购物']
      来源: food/food\scene_guide.md
      内容: - 优先级：顺路 > 轻松 > 不排队
- 推荐类型：街边小吃、咖啡馆、面包店
- 人均预算：30-60元
- 搜关键词：咖啡、小吃、骑楼、老街、公园
- 中山最佳遛弯路线：
  - 石岐老城线：孙文西路→香山商业文化博物馆→白水井大街吃满足面/顺柚记→岐江公园→烟墩山看日落→兴中广场（全程步行）
  - 崖口稻田线：崖口村稻田→向云端咖啡(25元)→崖口云吞(15元)→东堤海景路骑行→煲仔饭(30元)
  - 五桂山户外线：逍遥谷→旗溪村鸡煲→桂南村不荒樟咖啡(28元)

================================================================================
[2026-05-31 18:11:03] 查询: 路线 差评 刷评 避坑 贵 排队
耗时: 897.3 ms | 命中数: 2 | 阈值: 0.3
--------------------------------------------------------------------------------

  [1] 避坑和实用贴士
      综合得分: 0.5560  (向量:0.1960 + 关键词:0.2100 + 标签:0.1500)
      标签: ['三乡镇', '东升镇', '乳鸽', '历史文化', '小吃', '小榄镇', '攻略', '早茶', '沙溪镇', '海鲜', '石岐区', '自然风光', '购物', '黄圃镇']
      来源: food/food\zhongshan_restaurants.md
      内容: 中山的早茶人均30到50块，基本是广州的三分之一价格，爱群食店6点开门建议8点前到免排队，周一和周四点心还打8折。乳鸽认准12到13天的妙龄鸽，石岐佬建议工作日11点前或17点前到，周末排队至少半小时。省钱吃法：早茶30到50一个人，乳鸽专门店60到80，海鲜大餐100到150。东升镇的脆肉鲩最正宗，沙溪镇的隆都菜最地道，石岐区的乳鸽最集中。三乡濑粉源于清嘉庆年间有200多年历史，上汤是灵魂要放烧鹅和叉烧。小榄菊花会每年11月下旬到12月举行，以菊入馔是中山独有文化。黄圃镇的腊味可以真空包装带回家，煲仔饭放几片腊肠满分。

  [2] 旅游避坑和实用建议
      综合得分: 0.5548  (向量:0.2548 + 关键词:0.1500 + 标签:0.1500)
      标签: ['东升镇', '乳鸽', '五桂山街道', '交通出行', '住宿', '南朗街道', '历史文化', '小榄镇', '攻略', '海鲜', '温泉', '神湾镇', '翠亨新区', '自然风光']
      来源: general/general\zhongshan_travel.md
      内容: 最佳旅行时间是每年10到12月的秋季和3到5月的春季，气温最舒适。夏天6到9月高温多雨还有台风，出行注意天气预报。冬天1到2月湿冷但游客少。3到4月是回南天特别潮湿衣服多带两件。
什么季节吃什么也有讲究：10到12月乳鸽最肥美，11月小榄菊花会品菊花宴，3到5月脆肉鲩最鲜，5到8月吃荔枝菌，10到11月吃神湾菠萝。
有几个景点必须提前预约别跑空——孙中山故居纪念馆要在公众号预约，中山市博物馆要在文旅中山公众号预约，翠亨国家湿地公园也要预约。三个都是周一闭馆。节假日人流量大建议提前2到3天约好。
防坑方面：景区周边的三轮车摩的不要坐价格虚高不安全，叫网约车最靠谱。部分餐厅会推荐高价海鲜点菜前一定

================================================================================
[2026-05-31 18:11:05] 查询: 耗时 差评 刷评 避坑 贵 排队
耗时: 1381.8 ms | 命中数: 2 | 阈值: 0.3
--------------------------------------------------------------------------------

  [1] 避坑和实用贴士
      综合得分: 0.4930  (向量:0.1330 + 关键词:0.2100 + 标签:0.1500)
      标签: ['三乡镇', '东升镇', '乳鸽', '历史文化', '小吃', '小榄镇', '攻略', '早茶', '沙溪镇', '海鲜', '石岐区', '自然风光', '购物', '黄圃镇']
      来源: food/food\zhongshan_restaurants.md
      内容: 中山的早茶人均30到50块，基本是广州的三分之一价格，爱群食店6点开门建议8点前到免排队，周一和周四点心还打8折。乳鸽认准12到13天的妙龄鸽，石岐佬建议工作日11点前或17点前到，周末排队至少半小时。省钱吃法：早茶30到50一个人，乳鸽专门店60到80，海鲜大餐100到150。东升镇的脆肉鲩最正宗，沙溪镇的隆都菜最地道，石岐区的乳鸽最集中。三乡濑粉源于清嘉庆年间有200多年历史，上汤是灵魂要放烧鹅和叉烧。小榄菊花会每年11月下旬到12月举行，以菊入馔是中山独有文化。黄圃镇的腊味可以真空包装带回家，煲仔饭放几片腊肠满分。

  [2] 旅游避坑和实用建议
      综合得分: 0.4180  (向量:0.1180 + 关键词:0.1500 + 标签:0.1500)
      标签: ['东升镇', '乳鸽', '五桂山街道', '交通出行', '住宿', '南朗街道', '历史文化', '小榄镇', '攻略', '海鲜', '温泉', '神湾镇', '翠亨新区', '自然风光']
      来源: general/general\zhongshan_travel.md
      内容: 最佳旅行时间是每年10到12月的秋季和3到5月的春季，气温最舒适。夏天6到9月高温多雨还有台风，出行注意天气预报。冬天1到2月湿冷但游客少。3到4月是回南天特别潮湿衣服多带两件。
什么季节吃什么也有讲究：10到12月乳鸽最肥美，11月小榄菊花会品菊花宴，3到5月脆肉鲩最鲜，5到8月吃荔枝菌，10到11月吃神湾菠萝。
有几个景点必须提前预约别跑空——孙中山故居纪念馆要在公众号预约，中山市博物馆要在文旅中山公众号预约，翠亨国家湿地公园也要预约。三个都是周一闭馆。节假日人流量大建议提前2到3天约好。
防坑方面：景区周边的三轮车摩的不要坐价格虚高不安全，叫网约车最靠谱。部分餐厅会推荐高价海鲜点菜前一定

================================================================================
[2026-05-31 18:34:10] 查询: 中山紫马岭公园 中山纪念图书馆 路线规划
耗时: 676.7 ms | 命中数: 6 | 阈值: 0.3
--------------------------------------------------------------------------------

  [1] 中山市博物馆 — 2022年新馆，设计感超强
      综合得分: 0.8121  (向量:0.5121 + 关键词:0.0000 + 标签:0.3000)
      标签: ['历史文化', '攻略', '石岐区', '网红打卡', '自然风光']
      来源: general/general\zhongshan_travel.md
      内容: 在石岐区孙文中路197号，2022年新馆开放后成了中山新的文化地标。里面有三个常设展览：中山历史陈列、中山华侨历史、中山非物质文化遗产。最受欢迎的是一比一还原的民国街道场景，拍照非常出片。免费但要提前在"文旅中山"公众号预约，开放时间9点到下午5点，周一闭馆。

  [2] 孙中山故里旅游区 — 5A景区，中山最核心的文化地标
      综合得分: 0.7356  (向量:0.4356 + 关键词:0.0000 + 标签:0.3000)
      标签: ['交通出行', '南朗街道', '历史文化', '攻略', '网红打卡', '自然风光']
      来源: general/general\zhongshan_travel.md
      内容: 这个景区在南朗街道翠亨村，翠亨大道93号，是中山唯一的5A级景区。整个旅游区包括孙中山故居纪念馆、中山影视城、辛亥革命纪念公园和犁头尖山几个部分。故居纪念馆是免费的，但要在孙中山故居纪念馆公众号上提前预约。影视城单独收费65块。开放时间是早上9点到下午5点半，周一闭馆（节假日正常开放），千万别周一跑来吃闭门羹。
孙中山故居本身是1892年孙中山亲自设计建造的二层砖木结构楼房，红墙绿瓦中西合璧的风格，里面展示了孙中山出生和成长的环境。门口那棵酸子树是孙中山1883年从檀香山带回来的树种，活到现在也是个奇迹。交通方面，坐广珠城轨到南朗站下车转公交就能到，自驾的话停车也方便。
中山影视城就在故居旁边

  [3] 金钟水库和树木园 — 中山人周末最爱去的城市绿肺
      综合得分: 0.6795  (向量:0.3795 + 关键词:0.0000 + 标签:0.3000)
      标签: ['东区', '交通出行', '南区', '攻略', '烧烤', '自然风光']
      来源: general/general\zhongshan_travel.md
      内容: 金钟水库在东区新安村，绕水库一圈大概12公里全程绿道，有专门的自行车道，可以租车骑行（约20块一小时），也有烧烤场。环境清幽湖水碧绿，节假日人多建议早上去。树木园在南区南外环路，和金钟水库不同，这里以植物科普为主，有竹园木兰园等专类园区，绿道平缓适合老人小孩。

  [4] 周末遛弯（半天闲逛+随便吃点）
      综合得分: 0.6753  (向量:0.3753 + 关键词:0.0000 + 标签:0.3000)
      标签: ['五桂山街道', '交通出行', '南朗街道', '历史文化', '咖啡', '小吃', '攻略', '石岐区', '自然风光', '西区', '购物']
      来源: food/food\scene_guide.md
      内容: - 优先级：顺路 > 轻松 > 不排队
- 推荐类型：街边小吃、咖啡馆、面包店
- 人均预算：30-60元
- 搜关键词：咖啡、小吃、骑楼、老街、公园
- 中山最佳遛弯路线：
  - 石岐老城线：孙文西路→香山商业文化博物馆→白水井大街吃满足面/顺柚记→岐江公园→烟墩山看日落→兴中广场（全程步行）
  - 崖口稻田线：崖口村稻田→向云端咖啡(25元)→崖口云吞(15元)→东堤海景路骑行→煲仔饭(30元)
  - 五桂山户外线：逍遥谷→旗溪村鸡煲→桂南村不荒樟咖啡(28元)

  [5] 带朋友吃遍中山（有好吃的要分享）
      综合得分: 0.6317  (向量:0.3317 + 关键词:0.0000 + 标签:0.3000)
      标签: ['三乡镇', '东升镇', '乳鸽', '小吃', '小榄镇', '攻略', '早茶', '海鲜', '石岐区', '自然风光']
      来源: food/food\scene_guide.md
      内容: - 优先级：体验感 > 特色 > 价格
- 推荐类型：中山地标美食全覆盖
- 人均预算：100-200元（一天）
- 必吃路线：早茶爱群食店→石岐佬乳鸽→崖口煲仔饭→三乡濑粉→小榄炸鱼球→东升脆肉鲩
- 搜索关键词：乳鸽、早茶、濑粉、脆肉鲩、炸鱼球、海鲜

  [6] 深中通道 — 2024年通车，彻底改变了中山的区位格局
      综合得分: 0.5803  (向量:0.4303 + 关键词:0.0000 + 标签:0.1500)
      标签: ['交通出行', '住宿', '南朗街道', '宵夜', '网红打卡', '翠亨新区', '自然风光', '购物']
      来源: general/general\zhongshan_travel.md
      内容: 这绝对是中山近年来最大的交通事件。深中通道2024年6月30日正式通车，全长24公里，是把桥、岛、隧、水下互通集合在一起的世界级超级工程。现在从深圳宝安机场到中山马鞍岛只要30分钟左右，从深圳南山到中山市区大概50分钟。双向8车道，限速100公里每小时。目前暂时免收通行费。
跨市公交也同步开通了。深中001路从深圳前海梦工场北区到中山博览中心，约50分钟票价18元；深中002路从深圳前海到中山国际酒店票价15元。运营时间大概是早上6点半到晚上9点，早晚高峰15分钟一班。微信小程序搜"深中跨市公交"可以查实时班次和买票。自驾的话导航设马鞍岛或者南朗出口，深中通道走到头走翠亨快线15分钟就到南朗了

================================================================================
[2026-05-31 18:35:11] 查询: 中山紫马岭公园 → 中山纪念图书馆 实时路线规划 差评 刷评 避坑 贵 排队
耗时: 1408.9 ms | 命中数: 2 | 阈值: 0.3
--------------------------------------------------------------------------------

  [1] 周末遛弯（半天闲逛+随便吃点）
      综合得分: 0.9031  (向量:0.4231 + 关键词:0.1800 + 标签:0.3000)
      标签: ['五桂山街道', '交通出行', '南朗街道', '历史文化', '咖啡', '小吃', '攻略', '石岐区', '自然风光', '西区', '购物']
      来源: food/food\scene_guide.md
      内容: - 优先级：顺路 > 轻松 > 不排队
- 推荐类型：街边小吃、咖啡馆、面包店
- 人均预算：30-60元
- 搜关键词：咖啡、小吃、骑楼、老街、公园
- 中山最佳遛弯路线：
  - 石岐老城线：孙文西路→香山商业文化博物馆→白水井大街吃满足面/顺柚记→岐江公园→烟墩山看日落→兴中广场（全程步行）
  - 崖口稻田线：崖口村稻田→向云端咖啡(25元)→崖口云吞(15元)→东堤海景路骑行→煲仔饭(30元)
  - 五桂山户外线：逍遥谷→旗溪村鸡煲→桂南村不荒樟咖啡(28元)

  [2] 中山市博物馆 — 2022年新馆，设计感超强
      综合得分: 0.7946  (向量:0.4946 + 关键词:0.0000 + 标签:0.3000)
      标签: ['历史文化', '攻略', '石岐区', '网红打卡', '自然风光']
      来源: general/general\zhongshan_travel.md
      内容: 在石岐区孙文中路197号，2022年新馆开放后成了中山新的文化地标。里面有三个常设展览：中山历史陈列、中山华侨历史、中山非物质文化遗产。最受欢迎的是一比一还原的民国街道场景，拍照非常出片。免费但要提前在"文旅中山"公众号预约，开放时间9点到下午5点，周一闭馆。

================================================================================
[2026-05-31 18:35:12] 查询: 公交方案（推荐） 差评 刷评 避坑 贵 排队
耗时: 984.4 ms | 命中数: 2 | 阈值: 0.3
--------------------------------------------------------------------------------

  [1] 旅游避坑和实用建议
      综合得分: 0.7333  (向量:0.2833 + 关键词:0.1500 + 标签:0.3000)
      标签: ['东升镇', '乳鸽', '五桂山街道', '交通出行', '住宿', '南朗街道', '历史文化', '小榄镇', '攻略', '海鲜', '温泉', '神湾镇', '翠亨新区', '自然风光']
      来源: general/general\zhongshan_travel.md
      内容: 最佳旅行时间是每年10到12月的秋季和3到5月的春季，气温最舒适。夏天6到9月高温多雨还有台风，出行注意天气预报。冬天1到2月湿冷但游客少。3到4月是回南天特别潮湿衣服多带两件。
什么季节吃什么也有讲究：10到12月乳鸽最肥美，11月小榄菊花会品菊花宴，3到5月脆肉鲩最鲜，5到8月吃荔枝菌，10到11月吃神湾菠萝。
有几个景点必须提前预约别跑空——孙中山故居纪念馆要在公众号预约，中山市博物馆要在文旅中山公众号预约，翠亨国家湿地公园也要预约。三个都是周一闭馆。节假日人流量大建议提前2到3天约好。
防坑方面：景区周边的三轮车摩的不要坐价格虚高不安全，叫网约车最靠谱。部分餐厅会推荐高价海鲜点菜前一定

  [2] 周末遛弯（半天闲逛+随便吃点）
      综合得分: 0.5720  (向量:0.2420 + 关键词:0.0300 + 标签:0.3000)
      标签: ['五桂山街道', '交通出行', '南朗街道', '历史文化', '咖啡', '小吃', '攻略', '石岐区', '自然风光', '西区', '购物']
      来源: food/food\scene_guide.md
      内容: - 优先级：顺路 > 轻松 > 不排队
- 推荐类型：街边小吃、咖啡馆、面包店
- 人均预算：30-60元
- 搜关键词：咖啡、小吃、骑楼、老街、公园
- 中山最佳遛弯路线：
  - 石岐老城线：孙文西路→香山商业文化博物馆→白水井大街吃满足面/顺柚记→岐江公园→烟墩山看日落→兴中广场（全程步行）
  - 崖口稻田线：崖口村稻田→向云端咖啡(25元)→崖口云吞(15元)→东堤海景路骑行→煲仔饭(30元)
  - 五桂山户外线：逍遥谷→旗溪村鸡煲→桂南村不荒樟咖啡(28元)

================================================================================
[2026-05-31 18:35:13] 查询: 013路（最快） 差评 刷评 避坑 贵 排队
耗时: 695.1 ms | 命中数: 2 | 阈值: 0.3
--------------------------------------------------------------------------------

  [1] 避坑和实用贴士
      综合得分: 0.5117  (向量:0.1517 + 关键词:0.2100 + 标签:0.1500)
      标签: ['三乡镇', '东升镇', '乳鸽', '历史文化', '小吃', '小榄镇', '攻略', '早茶', '沙溪镇', '海鲜', '石岐区', '自然风光', '购物', '黄圃镇']
      来源: food/food\zhongshan_restaurants.md
      内容: 中山的早茶人均30到50块，基本是广州的三分之一价格，爱群食店6点开门建议8点前到免排队，周一和周四点心还打8折。乳鸽认准12到13天的妙龄鸽，石岐佬建议工作日11点前或17点前到，周末排队至少半小时。省钱吃法：早茶30到50一个人，乳鸽专门店60到80，海鲜大餐100到150。东升镇的脆肉鲩最正宗，沙溪镇的隆都菜最地道，石岐区的乳鸽最集中。三乡濑粉源于清嘉庆年间有200多年历史，上汤是灵魂要放烧鹅和叉烧。小榄菊花会每年11月下旬到12月举行，以菊入馔是中山独有文化。黄圃镇的腊味可以真空包装带回家，煲仔饭放几片腊肠满分。

  [2] 旅游避坑和实用建议
      综合得分: 0.4285  (向量:0.1285 + 关键词:0.1500 + 标签:0.1500)
      标签: ['东升镇', '乳鸽', '五桂山街道', '交通出行', '住宿', '南朗街道', '历史文化', '小榄镇', '攻略', '海鲜', '温泉', '神湾镇', '翠亨新区', '自然风光']
      来源: general/general\zhongshan_travel.md
      内容: 最佳旅行时间是每年10到12月的秋季和3到5月的春季，气温最舒适。夏天6到9月高温多雨还有台风，出行注意天气预报。冬天1到2月湿冷但游客少。3到4月是回南天特别潮湿衣服多带两件。
什么季节吃什么也有讲究：10到12月乳鸽最肥美，11月小榄菊花会品菊花宴，3到5月脆肉鲩最鲜，5到8月吃荔枝菌，10到11月吃神湾菠萝。
有几个景点必须提前预约别跑空——孙中山故居纪念馆要在公众号预约，中山市博物馆要在文旅中山公众号预约，翠亨国家湿地公园也要预约。三个都是周一闭馆。节假日人流量大建议提前2到3天约好。
防坑方面：景区周边的三轮车摩的不要坐价格虚高不安全，叫网约车最靠谱。部分餐厅会推荐高价海鲜点菜前一定

================================================================================
[2026-05-31 18:52:49] 查询: 🚌 公交方案（推荐） 差评 刷评 避坑 贵 排队
耗时: 804.9 ms | 命中数: 2 | 阈值: 0.3
--------------------------------------------------------------------------------

  [1] 旅游避坑和实用建议
      综合得分: 0.7382  (向量:0.2882 + 关键词:0.1500 + 标签:0.3000)
      标签: ['东升镇', '乳鸽', '五桂山街道', '交通出行', '住宿', '南朗街道', '历史文化', '小榄镇', '攻略', '海鲜', '温泉', '神湾镇', '翠亨新区', '自然风光']
      来源: general/general\zhongshan_travel.md
      内容: 最佳旅行时间是每年10到12月的秋季和3到5月的春季，气温最舒适。夏天6到9月高温多雨还有台风，出行注意天气预报。冬天1到2月湿冷但游客少。3到4月是回南天特别潮湿衣服多带两件。
什么季节吃什么也有讲究：10到12月乳鸽最肥美，11月小榄菊花会品菊花宴，3到5月脆肉鲩最鲜，5到8月吃荔枝菌，10到11月吃神湾菠萝。
有几个景点必须提前预约别跑空——孙中山故居纪念馆要在公众号预约，中山市博物馆要在文旅中山公众号预约，翠亨国家湿地公园也要预约。三个都是周一闭馆。节假日人流量大建议提前2到3天约好。
防坑方面：景区周边的三轮车摩的不要坐价格虚高不安全，叫网约车最靠谱。部分餐厅会推荐高价海鲜点菜前一定

  [2] 周末遛弯（半天闲逛+随便吃点）
      综合得分: 0.5963  (向量:0.2663 + 关键词:0.0300 + 标签:0.3000)
      标签: ['五桂山街道', '交通出行', '南朗街道', '历史文化', '咖啡', '小吃', '攻略', '石岐区', '自然风光', '西区', '购物']
      来源: food/food\scene_guide.md
      内容: - 优先级：顺路 > 轻松 > 不排队
- 推荐类型：街边小吃、咖啡馆、面包店
- 人均预算：30-60元
- 搜关键词：咖啡、小吃、骑楼、老街、公园
- 中山最佳遛弯路线：
  - 石岐老城线：孙文西路→香山商业文化博物馆→白水井大街吃满足面/顺柚记→岐江公园→烟墩山看日落→兴中广场（全程步行）
  - 崖口稻田线：崖口村稻田→向云端咖啡(25元)→崖口云吞(15元)→东堤海景路骑行→煲仔饭(30元)
  - 五桂山户外线：逍遥谷→旗溪村鸡煲→桂南村不荒樟咖啡(28元)

================================================================================
[2026-05-31 18:52:50] 查询: 013路/003路（最快24分钟） 差评 刷评 避坑 贵 排队
耗时: 560.8 ms | 命中数: 2 | 阈值: 0.3
--------------------------------------------------------------------------------

  [1] 避坑和实用贴士
      综合得分: 0.5104  (向量:0.1504 + 关键词:0.2100 + 标签:0.1500)
      标签: ['三乡镇', '东升镇', '乳鸽', '历史文化', '小吃', '小榄镇', '攻略', '早茶', '沙溪镇', '海鲜', '石岐区', '自然风光', '购物', '黄圃镇']
      来源: food/food\zhongshan_restaurants.md
      内容: 中山的早茶人均30到50块，基本是广州的三分之一价格，爱群食店6点开门建议8点前到免排队，周一和周四点心还打8折。乳鸽认准12到13天的妙龄鸽，石岐佬建议工作日11点前或17点前到，周末排队至少半小时。省钱吃法：早茶30到50一个人，乳鸽专门店60到80，海鲜大餐100到150。东升镇的脆肉鲩最正宗，沙溪镇的隆都菜最地道，石岐区的乳鸽最集中。三乡濑粉源于清嘉庆年间有200多年历史，上汤是灵魂要放烧鹅和叉烧。小榄菊花会每年11月下旬到12月举行，以菊入馔是中山独有文化。黄圃镇的腊味可以真空包装带回家，煲仔饭放几片腊肠满分。

  [2] 旅游避坑和实用建议
      综合得分: 0.4363  (向量:0.1363 + 关键词:0.1500 + 标签:0.1500)
      标签: ['东升镇', '乳鸽', '五桂山街道', '交通出行', '住宿', '南朗街道', '历史文化', '小榄镇', '攻略', '海鲜', '温泉', '神湾镇', '翠亨新区', '自然风光']
      来源: general/general\zhongshan_travel.md
      内容: 最佳旅行时间是每年10到12月的秋季和3到5月的春季，气温最舒适。夏天6到9月高温多雨还有台风，出行注意天气预报。冬天1到2月湿冷但游客少。3到4月是回南天特别潮湿衣服多带两件。
什么季节吃什么也有讲究：10到12月乳鸽最肥美，11月小榄菊花会品菊花宴，3到5月脆肉鲩最鲜，5到8月吃荔枝菌，10到11月吃神湾菠萝。
有几个景点必须提前预约别跑空——孙中山故居纪念馆要在公众号预约，中山市博物馆要在文旅中山公众号预约，翠亨国家湿地公园也要预约。三个都是周一闭馆。节假日人流量大建议提前2到3天约好。
防坑方面：景区周边的三轮车摩的不要坐价格虚高不安全，叫网约车最靠谱。部分餐厅会推荐高价海鲜点菜前一定

================================================================================
[2026-05-31 18:52:50] 查询: 总耗时 差评 刷评 避坑 贵 排队
耗时: 470.2 ms | 命中数: 2 | 阈值: 0.3
--------------------------------------------------------------------------------

  [1] 避坑和实用贴士
      综合得分: 0.5057  (向量:0.1457 + 关键词:0.2100 + 标签:0.1500)
      标签: ['三乡镇', '东升镇', '乳鸽', '历史文化', '小吃', '小榄镇', '攻略', '早茶', '沙溪镇', '海鲜', '石岐区', '自然风光', '购物', '黄圃镇']
      来源: food/food\zhongshan_restaurants.md
      内容: 中山的早茶人均30到50块，基本是广州的三分之一价格，爱群食店6点开门建议8点前到免排队，周一和周四点心还打8折。乳鸽认准12到13天的妙龄鸽，石岐佬建议工作日11点前或17点前到，周末排队至少半小时。省钱吃法：早茶30到50一个人，乳鸽专门店60到80，海鲜大餐100到150。东升镇的脆肉鲩最正宗，沙溪镇的隆都菜最地道，石岐区的乳鸽最集中。三乡濑粉源于清嘉庆年间有200多年历史，上汤是灵魂要放烧鹅和叉烧。小榄菊花会每年11月下旬到12月举行，以菊入馔是中山独有文化。黄圃镇的腊味可以真空包装带回家，煲仔饭放几片腊肠满分。

  [2] 旅游避坑和实用建议
      综合得分: 0.4541  (向量:0.1541 + 关键词:0.1500 + 标签:0.1500)
      标签: ['东升镇', '乳鸽', '五桂山街道', '交通出行', '住宿', '南朗街道', '历史文化', '小榄镇', '攻略', '海鲜', '温泉', '神湾镇', '翠亨新区', '自然风光']
      来源: general/general\zhongshan_travel.md
      内容: 最佳旅行时间是每年10到12月的秋季和3到5月的春季，气温最舒适。夏天6到9月高温多雨还有台风，出行注意天气预报。冬天1到2月湿冷但游客少。3到4月是回南天特别潮湿衣服多带两件。
什么季节吃什么也有讲究：10到12月乳鸽最肥美，11月小榄菊花会品菊花宴，3到5月脆肉鲩最鲜，5到8月吃荔枝菌，10到11月吃神湾菠萝。
有几个景点必须提前预约别跑空——孙中山故居纪念馆要在公众号预约，中山市博物馆要在文旅中山公众号预约，翠亨国家湿地公园也要预约。三个都是周一闭馆。节假日人流量大建议提前2到3天约好。
防坑方面：景区周边的三轮车摩的不要坐价格虚高不安全，叫网约车最靠谱。部分餐厅会推荐高价海鲜点菜前一定

================================================================================
[2026-05-31 18:59:09] 查询: 中山纪念图书馆到紫马岭公园 路线规划 公交 打车 步行
耗时: 930.1 ms | 命中数: 6 | 阈值: 0.3
--------------------------------------------------------------------------------

  [1] 孙中山故里旅游区 — 5A景区，中山最核心的文化地标
      综合得分: 0.9295  (向量:0.4495 + 关键词:0.0300 + 标签:0.4500)
      标签: ['交通出行', '南朗街道', '历史文化', '攻略', '网红打卡', '自然风光']
      来源: general/general\zhongshan_travel.md
      内容: 这个景区在南朗街道翠亨村，翠亨大道93号，是中山唯一的5A级景区。整个旅游区包括孙中山故居纪念馆、中山影视城、辛亥革命纪念公园和犁头尖山几个部分。故居纪念馆是免费的，但要在孙中山故居纪念馆公众号上提前预约。影视城单独收费65块。开放时间是早上9点到下午5点半，周一闭馆（节假日正常开放），千万别周一跑来吃闭门羹。
孙中山故居本身是1892年孙中山亲自设计建造的二层砖木结构楼房，红墙绿瓦中西合璧的风格，里面展示了孙中山出生和成长的环境。门口那棵酸子树是孙中山1883年从檀香山带回来的树种，活到现在也是个奇迹。交通方面，坐广珠城轨到南朗站下车转公交就能到，自驾的话停车也方便。
中山影视城就在故居旁边

  [2] 中山市区交通和广珠城轨
      综合得分: 0.9263  (向量:0.4763 + 关键词:0.1500 + 标签:0.3000)
      标签: ['交通出行', '南朗街道', '古镇镇', '小榄镇', '火炬开发区', '石岐区', '自然风光', '西区']
      来源: general/general\zhongshan_travel.md
      内容: 中山市区景点集中在石岐老城区，范围不大，走路加共享单车加公交组合最划算。公交起步2块支持微信支付宝乘车码，BRT快速公交覆盖主要干道。网约车起步约8到10块市区内打车一般20到40。骑共享单车逛老城区很舒服，孙文西路岐江公园一带全程步行就行。
广珠城轨有五个站要看清楚——中山站（火炬开发区和东区交界停靠车次多）、中山北站（石岐区离老城区最近）、小榄站（西北部去古镇灯都）、南朗站（去孙中山故里和崖口村最近）、古镇站（灯都）。广州南站到中山站约30分钟票价40块，珠海站到中山站约25到30分钟票价35块。自驾的话广州过来走广珠西线高速约90分钟，珠海澳门过来经广澳高速约40分钟。

  [3] 周末遛弯（半天闲逛+随便吃点）
      综合得分: 0.9095  (向量:0.4295 + 关键词:0.0300 + 标签:0.4500)
      标签: ['五桂山街道', '交通出行', '南朗街道', '历史文化', '咖啡', '小吃', '攻略', '石岐区', '自然风光', '西区', '购物']
      来源: food/food\scene_guide.md
      内容: - 优先级：顺路 > 轻松 > 不排队
- 推荐类型：街边小吃、咖啡馆、面包店
- 人均预算：30-60元
- 搜关键词：咖啡、小吃、骑楼、老街、公园
- 中山最佳遛弯路线：
  - 石岐老城线：孙文西路→香山商业文化博物馆→白水井大街吃满足面/顺柚记→岐江公园→烟墩山看日落→兴中广场（全程步行）
  - 崖口稻田线：崖口村稻田→向云端咖啡(25元)→崖口云吞(15元)→东堤海景路骑行→煲仔饭(30元)
  - 五桂山户外线：逍遥谷→旗溪村鸡煲→桂南村不荒樟咖啡(28元)

  [4] 金钟水库和树木园 — 中山人周末最爱去的城市绿肺
      综合得分: 0.8549  (向量:0.4049 + 关键词:0.0000 + 标签:0.4500)
      标签: ['东区', '交通出行', '南区', '攻略', '烧烤', '自然风光']
      来源: general/general\zhongshan_travel.md
      内容: 金钟水库在东区新安村，绕水库一圈大概12公里全程绿道，有专门的自行车道，可以租车骑行（约20块一小时），也有烧烤场。环境清幽湖水碧绿，节假日人多建议早上去。树木园在南区南外环路，和金钟水库不同，这里以植物科普为主，有竹园木兰园等专类园区，绿道平缓适合老人小孩。

  [5] 深中通道 — 2024年通车，彻底改变了中山的区位格局
      综合得分: 0.8517  (向量:0.4917 + 关键词:0.0600 + 标签:0.3000)
      标签: ['交通出行', '住宿', '南朗街道', '宵夜', '网红打卡', '翠亨新区', '自然风光', '购物']
      来源: general/general\zhongshan_travel.md
      内容: 这绝对是中山近年来最大的交通事件。深中通道2024年6月30日正式通车，全长24公里，是把桥、岛、隧、水下互通集合在一起的世界级超级工程。现在从深圳宝安机场到中山马鞍岛只要30分钟左右，从深圳南山到中山市区大概50分钟。双向8车道，限速100公里每小时。目前暂时免收通行费。
跨市公交也同步开通了。深中001路从深圳前海梦工场北区到中山博览中心，约50分钟票价18元；深中002路从深圳前海到中山国际酒店票价15元。运营时间大概是早上6点半到晚上9点，早晚高峰15分钟一班。微信小程序搜"深中跨市公交"可以查实时班次和买票。自驾的话导航设马鞍岛或者南朗出口，深中通道走到头走翠亨快线15分钟就到南朗了

  [6] 中山市博物馆 — 2022年新馆，设计感超强
      综合得分: 0.7994  (向量:0.4994 + 关键词:0.0000 + 标签:0.3000)
      标签: ['历史文化', '攻略', '石岐区', '网红打卡', '自然风光']
      来源: general/general\zhongshan_travel.md
      内容: 在石岐区孙文中路197号，2022年新馆开放后成了中山新的文化地标。里面有三个常设展览：中山历史陈列、中山华侨历史、中山非物质文化遗产。最受欢迎的是一比一还原的民国街道场景，拍照非常出片。免费但要提前在"文旅中山"公众号预约，开放时间9点到下午5点，周一闭馆。

================================================================================
[2026-05-31 19:00:14] 查询: 🚌 公交方案（推荐） 差评 刷评 避坑 贵 排队
耗时: 670.3 ms | 命中数: 2 | 阈值: 0.3
--------------------------------------------------------------------------------

  [1] 旅游避坑和实用建议
      综合得分: 0.7382  (向量:0.2882 + 关键词:0.1500 + 标签:0.3000)
      标签: ['东升镇', '乳鸽', '五桂山街道', '交通出行', '住宿', '南朗街道', '历史文化', '小榄镇', '攻略', '海鲜', '温泉', '神湾镇', '翠亨新区', '自然风光']
      来源: general/general\zhongshan_travel.md
      内容: 最佳旅行时间是每年10到12月的秋季和3到5月的春季，气温最舒适。夏天6到9月高温多雨还有台风，出行注意天气预报。冬天1到2月湿冷但游客少。3到4月是回南天特别潮湿衣服多带两件。
什么季节吃什么也有讲究：10到12月乳鸽最肥美，11月小榄菊花会品菊花宴，3到5月脆肉鲩最鲜，5到8月吃荔枝菌，10到11月吃神湾菠萝。
有几个景点必须提前预约别跑空——孙中山故居纪念馆要在公众号预约，中山市博物馆要在文旅中山公众号预约，翠亨国家湿地公园也要预约。三个都是周一闭馆。节假日人流量大建议提前2到3天约好。
防坑方面：景区周边的三轮车摩的不要坐价格虚高不安全，叫网约车最靠谱。部分餐厅会推荐高价海鲜点菜前一定

  [2] 周末遛弯（半天闲逛+随便吃点）
      综合得分: 0.5963  (向量:0.2663 + 关键词:0.0300 + 标签:0.3000)
      标签: ['五桂山街道', '交通出行', '南朗街道', '历史文化', '咖啡', '小吃', '攻略', '石岐区', '自然风光', '西区', '购物']
      来源: food/food\scene_guide.md
      内容: - 优先级：顺路 > 轻松 > 不排队
- 推荐类型：街边小吃、咖啡馆、面包店
- 人均预算：30-60元
- 搜关键词：咖啡、小吃、骑楼、老街、公园
- 中山最佳遛弯路线：
  - 石岐老城线：孙文西路→香山商业文化博物馆→白水井大街吃满足面/顺柚记→岐江公园→烟墩山看日落→兴中广场（全程步行）
  - 崖口稻田线：崖口村稻田→向云端咖啡(25元)→崖口云吞(15元)→东堤海景路骑行→煲仔饭(30元)
  - 五桂山户外线：逍遥谷→旗溪村鸡煲→桂南村不荒樟咖啡(28元)

================================================================================
[2026-05-31 19:00:14] 查询: 013路直达线 差评 刷评 避坑 贵 排队
耗时: 615.2 ms | 命中数: 2 | 阈值: 0.3
--------------------------------------------------------------------------------

  [1] 避坑和实用贴士
      综合得分: 0.4976  (向量:0.1376 + 关键词:0.2100 + 标签:0.1500)
      标签: ['三乡镇', '东升镇', '乳鸽', '历史文化', '小吃', '小榄镇', '攻略', '早茶', '沙溪镇', '海鲜', '石岐区', '自然风光', '购物', '黄圃镇']
      来源: food/food\zhongshan_restaurants.md
      内容: 中山的早茶人均30到50块，基本是广州的三分之一价格，爱群食店6点开门建议8点前到免排队，周一和周四点心还打8折。乳鸽认准12到13天的妙龄鸽，石岐佬建议工作日11点前或17点前到，周末排队至少半小时。省钱吃法：早茶30到50一个人，乳鸽专门店60到80，海鲜大餐100到150。东升镇的脆肉鲩最正宗，沙溪镇的隆都菜最地道，石岐区的乳鸽最集中。三乡濑粉源于清嘉庆年间有200多年历史，上汤是灵魂要放烧鹅和叉烧。小榄菊花会每年11月下旬到12月举行，以菊入馔是中山独有文化。黄圃镇的腊味可以真空包装带回家，煲仔饭放几片腊肠满分。

  [2] 旅游避坑和实用建议
      综合得分: 0.4044  (向量:0.1044 + 关键词:0.1500 + 标签:0.1500)
      标签: ['东升镇', '乳鸽', '五桂山街道', '交通出行', '住宿', '南朗街道', '历史文化', '小榄镇', '攻略', '海鲜', '温泉', '神湾镇', '翠亨新区', '自然风光']
      来源: general/general\zhongshan_travel.md
      内容: 最佳旅行时间是每年10到12月的秋季和3到5月的春季，气温最舒适。夏天6到9月高温多雨还有台风，出行注意天气预报。冬天1到2月湿冷但游客少。3到4月是回南天特别潮湿衣服多带两件。
什么季节吃什么也有讲究：10到12月乳鸽最肥美，11月小榄菊花会品菊花宴，3到5月脆肉鲩最鲜，5到8月吃荔枝菌，10到11月吃神湾菠萝。
有几个景点必须提前预约别跑空——孙中山故居纪念馆要在公众号预约，中山市博物馆要在文旅中山公众号预约，翠亨国家湿地公园也要预约。三个都是周一闭馆。节假日人流量大建议提前2到3天约好。
防坑方面：景区周边的三轮车摩的不要坐价格虚高不安全，叫网约车最靠谱。部分餐厅会推荐高价海鲜点菜前一定

================================================================================
[2026-05-31 19:00:15] 查询: 路线 差评 刷评 避坑 贵 排队
耗时: 590.4 ms | 命中数: 2 | 阈值: 0.3
--------------------------------------------------------------------------------

  [1] 避坑和实用贴士
      综合得分: 0.5560  (向量:0.1960 + 关键词:0.2100 + 标签:0.1500)
      标签: ['三乡镇', '东升镇', '乳鸽', '历史文化', '小吃', '小榄镇', '攻略', '早茶', '沙溪镇', '海鲜', '石岐区', '自然风光', '购物', '黄圃镇']
      来源: food/food\zhongshan_restaurants.md
      内容: 中山的早茶人均30到50块，基本是广州的三分之一价格，爱群食店6点开门建议8点前到免排队，周一和周四点心还打8折。乳鸽认准12到13天的妙龄鸽，石岐佬建议工作日11点前或17点前到，周末排队至少半小时。省钱吃法：早茶30到50一个人，乳鸽专门店60到80，海鲜大餐100到150。东升镇的脆肉鲩最正宗，沙溪镇的隆都菜最地道，石岐区的乳鸽最集中。三乡濑粉源于清嘉庆年间有200多年历史，上汤是灵魂要放烧鹅和叉烧。小榄菊花会每年11月下旬到12月举行，以菊入馔是中山独有文化。黄圃镇的腊味可以真空包装带回家，煲仔饭放几片腊肠满分。

  [2] 旅游避坑和实用建议
      综合得分: 0.5548  (向量:0.2548 + 关键词:0.1500 + 标签:0.1500)
      标签: ['东升镇', '乳鸽', '五桂山街道', '交通出行', '住宿', '南朗街道', '历史文化', '小榄镇', '攻略', '海鲜', '温泉', '神湾镇', '翠亨新区', '自然风光']
      来源: general/general\zhongshan_travel.md
      内容: 最佳旅行时间是每年10到12月的秋季和3到5月的春季，气温最舒适。夏天6到9月高温多雨还有台风，出行注意天气预报。冬天1到2月湿冷但游客少。3到4月是回南天特别潮湿衣服多带两件。
什么季节吃什么也有讲究：10到12月乳鸽最肥美，11月小榄菊花会品菊花宴，3到5月脆肉鲩最鲜，5到8月吃荔枝菌，10到11月吃神湾菠萝。
有几个景点必须提前预约别跑空——孙中山故居纪念馆要在公众号预约，中山市博物馆要在文旅中山公众号预约，翠亨国家湿地公园也要预约。三个都是周一闭馆。节假日人流量大建议提前2到3天约好。
防坑方面：景区周边的三轮车摩的不要坐价格虚高不安全，叫网约车最靠谱。部分餐厅会推荐高价海鲜点菜前一定

================================================================================
[2026-05-31 19:03:55] 查询: 013路直达线 差评 刷评 避坑 贵 排队
耗时: 1401.0 ms | 命中数: 2 | 阈值: 0.3
--------------------------------------------------------------------------------

  [1] 避坑和实用贴士
      综合得分: 0.4976  (向量:0.1376 + 关键词:0.2100 + 标签:0.1500)
      标签: ['三乡镇', '东升镇', '乳鸽', '历史文化', '小吃', '小榄镇', '攻略', '早茶', '沙溪镇', '海鲜', '石岐区', '自然风光', '购物', '黄圃镇']
      来源: food/food\zhongshan_restaurants.md
      内容: 中山的早茶人均30到50块，基本是广州的三分之一价格，爱群食店6点开门建议8点前到免排队，周一和周四点心还打8折。乳鸽认准12到13天的妙龄鸽，石岐佬建议工作日11点前或17点前到，周末排队至少半小时。省钱吃法：早茶30到50一个人，乳鸽专门店60到80，海鲜大餐100到150。东升镇的脆肉鲩最正宗，沙溪镇的隆都菜最地道，石岐区的乳鸽最集中。三乡濑粉源于清嘉庆年间有200多年历史，上汤是灵魂要放烧鹅和叉烧。小榄菊花会每年11月下旬到12月举行，以菊入馔是中山独有文化。黄圃镇的腊味可以真空包装带回家，煲仔饭放几片腊肠满分。

  [2] 旅游避坑和实用建议
      综合得分: 0.4044  (向量:0.1044 + 关键词:0.1500 + 标签:0.1500)
      标签: ['东升镇', '乳鸽', '五桂山街道', '交通出行', '住宿', '南朗街道', '历史文化', '小榄镇', '攻略', '海鲜', '温泉', '神湾镇', '翠亨新区', '自然风光']
      来源: general/general\zhongshan_travel.md
      内容: 最佳旅行时间是每年10到12月的秋季和3到5月的春季，气温最舒适。夏天6到9月高温多雨还有台风，出行注意天气预报。冬天1到2月湿冷但游客少。3到4月是回南天特别潮湿衣服多带两件。
什么季节吃什么也有讲究：10到12月乳鸽最肥美，11月小榄菊花会品菊花宴，3到5月脆肉鲩最鲜，5到8月吃荔枝菌，10到11月吃神湾菠萝。
有几个景点必须提前预约别跑空——孙中山故居纪念馆要在公众号预约，中山市博物馆要在文旅中山公众号预约，翠亨国家湿地公园也要预约。三个都是周一闭馆。节假日人流量大建议提前2到3天约好。
防坑方面：景区周边的三轮车摩的不要坐价格虚高不安全，叫网约车最靠谱。部分餐厅会推荐高价海鲜点菜前一定

================================================================================
[2026-05-31 19:03:56] 查询: 路线 差评 刷评 避坑 贵 排队
耗时: 674.9 ms | 命中数: 2 | 阈值: 0.3
--------------------------------------------------------------------------------

  [1] 避坑和实用贴士
      综合得分: 0.5560  (向量:0.1960 + 关键词:0.2100 + 标签:0.1500)
      标签: ['三乡镇', '东升镇', '乳鸽', '历史文化', '小吃', '小榄镇', '攻略', '早茶', '沙溪镇', '海鲜', '石岐区', '自然风光', '购物', '黄圃镇']
      来源: food/food\zhongshan_restaurants.md
      内容: 中山的早茶人均30到50块，基本是广州的三分之一价格，爱群食店6点开门建议8点前到免排队，周一和周四点心还打8折。乳鸽认准12到13天的妙龄鸽，石岐佬建议工作日11点前或17点前到，周末排队至少半小时。省钱吃法：早茶30到50一个人，乳鸽专门店60到80，海鲜大餐100到150。东升镇的脆肉鲩最正宗，沙溪镇的隆都菜最地道，石岐区的乳鸽最集中。三乡濑粉源于清嘉庆年间有200多年历史，上汤是灵魂要放烧鹅和叉烧。小榄菊花会每年11月下旬到12月举行，以菊入馔是中山独有文化。黄圃镇的腊味可以真空包装带回家，煲仔饭放几片腊肠满分。

  [2] 旅游避坑和实用建议
      综合得分: 0.5548  (向量:0.2548 + 关键词:0.1500 + 标签:0.1500)
      标签: ['东升镇', '乳鸽', '五桂山街道', '交通出行', '住宿', '南朗街道', '历史文化', '小榄镇', '攻略', '海鲜', '温泉', '神湾镇', '翠亨新区', '自然风光']
      来源: general/general\zhongshan_travel.md
      内容: 最佳旅行时间是每年10到12月的秋季和3到5月的春季，气温最舒适。夏天6到9月高温多雨还有台风，出行注意天气预报。冬天1到2月湿冷但游客少。3到4月是回南天特别潮湿衣服多带两件。
什么季节吃什么也有讲究：10到12月乳鸽最肥美，11月小榄菊花会品菊花宴，3到5月脆肉鲩最鲜，5到8月吃荔枝菌，10到11月吃神湾菠萝。
有几个景点必须提前预约别跑空——孙中山故居纪念馆要在公众号预约，中山市博物馆要在文旅中山公众号预约，翠亨国家湿地公园也要预约。三个都是周一闭馆。节假日人流量大建议提前2到3天约好。
防坑方面：景区周边的三轮车摩的不要坐价格虚高不安全，叫网约车最靠谱。部分餐厅会推荐高价海鲜点菜前一定

================================================================================
[2026-05-31 19:03:57] 查询: 耗时 差评 刷评 避坑 贵 排队
耗时: 899.5 ms | 命中数: 2 | 阈值: 0.3
--------------------------------------------------------------------------------

  [1] 避坑和实用贴士
      综合得分: 0.4930  (向量:0.1330 + 关键词:0.2100 + 标签:0.1500)
      标签: ['三乡镇', '东升镇', '乳鸽', '历史文化', '小吃', '小榄镇', '攻略', '早茶', '沙溪镇', '海鲜', '石岐区', '自然风光', '购物', '黄圃镇']
      来源: food/food\zhongshan_restaurants.md
      内容: 中山的早茶人均30到50块，基本是广州的三分之一价格，爱群食店6点开门建议8点前到免排队，周一和周四点心还打8折。乳鸽认准12到13天的妙龄鸽，石岐佬建议工作日11点前或17点前到，周末排队至少半小时。省钱吃法：早茶30到50一个人，乳鸽专门店60到80，海鲜大餐100到150。东升镇的脆肉鲩最正宗，沙溪镇的隆都菜最地道，石岐区的乳鸽最集中。三乡濑粉源于清嘉庆年间有200多年历史，上汤是灵魂要放烧鹅和叉烧。小榄菊花会每年11月下旬到12月举行，以菊入馔是中山独有文化。黄圃镇的腊味可以真空包装带回家，煲仔饭放几片腊肠满分。

  [2] 旅游避坑和实用建议
      综合得分: 0.4180  (向量:0.1180 + 关键词:0.1500 + 标签:0.1500)
      标签: ['东升镇', '乳鸽', '五桂山街道', '交通出行', '住宿', '南朗街道', '历史文化', '小榄镇', '攻略', '海鲜', '温泉', '神湾镇', '翠亨新区', '自然风光']
      来源: general/general\zhongshan_travel.md
      内容: 最佳旅行时间是每年10到12月的秋季和3到5月的春季，气温最舒适。夏天6到9月高温多雨还有台风，出行注意天气预报。冬天1到2月湿冷但游客少。3到4月是回南天特别潮湿衣服多带两件。
什么季节吃什么也有讲究：10到12月乳鸽最肥美，11月小榄菊花会品菊花宴，3到5月脆肉鲩最鲜，5到8月吃荔枝菌，10到11月吃神湾菠萝。
有几个景点必须提前预约别跑空——孙中山故居纪念馆要在公众号预约，中山市博物馆要在文旅中山公众号预约，翠亨国家湿地公园也要预约。三个都是周一闭馆。节假日人流量大建议提前2到3天约好。
防坑方面：景区周边的三轮车摩的不要坐价格虚高不安全，叫网约车最靠谱。部分餐厅会推荐高价海鲜点菜前一定

================================================================================
[2026-05-31 19:05:40] 查询: 紫马岭公园 中山纪念图书馆 路线规划 公交 打车 步行
耗时: 647.2 ms | 命中数: 6 | 阈值: 0.3
--------------------------------------------------------------------------------

  [1] 孙中山故里旅游区 — 5A景区，中山最核心的文化地标
      综合得分: 0.9209  (向量:0.4409 + 关键词:0.0300 + 标签:0.4500)
      标签: ['交通出行', '南朗街道', '历史文化', '攻略', '网红打卡', '自然风光']
      来源: general/general\zhongshan_travel.md
      内容: 这个景区在南朗街道翠亨村，翠亨大道93号，是中山唯一的5A级景区。整个旅游区包括孙中山故居纪念馆、中山影视城、辛亥革命纪念公园和犁头尖山几个部分。故居纪念馆是免费的，但要在孙中山故居纪念馆公众号上提前预约。影视城单独收费65块。开放时间是早上9点到下午5点半，周一闭馆（节假日正常开放），千万别周一跑来吃闭门羹。
孙中山故居本身是1892年孙中山亲自设计建造的二层砖木结构楼房，红墙绿瓦中西合璧的风格，里面展示了孙中山出生和成长的环境。门口那棵酸子树是孙中山1883年从檀香山带回来的树种，活到现在也是个奇迹。交通方面，坐广珠城轨到南朗站下车转公交就能到，自驾的话停车也方便。
中山影视城就在故居旁边

  [2] 周末遛弯（半天闲逛+随便吃点）
      综合得分: 0.9045  (向量:0.4245 + 关键词:0.0300 + 标签:0.4500)
      标签: ['五桂山街道', '交通出行', '南朗街道', '历史文化', '咖啡', '小吃', '攻略', '石岐区', '自然风光', '西区', '购物']
      来源: food/food\scene_guide.md
      内容: - 优先级：顺路 > 轻松 > 不排队
- 推荐类型：街边小吃、咖啡馆、面包店
- 人均预算：30-60元
- 搜关键词：咖啡、小吃、骑楼、老街、公园
- 中山最佳遛弯路线：
  - 石岐老城线：孙文西路→香山商业文化博物馆→白水井大街吃满足面/顺柚记→岐江公园→烟墩山看日落→兴中广场（全程步行）
  - 崖口稻田线：崖口村稻田→向云端咖啡(25元)→崖口云吞(15元)→东堤海景路骑行→煲仔饭(30元)
  - 五桂山户外线：逍遥谷→旗溪村鸡煲→桂南村不荒樟咖啡(28元)

  [3] 中山市区交通和广珠城轨
      综合得分: 0.8969  (向量:0.4469 + 关键词:0.1500 + 标签:0.3000)
      标签: ['交通出行', '南朗街道', '古镇镇', '小榄镇', '火炬开发区', '石岐区', '自然风光', '西区']
      来源: general/general\zhongshan_travel.md
      内容: 中山市区景点集中在石岐老城区，范围不大，走路加共享单车加公交组合最划算。公交起步2块支持微信支付宝乘车码，BRT快速公交覆盖主要干道。网约车起步约8到10块市区内打车一般20到40。骑共享单车逛老城区很舒服，孙文西路岐江公园一带全程步行就行。
广珠城轨有五个站要看清楚——中山站（火炬开发区和东区交界停靠车次多）、中山北站（石岐区离老城区最近）、小榄站（西北部去古镇灯都）、南朗站（去孙中山故里和崖口村最近）、古镇站（灯都）。广州南站到中山站约30分钟票价40块，珠海站到中山站约25到30分钟票价35块。自驾的话广州过来走广珠西线高速约90分钟，珠海澳门过来经广澳高速约40分钟。

  [4] 金钟水库和树木园 — 中山人周末最爱去的城市绿肺
      综合得分: 0.8681  (向量:0.4181 + 关键词:0.0000 + 标签:0.4500)
      标签: ['东区', '交通出行', '南区', '攻略', '烧烤', '自然风光']
      来源: general/general\zhongshan_travel.md
      内容: 金钟水库在东区新安村，绕水库一圈大概12公里全程绿道，有专门的自行车道，可以租车骑行（约20块一小时），也有烧烤场。环境清幽湖水碧绿，节假日人多建议早上去。树木园在南区南外环路，和金钟水库不同，这里以植物科普为主，有竹园木兰园等专类园区，绿道平缓适合老人小孩。

  [5] 深中通道 — 2024年通车，彻底改变了中山的区位格局
      综合得分: 0.8112  (向量:0.4512 + 关键词:0.0600 + 标签:0.3000)
      标签: ['交通出行', '住宿', '南朗街道', '宵夜', '网红打卡', '翠亨新区', '自然风光', '购物']
      来源: general/general\zhongshan_travel.md
      内容: 这绝对是中山近年来最大的交通事件。深中通道2024年6月30日正式通车，全长24公里，是把桥、岛、隧、水下互通集合在一起的世界级超级工程。现在从深圳宝安机场到中山马鞍岛只要30分钟左右，从深圳南山到中山市区大概50分钟。双向8车道，限速100公里每小时。目前暂时免收通行费。
跨市公交也同步开通了。深中001路从深圳前海梦工场北区到中山博览中心，约50分钟票价18元；深中002路从深圳前海到中山国际酒店票价15元。运营时间大概是早上6点半到晚上9点，早晚高峰15分钟一班。微信小程序搜"深中跨市公交"可以查实时班次和买票。自驾的话导航设马鞍岛或者南朗出口，深中通道走到头走翠亨快线15分钟就到南朗了

  [6] 中山市博物馆 — 2022年新馆，设计感超强
      综合得分: 0.7895  (向量:0.4895 + 关键词:0.0000 + 标签:0.3000)
      标签: ['历史文化', '攻略', '石岐区', '网红打卡', '自然风光']
      来源: general/general\zhongshan_travel.md
      内容: 在石岐区孙文中路197号，2022年新馆开放后成了中山新的文化地标。里面有三个常设展览：中山历史陈列、中山华侨历史、中山非物质文化遗产。最受欢迎的是一比一还原的民国街道场景，拍照非常出片。免费但要提前在"文旅中山"公众号预约，开放时间9点到下午5点，周一闭馆。

================================================================================
[2026-05-31 19:06:42] 查询: 公交方案（推荐B19路） 差评 刷评 避坑 贵 排队
耗时: 972.1 ms | 命中数: 2 | 阈值: 0.3
--------------------------------------------------------------------------------

  [1] 旅游避坑和实用建议
      综合得分: 0.6984  (向量:0.2484 + 关键词:0.1500 + 标签:0.3000)
      标签: ['东升镇', '乳鸽', '五桂山街道', '交通出行', '住宿', '南朗街道', '历史文化', '小榄镇', '攻略', '海鲜', '温泉', '神湾镇', '翠亨新区', '自然风光']
      来源: general/general\zhongshan_travel.md
      内容: 最佳旅行时间是每年10到12月的秋季和3到5月的春季，气温最舒适。夏天6到9月高温多雨还有台风，出行注意天气预报。冬天1到2月湿冷但游客少。3到4月是回南天特别潮湿衣服多带两件。
什么季节吃什么也有讲究：10到12月乳鸽最肥美，11月小榄菊花会品菊花宴，3到5月脆肉鲩最鲜，5到8月吃荔枝菌，10到11月吃神湾菠萝。
有几个景点必须提前预约别跑空——孙中山故居纪念馆要在公众号预约，中山市博物馆要在文旅中山公众号预约，翠亨国家湿地公园也要预约。三个都是周一闭馆。节假日人流量大建议提前2到3天约好。
防坑方面：景区周边的三轮车摩的不要坐价格虚高不安全，叫网约车最靠谱。部分餐厅会推荐高价海鲜点菜前一定

  [2] 周末遛弯（半天闲逛+随便吃点）
      综合得分: 0.5463  (向量:0.2163 + 关键词:0.0300 + 标签:0.3000)
      标签: ['五桂山街道', '交通出行', '南朗街道', '历史文化', '咖啡', '小吃', '攻略', '石岐区', '自然风光', '西区', '购物']
      来源: food/food\scene_guide.md
      内容: - 优先级：顺路 > 轻松 > 不排队
- 推荐类型：街边小吃、咖啡馆、面包店
- 人均预算：30-60元
- 搜关键词：咖啡、小吃、骑楼、老街、公园
- 中山最佳遛弯路线：
  - 石岐老城线：孙文西路→香山商业文化博物馆→白水井大街吃满足面/顺柚记→岐江公园→烟墩山看日落→兴中广场（全程步行）
  - 崖口稻田线：崖口村稻田→向云端咖啡(25元)→崖口云吞(15元)→东堤海景路骑行→煲仔饭(30元)
  - 五桂山户外线：逍遥谷→旗溪村鸡煲→桂南村不荒樟咖啡(28元)

================================================================================
[2026-05-31 19:06:43] 查询: B19路（最快公交） 差评 刷评 避坑 贵 排队
耗时: 688.8 ms | 命中数: 2 | 阈值: 0.3
--------------------------------------------------------------------------------

  [1] 旅游避坑和实用建议
      综合得分: 0.6060  (向量:0.1560 + 关键词:0.1500 + 标签:0.3000)
      标签: ['东升镇', '乳鸽', '五桂山街道', '交通出行', '住宿', '南朗街道', '历史文化', '小榄镇', '攻略', '海鲜', '温泉', '神湾镇', '翠亨新区', '自然风光']
      来源: general/general\zhongshan_travel.md
      内容: 最佳旅行时间是每年10到12月的秋季和3到5月的春季，气温最舒适。夏天6到9月高温多雨还有台风，出行注意天气预报。冬天1到2月湿冷但游客少。3到4月是回南天特别潮湿衣服多带两件。
什么季节吃什么也有讲究：10到12月乳鸽最肥美，11月小榄菊花会品菊花宴，3到5月脆肉鲩最鲜，5到8月吃荔枝菌，10到11月吃神湾菠萝。
有几个景点必须提前预约别跑空——孙中山故居纪念馆要在公众号预约，中山市博物馆要在文旅中山公众号预约，翠亨国家湿地公园也要预约。三个都是周一闭馆。节假日人流量大建议提前2到3天约好。
防坑方面：景区周边的三轮车摩的不要坐价格虚高不安全，叫网约车最靠谱。部分餐厅会推荐高价海鲜点菜前一定

  [2] 周末遛弯（半天闲逛+随便吃点）
      综合得分: 0.5101  (向量:0.1801 + 关键词:0.0300 + 标签:0.3000)
      标签: ['五桂山街道', '交通出行', '南朗街道', '历史文化', '咖啡', '小吃', '攻略', '石岐区', '自然风光', '西区', '购物']
      来源: food/food\scene_guide.md
      内容: - 优先级：顺路 > 轻松 > 不排队
- 推荐类型：街边小吃、咖啡馆、面包店
- 人均预算：30-60元
- 搜关键词：咖啡、小吃、骑楼、老街、公园
- 中山最佳遛弯路线：
  - 石岐老城线：孙文西路→香山商业文化博物馆→白水井大街吃满足面/顺柚记→岐江公园→烟墩山看日落→兴中广场（全程步行）
  - 崖口稻田线：崖口村稻田→向云端咖啡(25元)→崖口云吞(15元)→东堤海景路骑行→煲仔饭(30元)
  - 五桂山户外线：逍遥谷→旗溪村鸡煲→桂南村不荒樟咖啡(28元)

================================================================================
[2026-05-31 19:06:43] 查询: 路线 差评 刷评 避坑 贵 排队
耗时: 654.2 ms | 命中数: 2 | 阈值: 0.3
--------------------------------------------------------------------------------

  [1] 避坑和实用贴士
      综合得分: 0.5560  (向量:0.1960 + 关键词:0.2100 + 标签:0.1500)
      标签: ['三乡镇', '东升镇', '乳鸽', '历史文化', '小吃', '小榄镇', '攻略', '早茶', '沙溪镇', '海鲜', '石岐区', '自然风光', '购物', '黄圃镇']
      来源: food/food\zhongshan_restaurants.md
      内容: 中山的早茶人均30到50块，基本是广州的三分之一价格，爱群食店6点开门建议8点前到免排队，周一和周四点心还打8折。乳鸽认准12到13天的妙龄鸽，石岐佬建议工作日11点前或17点前到，周末排队至少半小时。省钱吃法：早茶30到50一个人，乳鸽专门店60到80，海鲜大餐100到150。东升镇的脆肉鲩最正宗，沙溪镇的隆都菜最地道，石岐区的乳鸽最集中。三乡濑粉源于清嘉庆年间有200多年历史，上汤是灵魂要放烧鹅和叉烧。小榄菊花会每年11月下旬到12月举行，以菊入馔是中山独有文化。黄圃镇的腊味可以真空包装带回家，煲仔饭放几片腊肠满分。

  [2] 旅游避坑和实用建议
      综合得分: 0.5548  (向量:0.2548 + 关键词:0.1500 + 标签:0.1500)
      标签: ['东升镇', '乳鸽', '五桂山街道', '交通出行', '住宿', '南朗街道', '历史文化', '小榄镇', '攻略', '海鲜', '温泉', '神湾镇', '翠亨新区', '自然风光']
      来源: general/general\zhongshan_travel.md
      内容: 最佳旅行时间是每年10到12月的秋季和3到5月的春季，气温最舒适。夏天6到9月高温多雨还有台风，出行注意天气预报。冬天1到2月湿冷但游客少。3到4月是回南天特别潮湿衣服多带两件。
什么季节吃什么也有讲究：10到12月乳鸽最肥美，11月小榄菊花会品菊花宴，3到5月脆肉鲩最鲜，5到8月吃荔枝菌，10到11月吃神湾菠萝。
有几个景点必须提前预约别跑空——孙中山故居纪念馆要在公众号预约，中山市博物馆要在文旅中山公众号预约，翠亨国家湿地公园也要预约。三个都是周一闭馆。节假日人流量大建议提前2到3天约好。
防坑方面：景区周边的三轮车摩的不要坐价格虚高不安全，叫网约车最靠谱。部分餐厅会推荐高价海鲜点菜前一定

================================================================================
[2026-05-31 19:11:15] 查询: 路线 差评 刷评 避坑 贵 排队
耗时: 729.0 ms | 命中数: 2 | 阈值: 0.3
--------------------------------------------------------------------------------

  [1] 避坑和实用贴士
      综合得分: 0.5560  (向量:0.1960 + 关键词:0.2100 + 标签:0.1500)
      标签: ['三乡镇', '东升镇', '乳鸽', '历史文化', '小吃', '小榄镇', '攻略', '早茶', '沙溪镇', '海鲜', '石岐区', '自然风光', '购物', '黄圃镇']
      来源: food/food\zhongshan_restaurants.md
      内容: 中山的早茶人均30到50块，基本是广州的三分之一价格，爱群食店6点开门建议8点前到免排队，周一和周四点心还打8折。乳鸽认准12到13天的妙龄鸽，石岐佬建议工作日11点前或17点前到，周末排队至少半小时。省钱吃法：早茶30到50一个人，乳鸽专门店60到80，海鲜大餐100到150。东升镇的脆肉鲩最正宗，沙溪镇的隆都菜最地道，石岐区的乳鸽最集中。三乡濑粉源于清嘉庆年间有200多年历史，上汤是灵魂要放烧鹅和叉烧。小榄菊花会每年11月下旬到12月举行，以菊入馔是中山独有文化。黄圃镇的腊味可以真空包装带回家，煲仔饭放几片腊肠满分。

  [2] 旅游避坑和实用建议
      综合得分: 0.5548  (向量:0.2548 + 关键词:0.1500 + 标签:0.1500)
      标签: ['东升镇', '乳鸽', '五桂山街道', '交通出行', '住宿', '南朗街道', '历史文化', '小榄镇', '攻略', '海鲜', '温泉', '神湾镇', '翠亨新区', '自然风光']
      来源: general/general\zhongshan_travel.md
      内容: 最佳旅行时间是每年10到12月的秋季和3到5月的春季，气温最舒适。夏天6到9月高温多雨还有台风，出行注意天气预报。冬天1到2月湿冷但游客少。3到4月是回南天特别潮湿衣服多带两件。
什么季节吃什么也有讲究：10到12月乳鸽最肥美，11月小榄菊花会品菊花宴，3到5月脆肉鲩最鲜，5到8月吃荔枝菌，10到11月吃神湾菠萝。
有几个景点必须提前预约别跑空——孙中山故居纪念馆要在公众号预约，中山市博物馆要在文旅中山公众号预约，翠亨国家湿地公园也要预约。三个都是周一闭馆。节假日人流量大建议提前2到3天约好。
防坑方面：景区周边的三轮车摩的不要坐价格虚高不安全，叫网约车最靠谱。部分餐厅会推荐高价海鲜点菜前一定

================================================================================
[2026-05-31 19:11:16] 查询: 时间 差评 刷评 避坑 贵 排队
耗时: 640.3 ms | 命中数: 2 | 阈值: 0.3
--------------------------------------------------------------------------------

  [1] 避坑和实用贴士
      综合得分: 0.4927  (向量:0.1327 + 关键词:0.2100 + 标签:0.1500)
      标签: ['三乡镇', '东升镇', '乳鸽', '历史文化', '小吃', '小榄镇', '攻略', '早茶', '沙溪镇', '海鲜', '石岐区', '自然风光', '购物', '黄圃镇']
      来源: food/food\zhongshan_restaurants.md
      内容: 中山的早茶人均30到50块，基本是广州的三分之一价格，爱群食店6点开门建议8点前到免排队，周一和周四点心还打8折。乳鸽认准12到13天的妙龄鸽，石岐佬建议工作日11点前或17点前到，周末排队至少半小时。省钱吃法：早茶30到50一个人，乳鸽专门店60到80，海鲜大餐100到150。东升镇的脆肉鲩最正宗，沙溪镇的隆都菜最地道，石岐区的乳鸽最集中。三乡濑粉源于清嘉庆年间有200多年历史，上汤是灵魂要放烧鹅和叉烧。小榄菊花会每年11月下旬到12月举行，以菊入馔是中山独有文化。黄圃镇的腊味可以真空包装带回家，煲仔饭放几片腊肠满分。

  [2] 旅游避坑和实用建议
      综合得分: 0.4472  (向量:0.1172 + 关键词:0.1800 + 标签:0.1500)
      标签: ['东升镇', '乳鸽', '五桂山街道', '交通出行', '住宿', '南朗街道', '历史文化', '小榄镇', '攻略', '海鲜', '温泉', '神湾镇', '翠亨新区', '自然风光']
      来源: general/general\zhongshan_travel.md
      内容: 最佳旅行时间是每年10到12月的秋季和3到5月的春季，气温最舒适。夏天6到9月高温多雨还有台风，出行注意天气预报。冬天1到2月湿冷但游客少。3到4月是回南天特别潮湿衣服多带两件。
什么季节吃什么也有讲究：10到12月乳鸽最肥美，11月小榄菊花会品菊花宴，3到5月脆肉鲩最鲜，5到8月吃荔枝菌，10到11月吃神湾菠萝。
有几个景点必须提前预约别跑空——孙中山故居纪念馆要在公众号预约，中山市博物馆要在文旅中山公众号预约，翠亨国家湿地公园也要预约。三个都是周一闭馆。节假日人流量大建议提前2到3天约好。
防坑方面：景区周边的三轮车摩的不要坐价格虚高不安全，叫网约车最靠谱。部分餐厅会推荐高价海鲜点菜前一定

================================================================================
[2026-05-31 19:11:17] 查询: 距离 差评 刷评 避坑 贵 排队
耗时: 898.9 ms | 命中数: 2 | 阈值: 0.3
--------------------------------------------------------------------------------

  [1] 避坑和实用贴士
      综合得分: 0.5070  (向量:0.1470 + 关键词:0.2100 + 标签:0.1500)
      标签: ['三乡镇', '东升镇', '乳鸽', '历史文化', '小吃', '小榄镇', '攻略', '早茶', '沙溪镇', '海鲜', '石岐区', '自然风光', '购物', '黄圃镇']
      来源: food/food\zhongshan_restaurants.md
      内容: 中山的早茶人均30到50块，基本是广州的三分之一价格，爱群食店6点开门建议8点前到免排队，周一和周四点心还打8折。乳鸽认准12到13天的妙龄鸽，石岐佬建议工作日11点前或17点前到，周末排队至少半小时。省钱吃法：早茶30到50一个人，乳鸽专门店60到80，海鲜大餐100到150。东升镇的脆肉鲩最正宗，沙溪镇的隆都菜最地道，石岐区的乳鸽最集中。三乡濑粉源于清嘉庆年间有200多年历史，上汤是灵魂要放烧鹅和叉烧。小榄菊花会每年11月下旬到12月举行，以菊入馔是中山独有文化。黄圃镇的腊味可以真空包装带回家，煲仔饭放几片腊肠满分。

  [2] 旅游避坑和实用建议
      综合得分: 0.4326  (向量:0.1326 + 关键词:0.1500 + 标签:0.1500)
      标签: ['东升镇', '乳鸽', '五桂山街道', '交通出行', '住宿', '南朗街道', '历史文化', '小榄镇', '攻略', '海鲜', '温泉', '神湾镇', '翠亨新区', '自然风光']
      来源: general/general\zhongshan_travel.md
      内容: 最佳旅行时间是每年10到12月的秋季和3到5月的春季，气温最舒适。夏天6到9月高温多雨还有台风，出行注意天气预报。冬天1到2月湿冷但游客少。3到4月是回南天特别潮湿衣服多带两件。
什么季节吃什么也有讲究：10到12月乳鸽最肥美，11月小榄菊花会品菊花宴，3到5月脆肉鲩最鲜，5到8月吃荔枝菌，10到11月吃神湾菠萝。
有几个景点必须提前预约别跑空——孙中山故居纪念馆要在公众号预约，中山市博物馆要在文旅中山公众号预约，翠亨国家湿地公园也要预约。三个都是周一闭馆。节假日人流量大建议提前2到3天约好。
防坑方面：景区周边的三轮车摩的不要坐价格虚高不安全，叫网约车最靠谱。部分餐厅会推荐高价海鲜点菜前一定

================================================================================
[2026-05-31 19:27:04] 查询: 015路直达线 差评 刷评 避坑 贵 排队
耗时: 1102.3 ms | 命中数: 2 | 阈值: 0.3
--------------------------------------------------------------------------------

  [1] 避坑和实用贴士
      综合得分: 0.4772  (向量:0.1172 + 关键词:0.2100 + 标签:0.1500)
      标签: ['三乡镇', '东升镇', '乳鸽', '历史文化', '小吃', '小榄镇', '攻略', '早茶', '沙溪镇', '海鲜', '石岐区', '自然风光', '购物', '黄圃镇']
      来源: food/food\zhongshan_restaurants.md
      内容: 中山的早茶人均30到50块，基本是广州的三分之一价格，爱群食店6点开门建议8点前到免排队，周一和周四点心还打8折。乳鸽认准12到13天的妙龄鸽，石岐佬建议工作日11点前或17点前到，周末排队至少半小时。省钱吃法：早茶30到50一个人，乳鸽专门店60到80，海鲜大餐100到150。东升镇的脆肉鲩最正宗，沙溪镇的隆都菜最地道，石岐区的乳鸽最集中。三乡濑粉源于清嘉庆年间有200多年历史，上汤是灵魂要放烧鹅和叉烧。小榄菊花会每年11月下旬到12月举行，以菊入馔是中山独有文化。黄圃镇的腊味可以真空包装带回家，煲仔饭放几片腊肠满分。

  [2] 旅游避坑和实用建议
      综合得分: 0.4199  (向量:0.1199 + 关键词:0.1500 + 标签:0.1500)
      标签: ['东升镇', '乳鸽', '五桂山街道', '交通出行', '住宿', '南朗街道', '历史文化', '小榄镇', '攻略', '海鲜', '温泉', '神湾镇', '翠亨新区', '自然风光']
      来源: general/general\zhongshan_travel.md
      内容: 最佳旅行时间是每年10到12月的秋季和3到5月的春季，气温最舒适。夏天6到9月高温多雨还有台风，出行注意天气预报。冬天1到2月湿冷但游客少。3到4月是回南天特别潮湿衣服多带两件。
什么季节吃什么也有讲究：10到12月乳鸽最肥美，11月小榄菊花会品菊花宴，3到5月脆肉鲩最鲜，5到8月吃荔枝菌，10到11月吃神湾菠萝。
有几个景点必须提前预约别跑空——孙中山故居纪念馆要在公众号预约，中山市博物馆要在文旅中山公众号预约，翠亨国家湿地公园也要预约。三个都是周一闭馆。节假日人流量大建议提前2到3天约好。
防坑方面：景区周边的三轮车摩的不要坐价格虚高不安全，叫网约车最靠谱。部分餐厅会推荐高价海鲜点菜前一定

================================================================================
[2026-05-31 19:27:05] 查询: 耗时 差评 刷评 避坑 贵 排队
耗时: 486.4 ms | 命中数: 2 | 阈值: 0.3
--------------------------------------------------------------------------------

  [1] 避坑和实用贴士
      综合得分: 0.4930  (向量:0.1330 + 关键词:0.2100 + 标签:0.1500)
      标签: ['三乡镇', '东升镇', '乳鸽', '历史文化', '小吃', '小榄镇', '攻略', '早茶', '沙溪镇', '海鲜', '石岐区', '自然风光', '购物', '黄圃镇']
      来源: food/food\zhongshan_restaurants.md
      内容: 中山的早茶人均30到50块，基本是广州的三分之一价格，爱群食店6点开门建议8点前到免排队，周一和周四点心还打8折。乳鸽认准12到13天的妙龄鸽，石岐佬建议工作日11点前或17点前到，周末排队至少半小时。省钱吃法：早茶30到50一个人，乳鸽专门店60到80，海鲜大餐100到150。东升镇的脆肉鲩最正宗，沙溪镇的隆都菜最地道，石岐区的乳鸽最集中。三乡濑粉源于清嘉庆年间有200多年历史，上汤是灵魂要放烧鹅和叉烧。小榄菊花会每年11月下旬到12月举行，以菊入馔是中山独有文化。黄圃镇的腊味可以真空包装带回家，煲仔饭放几片腊肠满分。

  [2] 旅游避坑和实用建议
      综合得分: 0.4180  (向量:0.1180 + 关键词:0.1500 + 标签:0.1500)
      标签: ['东升镇', '乳鸽', '五桂山街道', '交通出行', '住宿', '南朗街道', '历史文化', '小榄镇', '攻略', '海鲜', '温泉', '神湾镇', '翠亨新区', '自然风光']
      来源: general/general\zhongshan_travel.md
      内容: 最佳旅行时间是每年10到12月的秋季和3到5月的春季，气温最舒适。夏天6到9月高温多雨还有台风，出行注意天气预报。冬天1到2月湿冷但游客少。3到4月是回南天特别潮湿衣服多带两件。
什么季节吃什么也有讲究：10到12月乳鸽最肥美，11月小榄菊花会品菊花宴，3到5月脆肉鲩最鲜，5到8月吃荔枝菌，10到11月吃神湾菠萝。
有几个景点必须提前预约别跑空——孙中山故居纪念馆要在公众号预约，中山市博物馆要在文旅中山公众号预约，翠亨国家湿地公园也要预约。三个都是周一闭馆。节假日人流量大建议提前2到3天约好。
防坑方面：景区周边的三轮车摩的不要坐价格虚高不安全，叫网约车最靠谱。部分餐厅会推荐高价海鲜点菜前一定

================================================================================
[2026-05-31 19:27:05] 查询: 距离 差评 刷评 避坑 贵 排队
耗时: 593.9 ms | 命中数: 2 | 阈值: 0.3
--------------------------------------------------------------------------------

  [1] 避坑和实用贴士
      综合得分: 0.5070  (向量:0.1470 + 关键词:0.2100 + 标签:0.1500)
      标签: ['三乡镇', '东升镇', '乳鸽', '历史文化', '小吃', '小榄镇', '攻略', '早茶', '沙溪镇', '海鲜', '石岐区', '自然风光', '购物', '黄圃镇']
      来源: food/food\zhongshan_restaurants.md
      内容: 中山的早茶人均30到50块，基本是广州的三分之一价格，爱群食店6点开门建议8点前到免排队，周一和周四点心还打8折。乳鸽认准12到13天的妙龄鸽，石岐佬建议工作日11点前或17点前到，周末排队至少半小时。省钱吃法：早茶30到50一个人，乳鸽专门店60到80，海鲜大餐100到150。东升镇的脆肉鲩最正宗，沙溪镇的隆都菜最地道，石岐区的乳鸽最集中。三乡濑粉源于清嘉庆年间有200多年历史，上汤是灵魂要放烧鹅和叉烧。小榄菊花会每年11月下旬到12月举行，以菊入馔是中山独有文化。黄圃镇的腊味可以真空包装带回家，煲仔饭放几片腊肠满分。

  [2] 旅游避坑和实用建议
      综合得分: 0.4326  (向量:0.1326 + 关键词:0.1500 + 标签:0.1500)
      标签: ['东升镇', '乳鸽', '五桂山街道', '交通出行', '住宿', '南朗街道', '历史文化', '小榄镇', '攻略', '海鲜', '温泉', '神湾镇', '翠亨新区', '自然风光']
      来源: general/general\zhongshan_travel.md
      内容: 最佳旅行时间是每年10到12月的秋季和3到5月的春季，气温最舒适。夏天6到9月高温多雨还有台风，出行注意天气预报。冬天1到2月湿冷但游客少。3到4月是回南天特别潮湿衣服多带两件。
什么季节吃什么也有讲究：10到12月乳鸽最肥美，11月小榄菊花会品菊花宴，3到5月脆肉鲩最鲜，5到8月吃荔枝菌，10到11月吃神湾菠萝。
有几个景点必须提前预约别跑空——孙中山故居纪念馆要在公众号预约，中山市博物馆要在文旅中山公众号预约，翠亨国家湿地公园也要预约。三个都是周一闭馆。节假日人流量大建议提前2到3天约好。
防坑方面：景区周边的三轮车摩的不要坐价格虚高不安全，叫网约车最靠谱。部分餐厅会推荐高价海鲜点菜前一定

================================================================================
[2026-05-31 19:41:07] 查询: B1路/B16路（最快） 差评 刷评 避坑 贵 排队
耗时: 714.3 ms | 命中数: 2 | 阈值: 0.3
--------------------------------------------------------------------------------

  [1] 避坑和实用贴士
      综合得分: 0.5051  (向量:0.1451 + 关键词:0.2100 + 标签:0.1500)
      标签: ['三乡镇', '东升镇', '乳鸽', '历史文化', '小吃', '小榄镇', '攻略', '早茶', '沙溪镇', '海鲜', '石岐区', '自然风光', '购物', '黄圃镇']
      来源: food/food\zhongshan_restaurants.md
      内容: 中山的早茶人均30到50块，基本是广州的三分之一价格，爱群食店6点开门建议8点前到免排队，周一和周四点心还打8折。乳鸽认准12到13天的妙龄鸽，石岐佬建议工作日11点前或17点前到，周末排队至少半小时。省钱吃法：早茶30到50一个人，乳鸽专门店60到80，海鲜大餐100到150。东升镇的脆肉鲩最正宗，沙溪镇的隆都菜最地道，石岐区的乳鸽最集中。三乡濑粉源于清嘉庆年间有200多年历史，上汤是灵魂要放烧鹅和叉烧。小榄菊花会每年11月下旬到12月举行，以菊入馔是中山独有文化。黄圃镇的腊味可以真空包装带回家，煲仔饭放几片腊肠满分。

  [2] 旅游避坑和实用建议
      综合得分: 0.4644  (向量:0.1644 + 关键词:0.1500 + 标签:0.1500)
      标签: ['东升镇', '乳鸽', '五桂山街道', '交通出行', '住宿', '南朗街道', '历史文化', '小榄镇', '攻略', '海鲜', '温泉', '神湾镇', '翠亨新区', '自然风光']
      来源: general/general\zhongshan_travel.md
      内容: 最佳旅行时间是每年10到12月的秋季和3到5月的春季，气温最舒适。夏天6到9月高温多雨还有台风，出行注意天气预报。冬天1到2月湿冷但游客少。3到4月是回南天特别潮湿衣服多带两件。
什么季节吃什么也有讲究：10到12月乳鸽最肥美，11月小榄菊花会品菊花宴，3到5月脆肉鲩最鲜，5到8月吃荔枝菌，10到11月吃神湾菠萝。
有几个景点必须提前预约别跑空——孙中山故居纪念馆要在公众号预约，中山市博物馆要在文旅中山公众号预约，翠亨国家湿地公园也要预约。三个都是周一闭馆。节假日人流量大建议提前2到3天约好。
防坑方面：景区周边的三轮车摩的不要坐价格虚高不安全，叫网约车最靠谱。部分餐厅会推荐高价海鲜点菜前一定

================================================================================
[2026-05-31 19:41:07] 查询: 耗时 差评 刷评 避坑 贵 排队
耗时: 490.3 ms | 命中数: 2 | 阈值: 0.3
--------------------------------------------------------------------------------

  [1] 避坑和实用贴士
      综合得分: 0.4930  (向量:0.1330 + 关键词:0.2100 + 标签:0.1500)
      标签: ['三乡镇', '东升镇', '乳鸽', '历史文化', '小吃', '小榄镇', '攻略', '早茶', '沙溪镇', '海鲜', '石岐区', '自然风光', '购物', '黄圃镇']
      来源: food/food\zhongshan_restaurants.md
      内容: 中山的早茶人均30到50块，基本是广州的三分之一价格，爱群食店6点开门建议8点前到免排队，周一和周四点心还打8折。乳鸽认准12到13天的妙龄鸽，石岐佬建议工作日11点前或17点前到，周末排队至少半小时。省钱吃法：早茶30到50一个人，乳鸽专门店60到80，海鲜大餐100到150。东升镇的脆肉鲩最正宗，沙溪镇的隆都菜最地道，石岐区的乳鸽最集中。三乡濑粉源于清嘉庆年间有200多年历史，上汤是灵魂要放烧鹅和叉烧。小榄菊花会每年11月下旬到12月举行，以菊入馔是中山独有文化。黄圃镇的腊味可以真空包装带回家，煲仔饭放几片腊肠满分。

  [2] 旅游避坑和实用建议
      综合得分: 0.4180  (向量:0.1180 + 关键词:0.1500 + 标签:0.1500)
      标签: ['东升镇', '乳鸽', '五桂山街道', '交通出行', '住宿', '南朗街道', '历史文化', '小榄镇', '攻略', '海鲜', '温泉', '神湾镇', '翠亨新区', '自然风光']
      来源: general/general\zhongshan_travel.md
      内容: 最佳旅行时间是每年10到12月的秋季和3到5月的春季，气温最舒适。夏天6到9月高温多雨还有台风，出行注意天气预报。冬天1到2月湿冷但游客少。3到4月是回南天特别潮湿衣服多带两件。
什么季节吃什么也有讲究：10到12月乳鸽最肥美，11月小榄菊花会品菊花宴，3到5月脆肉鲩最鲜，5到8月吃荔枝菌，10到11月吃神湾菠萝。
有几个景点必须提前预约别跑空——孙中山故居纪念馆要在公众号预约，中山市博物馆要在文旅中山公众号预约，翠亨国家湿地公园也要预约。三个都是周一闭馆。节假日人流量大建议提前2到3天约好。
防坑方面：景区周边的三轮车摩的不要坐价格虚高不安全，叫网约车最靠谱。部分餐厅会推荐高价海鲜点菜前一定

================================================================================
[2026-05-31 19:41:08] 查询: 费用 差评 刷评 避坑 贵 排队
耗时: 543.0 ms | 命中数: 2 | 阈值: 0.3
--------------------------------------------------------------------------------

  [1] 避坑和实用贴士
      综合得分: 0.4953  (向量:0.1353 + 关键词:0.2100 + 标签:0.1500)
      标签: ['三乡镇', '东升镇', '乳鸽', '历史文化', '小吃', '小榄镇', '攻略', '早茶', '沙溪镇', '海鲜', '石岐区', '自然风光', '购物', '黄圃镇']
      来源: food/food\zhongshan_restaurants.md
      内容: 中山的早茶人均30到50块，基本是广州的三分之一价格，爱群食店6点开门建议8点前到免排队，周一和周四点心还打8折。乳鸽认准12到13天的妙龄鸽，石岐佬建议工作日11点前或17点前到，周末排队至少半小时。省钱吃法：早茶30到50一个人，乳鸽专门店60到80，海鲜大餐100到150。东升镇的脆肉鲩最正宗，沙溪镇的隆都菜最地道，石岐区的乳鸽最集中。三乡濑粉源于清嘉庆年间有200多年历史，上汤是灵魂要放烧鹅和叉烧。小榄菊花会每年11月下旬到12月举行，以菊入馔是中山独有文化。黄圃镇的腊味可以真空包装带回家，煲仔饭放几片腊肠满分。

  [2] 旅游避坑和实用建议
      综合得分: 0.4186  (向量:0.1186 + 关键词:0.1500 + 标签:0.1500)
      标签: ['东升镇', '乳鸽', '五桂山街道', '交通出行', '住宿', '南朗街道', '历史文化', '小榄镇', '攻略', '海鲜', '温泉', '神湾镇', '翠亨新区', '自然风光']
      来源: general/general\zhongshan_travel.md
      内容: 最佳旅行时间是每年10到12月的秋季和3到5月的春季，气温最舒适。夏天6到9月高温多雨还有台风，出行注意天气预报。冬天1到2月湿冷但游客少。3到4月是回南天特别潮湿衣服多带两件。
什么季节吃什么也有讲究：10到12月乳鸽最肥美，11月小榄菊花会品菊花宴，3到5月脆肉鲩最鲜，5到8月吃荔枝菌，10到11月吃神湾菠萝。
有几个景点必须提前预约别跑空——孙中山故居纪念馆要在公众号预约，中山市博物馆要在文旅中山公众号预约，翠亨国家湿地公园也要预约。三个都是周一闭馆。节假日人流量大建议提前2到3天约好。
防坑方面：景区周边的三轮车摩的不要坐价格虚高不安全，叫网约车最靠谱。部分餐厅会推荐高价海鲜点菜前一定

================================================================================
[2026-05-31 20:06:29] 查询: K28路直达方案 差评 刷评 避坑 贵 排队
耗时: 821.6 ms | 命中数: 2 | 阈值: 0.3
--------------------------------------------------------------------------------

  [1] 旅游避坑和实用建议
      综合得分: 0.4898  (向量:0.1898 + 关键词:0.1500 + 标签:0.1500)
      标签: ['东升镇', '乳鸽', '五桂山街道', '交通出行', '住宿', '南朗街道', '历史文化', '小榄镇', '攻略', '海鲜', '温泉', '神湾镇', '翠亨新区', '自然风光']
      来源: general/general\zhongshan_travel.md
      内容: 最佳旅行时间是每年10到12月的秋季和3到5月的春季，气温最舒适。夏天6到9月高温多雨还有台风，出行注意天气预报。冬天1到2月湿冷但游客少。3到4月是回南天特别潮湿衣服多带两件。
什么季节吃什么也有讲究：10到12月乳鸽最肥美，11月小榄菊花会品菊花宴，3到5月脆肉鲩最鲜，5到8月吃荔枝菌，10到11月吃神湾菠萝。
有几个景点必须提前预约别跑空——孙中山故居纪念馆要在公众号预约，中山市博物馆要在文旅中山公众号预约，翠亨国家湿地公园也要预约。三个都是周一闭馆。节假日人流量大建议提前2到3天约好。
防坑方面：景区周边的三轮车摩的不要坐价格虚高不安全，叫网约车最靠谱。部分餐厅会推荐高价海鲜点菜前一定

  [2] 避坑和实用贴士
      综合得分: 0.4778  (向量:0.1178 + 关键词:0.2100 + 标签:0.1500)
      标签: ['三乡镇', '东升镇', '乳鸽', '历史文化', '小吃', '小榄镇', '攻略', '早茶', '沙溪镇', '海鲜', '石岐区', '自然风光', '购物', '黄圃镇']
      来源: food/food\zhongshan_restaurants.md
      内容: 中山的早茶人均30到50块，基本是广州的三分之一价格，爱群食店6点开门建议8点前到免排队，周一和周四点心还打8折。乳鸽认准12到13天的妙龄鸽，石岐佬建议工作日11点前或17点前到，周末排队至少半小时。省钱吃法：早茶30到50一个人，乳鸽专门店60到80，海鲜大餐100到150。东升镇的脆肉鲩最正宗，沙溪镇的隆都菜最地道，石岐区的乳鸽最集中。三乡濑粉源于清嘉庆年间有200多年历史，上汤是灵魂要放烧鹅和叉烧。小榄菊花会每年11月下旬到12月举行，以菊入馔是中山独有文化。黄圃镇的腊味可以真空包装带回家，煲仔饭放几片腊肠满分。

================================================================================
[2026-05-31 20:06:29] 查询: 路线 差评 刷评 避坑 贵 排队
耗时: 498.4 ms | 命中数: 2 | 阈值: 0.3
--------------------------------------------------------------------------------

  [1] 避坑和实用贴士
      综合得分: 0.5560  (向量:0.1960 + 关键词:0.2100 + 标签:0.1500)
      标签: ['三乡镇', '东升镇', '乳鸽', '历史文化', '小吃', '小榄镇', '攻略', '早茶', '沙溪镇', '海鲜', '石岐区', '自然风光', '购物', '黄圃镇']
      来源: food/food\zhongshan_restaurants.md
      内容: 中山的早茶人均30到50块，基本是广州的三分之一价格，爱群食店6点开门建议8点前到免排队，周一和周四点心还打8折。乳鸽认准12到13天的妙龄鸽，石岐佬建议工作日11点前或17点前到，周末排队至少半小时。省钱吃法：早茶30到50一个人，乳鸽专门店60到80，海鲜大餐100到150。东升镇的脆肉鲩最正宗，沙溪镇的隆都菜最地道，石岐区的乳鸽最集中。三乡濑粉源于清嘉庆年间有200多年历史，上汤是灵魂要放烧鹅和叉烧。小榄菊花会每年11月下旬到12月举行，以菊入馔是中山独有文化。黄圃镇的腊味可以真空包装带回家，煲仔饭放几片腊肠满分。

  [2] 旅游避坑和实用建议
      综合得分: 0.5548  (向量:0.2548 + 关键词:0.1500 + 标签:0.1500)
      标签: ['东升镇', '乳鸽', '五桂山街道', '交通出行', '住宿', '南朗街道', '历史文化', '小榄镇', '攻略', '海鲜', '温泉', '神湾镇', '翠亨新区', '自然风光']
      来源: general/general\zhongshan_travel.md
      内容: 最佳旅行时间是每年10到12月的秋季和3到5月的春季，气温最舒适。夏天6到9月高温多雨还有台风，出行注意天气预报。冬天1到2月湿冷但游客少。3到4月是回南天特别潮湿衣服多带两件。
什么季节吃什么也有讲究：10到12月乳鸽最肥美，11月小榄菊花会品菊花宴，3到5月脆肉鲩最鲜，5到8月吃荔枝菌，10到11月吃神湾菠萝。
有几个景点必须提前预约别跑空——孙中山故居纪念馆要在公众号预约，中山市博物馆要在文旅中山公众号预约，翠亨国家湿地公园也要预约。三个都是周一闭馆。节假日人流量大建议提前2到3天约好。
防坑方面：景区周边的三轮车摩的不要坐价格虚高不安全，叫网约车最靠谱。部分餐厅会推荐高价海鲜点菜前一定

================================================================================
[2026-05-31 20:06:30] 查询: 耗时 差评 刷评 避坑 贵 排队
耗时: 471.9 ms | 命中数: 2 | 阈值: 0.3
--------------------------------------------------------------------------------

  [1] 避坑和实用贴士
      综合得分: 0.4930  (向量:0.1330 + 关键词:0.2100 + 标签:0.1500)
      标签: ['三乡镇', '东升镇', '乳鸽', '历史文化', '小吃', '小榄镇', '攻略', '早茶', '沙溪镇', '海鲜', '石岐区', '自然风光', '购物', '黄圃镇']
      来源: food/food\zhongshan_restaurants.md
      内容: 中山的早茶人均30到50块，基本是广州的三分之一价格，爱群食店6点开门建议8点前到免排队，周一和周四点心还打8折。乳鸽认准12到13天的妙龄鸽，石岐佬建议工作日11点前或17点前到，周末排队至少半小时。省钱吃法：早茶30到50一个人，乳鸽专门店60到80，海鲜大餐100到150。东升镇的脆肉鲩最正宗，沙溪镇的隆都菜最地道，石岐区的乳鸽最集中。三乡濑粉源于清嘉庆年间有200多年历史，上汤是灵魂要放烧鹅和叉烧。小榄菊花会每年11月下旬到12月举行，以菊入馔是中山独有文化。黄圃镇的腊味可以真空包装带回家，煲仔饭放几片腊肠满分。

  [2] 旅游避坑和实用建议
      综合得分: 0.4180  (向量:0.1180 + 关键词:0.1500 + 标签:0.1500)
      标签: ['东升镇', '乳鸽', '五桂山街道', '交通出行', '住宿', '南朗街道', '历史文化', '小榄镇', '攻略', '海鲜', '温泉', '神湾镇', '翠亨新区', '自然风光']
      来源: general/general\zhongshan_travel.md
      内容: 最佳旅行时间是每年10到12月的秋季和3到5月的春季，气温最舒适。夏天6到9月高温多雨还有台风，出行注意天气预报。冬天1到2月湿冷但游客少。3到4月是回南天特别潮湿衣服多带两件。
什么季节吃什么也有讲究：10到12月乳鸽最肥美，11月小榄菊花会品菊花宴，3到5月脆肉鲩最鲜，5到8月吃荔枝菌，10到11月吃神湾菠萝。
有几个景点必须提前预约别跑空——孙中山故居纪念馆要在公众号预约，中山市博物馆要在文旅中山公众号预约，翠亨国家湿地公园也要预约。三个都是周一闭馆。节假日人流量大建议提前2到3天约好。
防坑方面：景区周边的三轮车摩的不要坐价格虚高不安全，叫网约车最靠谱。部分餐厅会推荐高价海鲜点菜前一定

================================================================================
[2026-05-31 20:24:32] 查询: 路线 差评 刷评 避坑 贵 排队
耗时: 925.0 ms | 命中数: 2 | 阈值: 0.3
--------------------------------------------------------------------------------

  [1] 避坑和实用贴士
      综合得分: 0.5560  (向量:0.1960 + 关键词:0.2100 + 标签:0.1500)
      标签: ['三乡镇', '东升镇', '乳鸽', '历史文化', '小吃', '小榄镇', '攻略', '早茶', '沙溪镇', '海鲜', '石岐区', '自然风光', '购物', '黄圃镇']
      来源: food/food\zhongshan_restaurants.md
      内容: 中山的早茶人均30到50块，基本是广州的三分之一价格，爱群食店6点开门建议8点前到免排队，周一和周四点心还打8折。乳鸽认准12到13天的妙龄鸽，石岐佬建议工作日11点前或17点前到，周末排队至少半小时。省钱吃法：早茶30到50一个人，乳鸽专门店60到80，海鲜大餐100到150。东升镇的脆肉鲩最正宗，沙溪镇的隆都菜最地道，石岐区的乳鸽最集中。三乡濑粉源于清嘉庆年间有200多年历史，上汤是灵魂要放烧鹅和叉烧。小榄菊花会每年11月下旬到12月举行，以菊入馔是中山独有文化。黄圃镇的腊味可以真空包装带回家，煲仔饭放几片腊肠满分。

  [2] 旅游避坑和实用建议
      综合得分: 0.5548  (向量:0.2548 + 关键词:0.1500 + 标签:0.1500)
      标签: ['东升镇', '乳鸽', '五桂山街道', '交通出行', '住宿', '南朗街道', '历史文化', '小榄镇', '攻略', '海鲜', '温泉', '神湾镇', '翠亨新区', '自然风光']
      来源: general/general\zhongshan_travel.md
      内容: 最佳旅行时间是每年10到12月的秋季和3到5月的春季，气温最舒适。夏天6到9月高温多雨还有台风，出行注意天气预报。冬天1到2月湿冷但游客少。3到4月是回南天特别潮湿衣服多带两件。
什么季节吃什么也有讲究：10到12月乳鸽最肥美，11月小榄菊花会品菊花宴，3到5月脆肉鲩最鲜，5到8月吃荔枝菌，10到11月吃神湾菠萝。
有几个景点必须提前预约别跑空——孙中山故居纪念馆要在公众号预约，中山市博物馆要在文旅中山公众号预约，翠亨国家湿地公园也要预约。三个都是周一闭馆。节假日人流量大建议提前2到3天约好。
防坑方面：景区周边的三轮车摩的不要坐价格虚高不安全，叫网约车最靠谱。部分餐厅会推荐高价海鲜点菜前一定

================================================================================
[2026-05-31 20:24:32] 查询: 耗时 差评 刷评 避坑 贵 排队
耗时: 682.5 ms | 命中数: 2 | 阈值: 0.3
--------------------------------------------------------------------------------

  [1] 避坑和实用贴士
      综合得分: 0.4930  (向量:0.1330 + 关键词:0.2100 + 标签:0.1500)
      标签: ['三乡镇', '东升镇', '乳鸽', '历史文化', '小吃', '小榄镇', '攻略', '早茶', '沙溪镇', '海鲜', '石岐区', '自然风光', '购物', '黄圃镇']
      来源: food/food\zhongshan_restaurants.md
      内容: 中山的早茶人均30到50块，基本是广州的三分之一价格，爱群食店6点开门建议8点前到免排队，周一和周四点心还打8折。乳鸽认准12到13天的妙龄鸽，石岐佬建议工作日11点前或17点前到，周末排队至少半小时。省钱吃法：早茶30到50一个人，乳鸽专门店60到80，海鲜大餐100到150。东升镇的脆肉鲩最正宗，沙溪镇的隆都菜最地道，石岐区的乳鸽最集中。三乡濑粉源于清嘉庆年间有200多年历史，上汤是灵魂要放烧鹅和叉烧。小榄菊花会每年11月下旬到12月举行，以菊入馔是中山独有文化。黄圃镇的腊味可以真空包装带回家，煲仔饭放几片腊肠满分。

  [2] 旅游避坑和实用建议
      综合得分: 0.4180  (向量:0.1180 + 关键词:0.1500 + 标签:0.1500)
      标签: ['东升镇', '乳鸽', '五桂山街道', '交通出行', '住宿', '南朗街道', '历史文化', '小榄镇', '攻略', '海鲜', '温泉', '神湾镇', '翠亨新区', '自然风光']
      来源: general/general\zhongshan_travel.md
      内容: 最佳旅行时间是每年10到12月的秋季和3到5月的春季，气温最舒适。夏天6到9月高温多雨还有台风，出行注意天气预报。冬天1到2月湿冷但游客少。3到4月是回南天特别潮湿衣服多带两件。
什么季节吃什么也有讲究：10到12月乳鸽最肥美，11月小榄菊花会品菊花宴，3到5月脆肉鲩最鲜，5到8月吃荔枝菌，10到11月吃神湾菠萝。
有几个景点必须提前预约别跑空——孙中山故居纪念馆要在公众号预约，中山市博物馆要在文旅中山公众号预约，翠亨国家湿地公园也要预约。三个都是周一闭馆。节假日人流量大建议提前2到3天约好。
防坑方面：景区周边的三轮车摩的不要坐价格虚高不安全，叫网约车最靠谱。部分餐厅会推荐高价海鲜点菜前一定

================================================================================
[2026-05-31 20:24:33] 查询: 距离 差评 刷评 避坑 贵 排队
耗时: 473.4 ms | 命中数: 2 | 阈值: 0.3
--------------------------------------------------------------------------------

  [1] 避坑和实用贴士
      综合得分: 0.5070  (向量:0.1470 + 关键词:0.2100 + 标签:0.1500)
      标签: ['三乡镇', '东升镇', '乳鸽', '历史文化', '小吃', '小榄镇', '攻略', '早茶', '沙溪镇', '海鲜', '石岐区', '自然风光', '购物', '黄圃镇']
      来源: food/food\zhongshan_restaurants.md
      内容: 中山的早茶人均30到50块，基本是广州的三分之一价格，爱群食店6点开门建议8点前到免排队，周一和周四点心还打8折。乳鸽认准12到13天的妙龄鸽，石岐佬建议工作日11点前或17点前到，周末排队至少半小时。省钱吃法：早茶30到50一个人，乳鸽专门店60到80，海鲜大餐100到150。东升镇的脆肉鲩最正宗，沙溪镇的隆都菜最地道，石岐区的乳鸽最集中。三乡濑粉源于清嘉庆年间有200多年历史，上汤是灵魂要放烧鹅和叉烧。小榄菊花会每年11月下旬到12月举行，以菊入馔是中山独有文化。黄圃镇的腊味可以真空包装带回家，煲仔饭放几片腊肠满分。

  [2] 旅游避坑和实用建议
      综合得分: 0.4326  (向量:0.1326 + 关键词:0.1500 + 标签:0.1500)
      标签: ['东升镇', '乳鸽', '五桂山街道', '交通出行', '住宿', '南朗街道', '历史文化', '小榄镇', '攻略', '海鲜', '温泉', '神湾镇', '翠亨新区', '自然风光']
      来源: general/general\zhongshan_travel.md
      内容: 最佳旅行时间是每年10到12月的秋季和3到5月的春季，气温最舒适。夏天6到9月高温多雨还有台风，出行注意天气预报。冬天1到2月湿冷但游客少。3到4月是回南天特别潮湿衣服多带两件。
什么季节吃什么也有讲究：10到12月乳鸽最肥美，11月小榄菊花会品菊花宴，3到5月脆肉鲩最鲜，5到8月吃荔枝菌，10到11月吃神湾菠萝。
有几个景点必须提前预约别跑空——孙中山故居纪念馆要在公众号预约，中山市博物馆要在文旅中山公众号预约，翠亨国家湿地公园也要预约。三个都是周一闭馆。节假日人流量大建议提前2到3天约好。
防坑方面：景区周边的三轮车摩的不要坐价格虚高不安全，叫网约车最靠谱。部分餐厅会推荐高价海鲜点菜前一定

================================================================================
[2026-05-31 20:30:19] 查询: 🚌 公交方案（推荐） 差评 刷评 避坑 贵 排队
耗时: 949.4 ms | 命中数: 2 | 阈值: 0.3
--------------------------------------------------------------------------------

  [1] 旅游避坑和实用建议
      综合得分: 0.7382  (向量:0.2882 + 关键词:0.1500 + 标签:0.3000)
      标签: ['东升镇', '乳鸽', '五桂山街道', '交通出行', '住宿', '南朗街道', '历史文化', '小榄镇', '攻略', '海鲜', '温泉', '神湾镇', '翠亨新区', '自然风光']
      来源: general/general\zhongshan_travel.md
      内容: 最佳旅行时间是每年10到12月的秋季和3到5月的春季，气温最舒适。夏天6到9月高温多雨还有台风，出行注意天气预报。冬天1到2月湿冷但游客少。3到4月是回南天特别潮湿衣服多带两件。
什么季节吃什么也有讲究：10到12月乳鸽最肥美，11月小榄菊花会品菊花宴，3到5月脆肉鲩最鲜，5到8月吃荔枝菌，10到11月吃神湾菠萝。
有几个景点必须提前预约别跑空——孙中山故居纪念馆要在公众号预约，中山市博物馆要在文旅中山公众号预约，翠亨国家湿地公园也要预约。三个都是周一闭馆。节假日人流量大建议提前2到3天约好。
防坑方面：景区周边的三轮车摩的不要坐价格虚高不安全，叫网约车最靠谱。部分餐厅会推荐高价海鲜点菜前一定

  [2] 周末遛弯（半天闲逛+随便吃点）
      综合得分: 0.5963  (向量:0.2663 + 关键词:0.0300 + 标签:0.3000)
      标签: ['五桂山街道', '交通出行', '南朗街道', '历史文化', '咖啡', '小吃', '攻略', '石岐区', '自然风光', '西区', '购物']
      来源: food/food\scene_guide.md
      内容: - 优先级：顺路 > 轻松 > 不排队
- 推荐类型：街边小吃、咖啡馆、面包店
- 人均预算：30-60元
- 搜关键词：咖啡、小吃、骑楼、老街、公园
- 中山最佳遛弯路线：
  - 石岐老城线：孙文西路→香山商业文化博物馆→白水井大街吃满足面/顺柚记→岐江公园→烟墩山看日落→兴中广场（全程步行）
  - 崖口稻田线：崖口村稻田→向云端咖啡(25元)→崖口云吞(15元)→东堤海景路骑行→煲仔饭(30元)
  - 五桂山户外线：逍遥谷→旗溪村鸡煲→桂南村不荒樟咖啡(28元)

================================================================================
[2026-05-31 20:30:19] 查询: B19路（最快） 差评 刷评 避坑 贵 排队
耗时: 509.3 ms | 命中数: 2 | 阈值: 0.3
--------------------------------------------------------------------------------

  [1] 避坑和实用贴士
      综合得分: 0.4668  (向量:0.1068 + 关键词:0.2100 + 标签:0.1500)
      标签: ['三乡镇', '东升镇', '乳鸽', '历史文化', '小吃', '小榄镇', '攻略', '早茶', '沙溪镇', '海鲜', '石岐区', '自然风光', '购物', '黄圃镇']
      来源: food/food\zhongshan_restaurants.md
      内容: 中山的早茶人均30到50块，基本是广州的三分之一价格，爱群食店6点开门建议8点前到免排队，周一和周四点心还打8折。乳鸽认准12到13天的妙龄鸽，石岐佬建议工作日11点前或17点前到，周末排队至少半小时。省钱吃法：早茶30到50一个人，乳鸽专门店60到80，海鲜大餐100到150。东升镇的脆肉鲩最正宗，沙溪镇的隆都菜最地道，石岐区的乳鸽最集中。三乡濑粉源于清嘉庆年间有200多年历史，上汤是灵魂要放烧鹅和叉烧。小榄菊花会每年11月下旬到12月举行，以菊入馔是中山独有文化。黄圃镇的腊味可以真空包装带回家，煲仔饭放几片腊肠满分。

  [2] 旅游避坑和实用建议
      综合得分: 0.4535  (向量:0.1535 + 关键词:0.1500 + 标签:0.1500)
      标签: ['东升镇', '乳鸽', '五桂山街道', '交通出行', '住宿', '南朗街道', '历史文化', '小榄镇', '攻略', '海鲜', '温泉', '神湾镇', '翠亨新区', '自然风光']
      来源: general/general\zhongshan_travel.md
      内容: 最佳旅行时间是每年10到12月的秋季和3到5月的春季，气温最舒适。夏天6到9月高温多雨还有台风，出行注意天气预报。冬天1到2月湿冷但游客少。3到4月是回南天特别潮湿衣服多带两件。
什么季节吃什么也有讲究：10到12月乳鸽最肥美，11月小榄菊花会品菊花宴，3到5月脆肉鲩最鲜，5到8月吃荔枝菌，10到11月吃神湾菠萝。
有几个景点必须提前预约别跑空——孙中山故居纪念馆要在公众号预约，中山市博物馆要在文旅中山公众号预约，翠亨国家湿地公园也要预约。三个都是周一闭馆。节假日人流量大建议提前2到3天约好。
防坑方面：景区周边的三轮车摩的不要坐价格虚高不安全，叫网约车最靠谱。部分餐厅会推荐高价海鲜点菜前一定

================================================================================
[2026-05-31 20:30:20] 查询: 耗时 差评 刷评 避坑 贵 排队
耗时: 537.8 ms | 命中数: 2 | 阈值: 0.3
--------------------------------------------------------------------------------

  [1] 避坑和实用贴士
      综合得分: 0.4930  (向量:0.1330 + 关键词:0.2100 + 标签:0.1500)
      标签: ['三乡镇', '东升镇', '乳鸽', '历史文化', '小吃', '小榄镇', '攻略', '早茶', '沙溪镇', '海鲜', '石岐区', '自然风光', '购物', '黄圃镇']
      来源: food/food\zhongshan_restaurants.md
      内容: 中山的早茶人均30到50块，基本是广州的三分之一价格，爱群食店6点开门建议8点前到免排队，周一和周四点心还打8折。乳鸽认准12到13天的妙龄鸽，石岐佬建议工作日11点前或17点前到，周末排队至少半小时。省钱吃法：早茶30到50一个人，乳鸽专门店60到80，海鲜大餐100到150。东升镇的脆肉鲩最正宗，沙溪镇的隆都菜最地道，石岐区的乳鸽最集中。三乡濑粉源于清嘉庆年间有200多年历史，上汤是灵魂要放烧鹅和叉烧。小榄菊花会每年11月下旬到12月举行，以菊入馔是中山独有文化。黄圃镇的腊味可以真空包装带回家，煲仔饭放几片腊肠满分。

  [2] 旅游避坑和实用建议
      综合得分: 0.4180  (向量:0.1180 + 关键词:0.1500 + 标签:0.1500)
      标签: ['东升镇', '乳鸽', '五桂山街道', '交通出行', '住宿', '南朗街道', '历史文化', '小榄镇', '攻略', '海鲜', '温泉', '神湾镇', '翠亨新区', '自然风光']
      来源: general/general\zhongshan_travel.md
      内容: 最佳旅行时间是每年10到12月的秋季和3到5月的春季，气温最舒适。夏天6到9月高温多雨还有台风，出行注意天气预报。冬天1到2月湿冷但游客少。3到4月是回南天特别潮湿衣服多带两件。
什么季节吃什么也有讲究：10到12月乳鸽最肥美，11月小榄菊花会品菊花宴，3到5月脆肉鲩最鲜，5到8月吃荔枝菌，10到11月吃神湾菠萝。
有几个景点必须提前预约别跑空——孙中山故居纪念馆要在公众号预约，中山市博物馆要在文旅中山公众号预约，翠亨国家湿地公园也要预约。三个都是周一闭馆。节假日人流量大建议提前2到3天约好。
防坑方面：景区周边的三轮车摩的不要坐价格虚高不安全，叫网约车最靠谱。部分餐厅会推荐高价海鲜点菜前一定

================================================================================
[2026-06-07 20:54:13] 查询: 中山本地美食推荐 周末适合去的餐厅 人均适中
耗时: 977.1 ms | 命中数: 6 | 阈值: 0.3
--------------------------------------------------------------------------------

  [1] 带朋友吃遍中山（有好吃的要分享）
      综合得分: 0.8981  (向量:0.7481 + 关键词:0.0000 + 标签:0.1500)
      标签: ['三乡镇', '东升镇', '乳鸽', '小吃', '小榄镇', '攻略', '早茶', '海鲜', '石岐区', '自然风光']
      来源: food/food\scene_guide.md
      内容: - 优先级：体验感 > 特色 > 价格
- 推荐类型：中山地标美食全覆盖
- 人均预算：100-200元（一天）
- 必吃路线：早茶爱群食店→石岐佬乳鸽→崖口煲仔饭→三乡濑粉→小榄炸鱼球→东升脆肉鲩
- 搜索关键词：乳鸽、早茶、濑粉、脆肉鲩、炸鱼球、海鲜

  [2] 避坑和实用贴士
      综合得分: 0.7802  (向量:0.6302 + 关键词:0.0000 + 标签:0.1500)
      标签: ['三乡镇', '东升镇', '乳鸽', '历史文化', '小吃', '小榄镇', '攻略', '早茶', '沙溪镇', '海鲜', '石岐区', '自然风光', '购物', '黄圃镇']
      来源: food/food\zhongshan_restaurants.md
      内容: 中山的早茶人均30到50块，基本是广州的三分之一价格，爱群食店6点开门建议8点前到免排队，周一和周四点心还打8折。乳鸽认准12到13天的妙龄鸽，石岐佬建议工作日11点前或17点前到，周末排队至少半小时。省钱吃法：早茶30到50一个人，乳鸽专门店60到80，海鲜大餐100到150。东升镇的脆肉鲩最正宗，沙溪镇的隆都菜最地道，石岐区的乳鸽最集中。三乡濑粉源于清嘉庆年间有200多年历史，上汤是灵魂要放烧鹅和叉烧。小榄菊花会每年11月下旬到12月举行，以菊入馔是中山独有文化。黄圃镇的腊味可以真空包装带回家，煲仔饭放几片腊肠满分。

  [3] 周末遛弯（半天闲逛+随便吃点）
      综合得分: 0.7719  (向量:0.6219 + 关键词:0.0000 + 标签:0.1500)
      标签: ['五桂山街道', '交通出行', '南朗街道', '历史文化', '咖啡', '小吃', '攻略', '石岐区', '自然风光', '西区', '购物']
      来源: food/food\scene_guide.md
      内容: - 优先级：顺路 > 轻松 > 不排队
- 推荐类型：街边小吃、咖啡馆、面包店
- 人均预算：30-60元
- 搜关键词：咖啡、小吃、骑楼、老街、公园
- 中山最佳遛弯路线：
  - 石岐老城线：孙文西路→香山商业文化博物馆→白水井大街吃满足面/顺柚记→岐江公园→烟墩山看日落→兴中广场（全程步行）
  - 崖口稻田线：崖口村稻田→向云端咖啡(25元)→崖口云吞(15元)→东堤海景路骑行→煲仔饭(30元)
  - 五桂山户外线：逍遥谷→旗溪村鸡煲→桂南村不荒樟咖啡(28元)

  [4] 中山特产采购实战指南
      综合得分: 0.7694  (向量:0.6194 + 关键词:0.0000 + 标签:0.1500)
      标签: ['历史文化', '小吃', '沙溪镇', '石岐区', '神湾镇', '自然风光', '购物', '黄圃镇']
      来源: general/general\zhongshan_travel.md
      内容: 杏仁饼的话，咀香园（1918年沙溪镇有门店）和惠赞饼家（1911年石岐区）最正宗，20到35一盒。南冲饼家和兴华饼家在石岐老区做烧饼鸡仔饼光酥饼，手工制作十到二十块一包。黄圃腊味真空装35到65，煲仔饭绝配。石岐米酒也是非遗手信25到50一瓶30度左右。孙文西路的中山名品荟集中了170多家名优企业近800个产品，威力奥马华帝格兰仕美的TCL洁柔完美这些品牌一站选购，一楼伴手礼二楼家电家居。白水井大街的杂货铺买特产比景区便宜。神湾菠萝是中山限定水果，个小超甜无渣不用泡盐水直接吃，10到11月旺季，路上水果摊基本都卖。

  [5] 市内酒店推荐 — 从五星到性价比
      综合得分: 0.7458  (向量:0.5958 + 关键词:0.0000 + 标签:0.1500)
      标签: ['三乡镇', '东区', '亲子', '住宿', '历史文化', '温泉', '石岐区', '自然风光', '购物']
      来源: general/general\zhongshan_travel.md
      内容: 中山利和希尔顿在石岐区中山三路16号，60层的城市地标，顶楼有360度城市观景台夜景绝美。楼顶还有Stop Here手工精酿啤酒吧，号称全球最高海拔之一。隔壁就是利和广场购物中心位置绝佳，700到1800一晚。中山名座假日酒店在三乡镇，是三乡温泉区的高性价比选择，500到1200一晚，有室内外温泉泡池和儿童水上乐园亲子首选，周边郑观应故居罗三妹山都在10分钟车程内。

  [6] 沙溪镇的隆都菜 — 中山最有地方特色的菜系
      综合得分: 0.7382  (向量:0.5882 + 关键词:0.0000 + 标签:0.1500)
      标签: ['东升镇', '乳鸽', '历史文化', '小吃', '早茶', '沙溪镇', '海鲜', '网红打卡', '自然风光', '购物']
      来源: food/food\zhongshan_restaurants.md
      内容: 沙溪镇是隆都菜的发源地，这边的菜和中山西北部的水乡风味很不一样。隆都渔村在沙溪镇开了十几年，算是隆都菜的天花板了。隆都大烧猪98一份，每天现烧，皮脆肉嫩，蘸着砂糖吃那个口感真的绝了。他们家2025年拿了个全国金奖的乳鸽，65一只，皮薄爆汁，据吃过的人说秒杀深圳那些网红店。还有桂花松子笋壳鱼88一份，酸甜开胃，鱼肉外酥里嫩。
福田酒楼在沙溪镇岐江公路乐群路段59号，有两道拿过2009年名菜金奖和2024年中国文旅金马奖的菜。一个是金牌霸王鸭128一份，另一个是沙溪扣肉52一份。沙溪扣肉是"隆都三宝"之首（另外两个是白切鸡和清蒸鱼），用的是偏肥的五花腩，配上粉葛隔水炖一个小时，吃起来肥而不腻酥而不

================================================================================
[2026-06-07 20:54:45] 查询: 周日晚上近9点 差评 刷评 避坑 贵 排队
耗时: 453.8 ms | 命中数: 2 | 阈值: 0.3
--------------------------------------------------------------------------------

  [1] 避坑和实用贴士
      综合得分: 0.5185  (向量:0.1585 + 关键词:0.2100 + 标签:0.1500)
      标签: ['三乡镇', '东升镇', '乳鸽', '历史文化', '小吃', '小榄镇', '攻略', '早茶', '沙溪镇', '海鲜', '石岐区', '自然风光', '购物', '黄圃镇']
      来源: food/food\zhongshan_restaurants.md
      内容: 中山的早茶人均30到50块，基本是广州的三分之一价格，爱群食店6点开门建议8点前到免排队，周一和周四点心还打8折。乳鸽认准12到13天的妙龄鸽，石岐佬建议工作日11点前或17点前到，周末排队至少半小时。省钱吃法：早茶30到50一个人，乳鸽专门店60到80，海鲜大餐100到150。东升镇的脆肉鲩最正宗，沙溪镇的隆都菜最地道，石岐区的乳鸽最集中。三乡濑粉源于清嘉庆年间有200多年历史，上汤是灵魂要放烧鹅和叉烧。小榄菊花会每年11月下旬到12月举行，以菊入馔是中山独有文化。黄圃镇的腊味可以真空包装带回家，煲仔饭放几片腊肠满分。

  [2] 旅游避坑和实用建议
      综合得分: 0.4455  (向量:0.1455 + 关键词:0.1500 + 标签:0.1500)
      标签: ['东升镇', '乳鸽', '五桂山街道', '交通出行', '住宿', '南朗街道', '历史文化', '小榄镇', '攻略', '海鲜', '温泉', '神湾镇', '翠亨新区', '自然风光']
      来源: general/general\zhongshan_travel.md
      内容: 最佳旅行时间是每年10到12月的秋季和3到5月的春季，气温最舒适。夏天6到9月高温多雨还有台风，出行注意天气预报。冬天1到2月湿冷但游客少。3到4月是回南天特别潮湿衣服多带两件。
什么季节吃什么也有讲究：10到12月乳鸽最肥美，11月小榄菊花会品菊花宴，3到5月脆肉鲩最鲜，5到8月吃荔枝菌，10到11月吃神湾菠萝。
有几个景点必须提前预约别跑空——孙中山故居纪念馆要在公众号预约，中山市博物馆要在文旅中山公众号预约，翠亨国家湿地公园也要预约。三个都是周一闭馆。节假日人流量大建议提前2到3天约好。
防坑方面：景区周边的三轮车摩的不要坐价格虚高不安全，叫网约车最靠谱。部分餐厅会推荐高价海鲜点菜前一定

================================================================================
[2026-06-07 20:54:45] 查询: 下个周末提前规划 差评 刷评 避坑 贵 排队
耗时: 447.2 ms | 命中数: 2 | 阈值: 0.3
--------------------------------------------------------------------------------

  [1] 避坑和实用贴士
      综合得分: 0.5411  (向量:0.1811 + 关键词:0.2100 + 标签:0.1500)
      标签: ['三乡镇', '东升镇', '乳鸽', '历史文化', '小吃', '小榄镇', '攻略', '早茶', '沙溪镇', '海鲜', '石岐区', '自然风光', '购物', '黄圃镇']
      来源: food/food\zhongshan_restaurants.md
      内容: 中山的早茶人均30到50块，基本是广州的三分之一价格，爱群食店6点开门建议8点前到免排队，周一和周四点心还打8折。乳鸽认准12到13天的妙龄鸽，石岐佬建议工作日11点前或17点前到，周末排队至少半小时。省钱吃法：早茶30到50一个人，乳鸽专门店60到80，海鲜大餐100到150。东升镇的脆肉鲩最正宗，沙溪镇的隆都菜最地道，石岐区的乳鸽最集中。三乡濑粉源于清嘉庆年间有200多年历史，上汤是灵魂要放烧鹅和叉烧。小榄菊花会每年11月下旬到12月举行，以菊入馔是中山独有文化。黄圃镇的腊味可以真空包装带回家，煲仔饭放几片腊肠满分。

  [2] 旅游避坑和实用建议
      综合得分: 0.5036  (向量:0.2036 + 关键词:0.1500 + 标签:0.1500)
      标签: ['东升镇', '乳鸽', '五桂山街道', '交通出行', '住宿', '南朗街道', '历史文化', '小榄镇', '攻略', '海鲜', '温泉', '神湾镇', '翠亨新区', '自然风光']
      来源: general/general\zhongshan_travel.md
      内容: 最佳旅行时间是每年10到12月的秋季和3到5月的春季，气温最舒适。夏天6到9月高温多雨还有台风，出行注意天气预报。冬天1到2月湿冷但游客少。3到4月是回南天特别潮湿衣服多带两件。
什么季节吃什么也有讲究：10到12月乳鸽最肥美，11月小榄菊花会品菊花宴，3到5月脆肉鲩最鲜，5到8月吃荔枝菌，10到11月吃神湾菠萝。
有几个景点必须提前预约别跑空——孙中山故居纪念馆要在公众号预约，中山市博物馆要在文旅中山公众号预约，翠亨国家湿地公园也要预约。三个都是周一闭馆。节假日人流量大建议提前2到3天约好。
防坑方面：景区周边的三轮车摩的不要坐价格虚高不安全，叫网约车最靠谱。部分餐厅会推荐高价海鲜点菜前一定

================================================================================
[2026-06-07 20:54:46] 查询: 石岐佬 差评 刷评 避坑 贵 排队
耗时: 511.5 ms | 命中数: 2 | 阈值: 0.3
--------------------------------------------------------------------------------

  [1] 石岐佬中山菜馆 — "天下第一鸽"不是白叫的
      综合得分: 0.8296  (向量:0.3196 + 关键词:0.2100 + 标签:0.3000)
      标签: ['乳鸽', '小吃', '攻略', '石岐区', '神湾镇', '自然风光']
      来源: food/food\zhongshan_restaurants.md
      内容: 要说到中山吃乳鸽，石岐佬是绕不过去的。张溪店在石岐区康华路，门口经常排队，周末晚市等30分钟算正常的。这家店的红烧乳鸽被食客叫做"天下第一鸽"，80块钱一只说实话不算便宜，但吃过的都说值——现点现做，皮脆得像纸一样，咬下去咔嚓响，撕开那个肉汁直接爆出来，连骨髓都浸足了卤香味。除了乳鸽，他们家的菠萝包和旺财大煎堆也很多人点，基本上每桌必点。有两个店，张溪店比石岐店人少一点，如果是工作日的话建议11点前或者下午5点前到，能少排点队。
还有个小窍门：选乳鸽要认准12到13天龄的"妙龄鸽"，这个天数的鸽子骨头还软，肉质最嫩，汁水最多。红烧是最经典的做法，不过盐焗和药膳口味也值得试试，吃的时候挤点柠檬汁

  [2] 避坑和实用贴士
      综合得分: 0.7907  (向量:0.2507 + 关键词:0.2400 + 标签:0.3000)
      标签: ['三乡镇', '东升镇', '乳鸽', '历史文化', '小吃', '小榄镇', '攻略', '早茶', '沙溪镇', '海鲜', '石岐区', '自然风光', '购物', '黄圃镇']
      来源: food/food\zhongshan_restaurants.md
      内容: 中山的早茶人均30到50块，基本是广州的三分之一价格，爱群食店6点开门建议8点前到免排队，周一和周四点心还打8折。乳鸽认准12到13天的妙龄鸽，石岐佬建议工作日11点前或17点前到，周末排队至少半小时。省钱吃法：早茶30到50一个人，乳鸽专门店60到80，海鲜大餐100到150。东升镇的脆肉鲩最正宗，沙溪镇的隆都菜最地道，石岐区的乳鸽最集中。三乡濑粉源于清嘉庆年间有200多年历史，上汤是灵魂要放烧鹅和叉烧。小榄菊花会每年11月下旬到12月举行，以菊入馔是中山独有文化。黄圃镇的腊味可以真空包装带回家，煲仔饭放几片腊肠满分。

================================================================================
[2026-06-07 22:28:03] 查询: 2026年6月7日 星期日 22:27 差评 刷评 避坑 贵 排队
耗时: 616.3 ms | 命中数: 2 | 阈值: 0.3
--------------------------------------------------------------------------------

  [1] 避坑和实用贴士
      综合得分: 0.4328  (向量:0.0728 + 关键词:0.2100 + 标签:0.1500)
      标签: ['三乡镇', '东升镇', '乳鸽', '历史文化', '小吃', '小榄镇', '攻略', '早茶', '沙溪镇', '海鲜', '石岐区', '自然风光', '购物', '黄圃镇']
      来源: food/food\zhongshan_restaurants.md
      内容: 中山的早茶人均30到50块，基本是广州的三分之一价格，爱群食店6点开门建议8点前到免排队，周一和周四点心还打8折。乳鸽认准12到13天的妙龄鸽，石岐佬建议工作日11点前或17点前到，周末排队至少半小时。省钱吃法：早茶30到50一个人，乳鸽专门店60到80，海鲜大餐100到150。东升镇的脆肉鲩最正宗，沙溪镇的隆都菜最地道，石岐区的乳鸽最集中。三乡濑粉源于清嘉庆年间有200多年历史，上汤是灵魂要放烧鹅和叉烧。小榄菊花会每年11月下旬到12月举行，以菊入馔是中山独有文化。黄圃镇的腊味可以真空包装带回家，煲仔饭放几片腊肠满分。

  [2] 旅游避坑和实用建议
      综合得分: 0.3897  (向量:0.0897 + 关键词:0.1500 + 标签:0.1500)
      标签: ['东升镇', '乳鸽', '五桂山街道', '交通出行', '住宿', '南朗街道', '历史文化', '小榄镇', '攻略', '海鲜', '温泉', '神湾镇', '翠亨新区', '自然风光']
      来源: general/general\zhongshan_travel.md
      内容: 最佳旅行时间是每年10到12月的秋季和3到5月的春季，气温最舒适。夏天6到9月高温多雨还有台风，出行注意天气预报。冬天1到2月湿冷但游客少。3到4月是回南天特别潮湿衣服多带两件。
什么季节吃什么也有讲究：10到12月乳鸽最肥美，11月小榄菊花会品菊花宴，3到5月脆肉鲩最鲜，5到8月吃荔枝菌，10到11月吃神湾菠萝。
有几个景点必须提前预约别跑空——孙中山故居纪念馆要在公众号预约，中山市博物馆要在文旅中山公众号预约，翠亨国家湿地公园也要预约。三个都是周一闭馆。节假日人流量大建议提前2到3天约好。
防坑方面：景区周边的三轮车摩的不要坐价格虚高不安全，叫网约车最靠谱。部分餐厅会推荐高价海鲜点菜前一定

================================================================================
[2026-06-07 22:28:03] 查询: 天气 差评 刷评 避坑 贵 排队
耗时: 413.5 ms | 命中数: 2 | 阈值: 0.3
--------------------------------------------------------------------------------

  [1] 旅游避坑和实用建议
      综合得分: 0.5006  (向量:0.1706 + 关键词:0.1800 + 标签:0.1500)
      标签: ['东升镇', '乳鸽', '五桂山街道', '交通出行', '住宿', '南朗街道', '历史文化', '小榄镇', '攻略', '海鲜', '温泉', '神湾镇', '翠亨新区', '自然风光']
      来源: general/general\zhongshan_travel.md
      内容: 最佳旅行时间是每年10到12月的秋季和3到5月的春季，气温最舒适。夏天6到9月高温多雨还有台风，出行注意天气预报。冬天1到2月湿冷但游客少。3到4月是回南天特别潮湿衣服多带两件。
什么季节吃什么也有讲究：10到12月乳鸽最肥美，11月小榄菊花会品菊花宴，3到5月脆肉鲩最鲜，5到8月吃荔枝菌，10到11月吃神湾菠萝。
有几个景点必须提前预约别跑空——孙中山故居纪念馆要在公众号预约，中山市博物馆要在文旅中山公众号预约，翠亨国家湿地公园也要预约。三个都是周一闭馆。节假日人流量大建议提前2到3天约好。
防坑方面：景区周边的三轮车摩的不要坐价格虚高不安全，叫网约车最靠谱。部分餐厅会推荐高价海鲜点菜前一定

  [2] 避坑和实用贴士
      综合得分: 0.4882  (向量:0.1282 + 关键词:0.2100 + 标签:0.1500)
      标签: ['三乡镇', '东升镇', '乳鸽', '历史文化', '小吃', '小榄镇', '攻略', '早茶', '沙溪镇', '海鲜', '石岐区', '自然风光', '购物', '黄圃镇']
      来源: food/food\zhongshan_restaurants.md
      内容: 中山的早茶人均30到50块，基本是广州的三分之一价格，爱群食店6点开门建议8点前到免排队，周一和周四点心还打8折。乳鸽认准12到13天的妙龄鸽，石岐佬建议工作日11点前或17点前到，周末排队至少半小时。省钱吃法：早茶30到50一个人，乳鸽专门店60到80，海鲜大餐100到150。东升镇的脆肉鲩最正宗，沙溪镇的隆都菜最地道，石岐区的乳鸽最集中。三乡濑粉源于清嘉庆年间有200多年历史，上汤是灵魂要放烧鹅和叉烧。小榄菊花会每年11月下旬到12月举行，以菊入馔是中山独有文化。黄圃镇的腊味可以真空包装带回家，煲仔饭放几片腊肠满分。

================================================================================
[2026-06-07 22:28:04] 查询: 气温 差评 刷评 避坑 贵 排队
耗时: 437.6 ms | 命中数: 2 | 阈值: 0.3
--------------------------------------------------------------------------------

  [1] 避坑和实用贴士
      综合得分: 0.5364  (向量:0.1764 + 关键词:0.2100 + 标签:0.1500)
      标签: ['三乡镇', '东升镇', '乳鸽', '历史文化', '小吃', '小榄镇', '攻略', '早茶', '沙溪镇', '海鲜', '石岐区', '自然风光', '购物', '黄圃镇']
      来源: food/food\zhongshan_restaurants.md
      内容: 中山的早茶人均30到50块，基本是广州的三分之一价格，爱群食店6点开门建议8点前到免排队，周一和周四点心还打8折。乳鸽认准12到13天的妙龄鸽，石岐佬建议工作日11点前或17点前到，周末排队至少半小时。省钱吃法：早茶30到50一个人，乳鸽专门店60到80，海鲜大餐100到150。东升镇的脆肉鲩最正宗，沙溪镇的隆都菜最地道，石岐区的乳鸽最集中。三乡濑粉源于清嘉庆年间有200多年历史，上汤是灵魂要放烧鹅和叉烧。小榄菊花会每年11月下旬到12月举行，以菊入馔是中山独有文化。黄圃镇的腊味可以真空包装带回家，煲仔饭放几片腊肠满分。

  [2] 旅游避坑和实用建议
      综合得分: 0.5008  (向量:0.1708 + 关键词:0.1800 + 标签:0.1500)
      标签: ['东升镇', '乳鸽', '五桂山街道', '交通出行', '住宿', '南朗街道', '历史文化', '小榄镇', '攻略', '海鲜', '温泉', '神湾镇', '翠亨新区', '自然风光']
      来源: general/general\zhongshan_travel.md
      内容: 最佳旅行时间是每年10到12月的秋季和3到5月的春季，气温最舒适。夏天6到9月高温多雨还有台风，出行注意天气预报。冬天1到2月湿冷但游客少。3到4月是回南天特别潮湿衣服多带两件。
什么季节吃什么也有讲究：10到12月乳鸽最肥美，11月小榄菊花会品菊花宴，3到5月脆肉鲩最鲜，5到8月吃荔枝菌，10到11月吃神湾菠萝。
有几个景点必须提前预约别跑空——孙中山故居纪念馆要在公众号预约，中山市博物馆要在文旅中山公众号预约，翠亨国家湿地公园也要预约。三个都是周一闭馆。节假日人流量大建议提前2到3天约好。
防坑方面：景区周边的三轮车摩的不要坐价格虚高不安全，叫网约车最靠谱。部分餐厅会推荐高价海鲜点菜前一定

================================================================================
[2026-06-07 23:15:48] 查询: 中山火锅店推荐，评价好的
耗时: 21845.2 ms | 命中数: 6 | 阈值: 0.3
--------------------------------------------------------------------------------

  [1] 聚餐/约会（2小时+，享受为主）
      综合得分: 0.8268  (向量:0.5268 + 关键词:0.0000 + 标签:0.3000)
      标签: ['乳鸽', '夜市', '宵夜', '异国风味', '情侣', '攻略', '火锅', '烧烤', '石岐区', '网红打卡', '自然风光', '购物']
      来源: food/food\scene_guide.md
      内容: - 优先级：环境氛围 > 口味 > 价格
- 推荐类型：火锅、日料、西餐、私房菜、酒楼
- 人均预算：80-150元
- 搜索关键词：火锅、日料、西餐、私房菜、约会
- 中山特色选择：蜀大侠火锅(80元)、金阁佬黑松露乳鸽(88元)、安塔利亚土耳其烤肉(128元)、谷源私厨包厢
- 加分项：岐江夜景+兴中广场滨江酒吧街、幻彩摩天轮求婚圣地、森泊营地约会拍照

  [2] 带朋友吃遍中山（有好吃的要分享）
      综合得分: 0.7248  (向量:0.5748 + 关键词:0.0000 + 标签:0.1500)
      标签: ['三乡镇', '东升镇', '乳鸽', '小吃', '小榄镇', '攻略', '早茶', '海鲜', '石岐区', '自然风光']
      来源: food/food\scene_guide.md
      内容: - 优先级：体验感 > 特色 > 价格
- 推荐类型：中山地标美食全覆盖
- 人均预算：100-200元（一天）
- 必吃路线：早茶爱群食店→石岐佬乳鸽→崖口煲仔饭→三乡濑粉→小榄炸鱼球→东升脆肉鲩
- 搜索关键词：乳鸽、早茶、濑粉、脆肉鲩、炸鱼球、海鲜

  [3] 市内酒店推荐 — 从五星到性价比
      综合得分: 0.6843  (向量:0.5343 + 关键词:0.0000 + 标签:0.1500)
      标签: ['三乡镇', '东区', '亲子', '住宿', '历史文化', '温泉', '石岐区', '自然风光', '购物']
      来源: general/general\zhongshan_travel.md
      内容: 中山利和希尔顿在石岐区中山三路16号，60层的城市地标，顶楼有360度城市观景台夜景绝美。楼顶还有Stop Here手工精酿啤酒吧，号称全球最高海拔之一。隔壁就是利和广场购物中心位置绝佳，700到1800一晚。中山名座假日酒店在三乡镇，是三乡温泉区的高性价比选择，500到1200一晚，有室内外温泉泡池和儿童水上乐园亲子首选，周边郑观应故居罗三妹山都在10分钟车程内。

  [4] 爱群食店 — 30年老牌早茶馆，中山人的集体记忆
      综合得分: 0.6531  (向量:0.5031 + 关键词:0.0000 + 标签:0.1500)
      标签: ['南区', '异国风味', '攻略', '早茶', '海鲜', '自然风光']
      来源: food/food\zhongshan_restaurants.md
      内容: 南区街道银潭二路的爱群食店，开了30年了，每天早上6点开门，里面坐满了阿公阿婆，是那种半自助的——自己拿点心，服务员在点心卡上盖章记账。最绝的是周一和周四点心打8折，茶位只要1块钱起步。他们家的镇店之宝是咖喱金钱肚，25块一份，肚肉特别厚实，吸满了金黄色的咖喱汁，软糯又不失嚼劲，完全不腥不腻。黑胡椒牛仔骨是点单榜第一名，38块一份，大块的牛肉裹着浓稠的黑椒汁，骨头小肉量大，嫩得一咬就脱骨。上汤虾饺19块钱一笼，里面包了三四只虾仁，皮薄得像蝉翼，咬开汤汁迸发，虾肉饱满弹牙，这个性价比真的绝了。还有鸭脚扎22块（腐皮包着鸭脚、猪肚、猪板筋，吸满秘制卤水层次超丰富）、鲍汁凤爪20块（软糯到骨肉分离）

  [5] 避坑和实用贴士
      综合得分: 0.6397  (向量:0.4897 + 关键词:0.0000 + 标签:0.1500)
      标签: ['三乡镇', '东升镇', '乳鸽', '历史文化', '小吃', '小榄镇', '攻略', '早茶', '沙溪镇', '海鲜', '石岐区', '自然风光', '购物', '黄圃镇']
      来源: food/food\zhongshan_restaurants.md
      内容: 中山的早茶人均30到50块，基本是广州的三分之一价格，爱群食店6点开门建议8点前到免排队，周一和周四点心还打8折。乳鸽认准12到13天的妙龄鸽，石岐佬建议工作日11点前或17点前到，周末排队至少半小时。省钱吃法：早茶30到50一个人，乳鸽专门店60到80，海鲜大餐100到150。东升镇的脆肉鲩最正宗，沙溪镇的隆都菜最地道，石岐区的乳鸽最集中。三乡濑粉源于清嘉庆年间有200多年历史，上汤是灵魂要放烧鹅和叉烧。小榄菊花会每年11月下旬到12月举行，以菊入馔是中山独有文化。黄圃镇的腊味可以真空包装带回家，煲仔饭放几片腊肠满分。

  [6] 中山的咖啡馆 — 全市1600多家，藏着很多惊喜
      综合得分: 0.6326  (向量:0.4826 + 关键词:0.0000 + 标签:0.1500)
      标签: ['三乡镇', '东区', '五桂山街道', '南朗街道', '历史文化', '咖啡', '宵夜', '石岐区', '神湾镇', '网红打卡', '自然风光']
      来源: food/food\zhongshan_restaurants.md
      内容: 中山被称为"隐藏的咖啡之城"，全市有超过1600家咖啡馆。最出圈的是南朗崖口村的向云端咖啡店，被网友叫做宫崎骏稻田咖啡——坐在木质小椅上面对千亩稻田发呆喝咖啡，拍照出片率拉满，25到38一杯，春天青绿秋天金黄各有味道。崖口村还有个JANLU简庐电厂工坊，把废弃的旧发电厂改成了工业风咖啡馆，保留了50到80年代的发电设备，乡村柴窑是卖点，小红书热度超高。
五桂山那边的不荒樟咖啡开在桂南村的香樟林里，手冲28到45一杯，满眼绿意。东区库充村的囍楼咖啡把古碉楼活化成咖啡馆，保留了原来建筑特色。三乡镇雍陌村的希望咖啡依靠一座古老的华侨楼，历史感满满。东区的Lion咖啡有全景花园，25到45块的咖啡轻食

================================================================================
[2026-06-07 23:15:54] 查询: 蜀大侠火锅 差评 刷评 避坑 贵 排队
耗时: 382.0 ms | 命中数: 2 | 阈值: 0.3
--------------------------------------------------------------------------------

  [1] 聚餐/约会（2小时+，享受为主）
      综合得分: 0.6642  (向量:0.3342 + 关键词:0.0300 + 标签:0.3000)
      标签: ['乳鸽', '夜市', '宵夜', '异国风味', '情侣', '攻略', '火锅', '烧烤', '石岐区', '网红打卡', '自然风光', '购物']
      来源: food/food\scene_guide.md
      内容: - 优先级：环境氛围 > 口味 > 价格
- 推荐类型：火锅、日料、西餐、私房菜、酒楼
- 人均预算：80-150元
- 搜索关键词：火锅、日料、西餐、私房菜、约会
- 中山特色选择：蜀大侠火锅(80元)、金阁佬黑松露乳鸽(88元)、安塔利亚土耳其烤肉(128元)、谷源私厨包厢
- 加分项：岐江夜景+兴中广场滨江酒吧街、幻彩摩天轮求婚圣地、森泊营地约会拍照

  [2] 宵夜地图 — 东区到港口的深夜觅食路线
      综合得分: 0.4206  (向量:0.1206 + 关键词:0.0000 + 标签:0.3000)
      标签: ['宵夜', '情侣', '攻略', '沙溪镇', '海鲜', '港口镇', '火锅', '烧烤', '网红打卡']
      来源: food/food\zhongshan_restaurants.md
      内容: 彭三锅小龙虾在东区开了十年，香辣油焖的128一份，还有蒜蓉和咸蛋黄焗口味，营业到凌晨两点。功夫西江鲩68麻辣鲜香。仁義社烧鸡铺的招牌烧鸡58一只皮脆肉嫩，营业时间是下午5点到凌晨2点，还有烤鸡翅烤五花肉8到15块一串。老少阳音乐烤吧有驻唱表演，烤鲩鱼58一份，氛围很适合年轻人聚会和生日派对，也到凌晨2点。0760齐齐哈尔炭火烤肉做北方风味，人均68分量很足。森泊营地在东区是营地风格的，金蒜烤生蚝38块6只，环境浪漫适合情侣约会拍照，晚上6点到凌晨1点半营业。港口镇港福路是宵夜一条街，老六沙溪牛肉火锅人均60、顺德福粥城的生滚粥25到45、林记潮汕砂锅粥38一锅，都是深夜暖胃的好选择。

================================================================================
[2026-06-07 23:15:55] 查询: 金阁佬黑松露乳鸽 差评 刷评 避坑 贵 排队
耗时: 456.8 ms | 命中数: 2 | 阈值: 0.3
--------------------------------------------------------------------------------

  [1] 石岐佬中山菜馆 — "天下第一鸽"不是白叫的
      综合得分: 0.6937  (向量:0.3637 + 关键词:0.0300 + 标签:0.3000)
      标签: ['乳鸽', '小吃', '攻略', '石岐区', '神湾镇', '自然风光']
      来源: food/food\zhongshan_restaurants.md
      内容: 要说到中山吃乳鸽，石岐佬是绕不过去的。张溪店在石岐区康华路，门口经常排队，周末晚市等30分钟算正常的。这家店的红烧乳鸽被食客叫做"天下第一鸽"，80块钱一只说实话不算便宜，但吃过的都说值——现点现做，皮脆得像纸一样，咬下去咔嚓响，撕开那个肉汁直接爆出来，连骨髓都浸足了卤香味。除了乳鸽，他们家的菠萝包和旺财大煎堆也很多人点，基本上每桌必点。有两个店，张溪店比石岐店人少一点，如果是工作日的话建议11点前或者下午5点前到，能少排点队。
还有个小窍门：选乳鸽要认准12到13天龄的"妙龄鸽"，这个天数的鸽子骨头还软，肉质最嫩，汁水最多。红烧是最经典的做法，不过盐焗和药膳口味也值得试试，吃的时候挤点柠檬汁

  [2] 避坑和实用贴士
      综合得分: 0.6852  (向量:0.1752 + 关键词:0.2100 + 标签:0.3000)
      标签: ['三乡镇', '东升镇', '乳鸽', '历史文化', '小吃', '小榄镇', '攻略', '早茶', '沙溪镇', '海鲜', '石岐区', '自然风光', '购物', '黄圃镇']
      来源: food/food\zhongshan_restaurants.md
      内容: 中山的早茶人均30到50块，基本是广州的三分之一价格，爱群食店6点开门建议8点前到免排队，周一和周四点心还打8折。乳鸽认准12到13天的妙龄鸽，石岐佬建议工作日11点前或17点前到，周末排队至少半小时。省钱吃法：早茶30到50一个人，乳鸽专门店60到80，海鲜大餐100到150。东升镇的脆肉鲩最正宗，沙溪镇的隆都菜最地道，石岐区的乳鸽最集中。三乡濑粉源于清嘉庆年间有200多年历史，上汤是灵魂要放烧鹅和叉烧。小榄菊花会每年11月下旬到12月举行，以菊入馔是中山独有文化。黄圃镇的腊味可以真空包装带回家，煲仔饭放几片腊肠满分。

================================================================================
[2026-06-07 23:15:55] 查询: 安塔利亚土耳其烤肉 差评 刷评 避坑 贵 排队
耗时: 399.1 ms | 命中数: 2 | 阈值: 0.3
--------------------------------------------------------------------------------

  [1] 异国风味 — 古镇和内城的国际美食
      综合得分: 0.5977  (向量:0.2977 + 关键词:0.0000 + 标签:0.3000)
      标签: ['古镇镇', '坦洲镇', '夜市', '异国风味', '火锅', '烧烤', '石岐区', '自然风光']
      来源: food/food\zhongshan_restaurants.md
      内容: 古镇镇有条异国风情美食街聚集了多国风味。Kebabsn Curry印度料理的咖喱套餐68块味道很正宗，香料浓郁配烤饼一绝。安塔利亚土耳其西餐厅的烤肉拼盘128，烤肉多汁香气四溢。德拉朵西餐厅的意大利面和披萨58到88，手工现做。石岐区孙文西路的南洋风味餐厅做东南亚菜，咖喱牛腩48和沙嗲串28（6串）都是招牌。坦洲镇的春润大地海南椰子鸡在中山优越城二层，88一锅用椰青水做汤底，鸡肉嫩滑椰香四溢。

  [2] 爱群食店 — 30年老牌早茶馆，中山人的集体记忆
      综合得分: 0.5160  (向量:0.1860 + 关键词:0.0300 + 标签:0.3000)
      标签: ['南区', '异国风味', '攻略', '早茶', '海鲜', '自然风光']
      来源: food/food\zhongshan_restaurants.md
      内容: 南区街道银潭二路的爱群食店，开了30年了，每天早上6点开门，里面坐满了阿公阿婆，是那种半自助的——自己拿点心，服务员在点心卡上盖章记账。最绝的是周一和周四点心打8折，茶位只要1块钱起步。他们家的镇店之宝是咖喱金钱肚，25块一份，肚肉特别厚实，吸满了金黄色的咖喱汁，软糯又不失嚼劲，完全不腥不腻。黑胡椒牛仔骨是点单榜第一名，38块一份，大块的牛肉裹着浓稠的黑椒汁，骨头小肉量大，嫩得一咬就脱骨。上汤虾饺19块钱一笼，里面包了三四只虾仁，皮薄得像蝉翼，咬开汤汁迸发，虾肉饱满弹牙，这个性价比真的绝了。还有鸭脚扎22块（腐皮包着鸭脚、猪肚、猪板筋，吸满秘制卤水层次超丰富）、鲍汁凤爪20块（软糯到骨肉分离）

================================================================================
[2026-06-07 23:18:43] 查询: 中山火锅店推荐
耗时: 612.9 ms | 命中数: 6 | 阈值: 0.3
--------------------------------------------------------------------------------

  [1] 聚餐/约会（2小时+，享受为主）
      综合得分: 0.8204  (向量:0.5204 + 关键词:0.0000 + 标签:0.3000)
      标签: ['乳鸽', '夜市', '宵夜', '异国风味', '情侣', '攻略', '火锅', '烧烤', '石岐区', '网红打卡', '自然风光', '购物']
      来源: food/food\scene_guide.md
      内容: - 优先级：环境氛围 > 口味 > 价格
- 推荐类型：火锅、日料、西餐、私房菜、酒楼
- 人均预算：80-150元
- 搜索关键词：火锅、日料、西餐、私房菜、约会
- 中山特色选择：蜀大侠火锅(80元)、金阁佬黑松露乳鸽(88元)、安塔利亚土耳其烤肉(128元)、谷源私厨包厢
- 加分项：岐江夜景+兴中广场滨江酒吧街、幻彩摩天轮求婚圣地、森泊营地约会拍照

  [2] 带朋友吃遍中山（有好吃的要分享）
      综合得分: 0.6955  (向量:0.5455 + 关键词:0.0000 + 标签:0.1500)
      标签: ['三乡镇', '东升镇', '乳鸽', '小吃', '小榄镇', '攻略', '早茶', '海鲜', '石岐区', '自然风光']
      来源: food/food\scene_guide.md
      内容: - 优先级：体验感 > 特色 > 价格
- 推荐类型：中山地标美食全覆盖
- 人均预算：100-200元（一天）
- 必吃路线：早茶爱群食店→石岐佬乳鸽→崖口煲仔饭→三乡濑粉→小榄炸鱼球→东升脆肉鲩
- 搜索关键词：乳鸽、早茶、濑粉、脆肉鲩、炸鱼球、海鲜

  [3] 市内酒店推荐 — 从五星到性价比
      综合得分: 0.6401  (向量:0.4901 + 关键词:0.0000 + 标签:0.1500)
      标签: ['三乡镇', '东区', '亲子', '住宿', '历史文化', '温泉', '石岐区', '自然风光', '购物']
      来源: general/general\zhongshan_travel.md
      内容: 中山利和希尔顿在石岐区中山三路16号，60层的城市地标，顶楼有360度城市观景台夜景绝美。楼顶还有Stop Here手工精酿啤酒吧，号称全球最高海拔之一。隔壁就是利和广场购物中心位置绝佳，700到1800一晚。中山名座假日酒店在三乡镇，是三乡温泉区的高性价比选择，500到1200一晚，有室内外温泉泡池和儿童水上乐园亲子首选，周边郑观应故居罗三妹山都在10分钟车程内。

  [4] 爱群食店 — 30年老牌早茶馆，中山人的集体记忆
      综合得分: 0.6286  (向量:0.4786 + 关键词:0.0000 + 标签:0.1500)
      标签: ['南区', '异国风味', '攻略', '早茶', '海鲜', '自然风光']
      来源: food/food\zhongshan_restaurants.md
      内容: 南区街道银潭二路的爱群食店，开了30年了，每天早上6点开门，里面坐满了阿公阿婆，是那种半自助的——自己拿点心，服务员在点心卡上盖章记账。最绝的是周一和周四点心打8折，茶位只要1块钱起步。他们家的镇店之宝是咖喱金钱肚，25块一份，肚肉特别厚实，吸满了金黄色的咖喱汁，软糯又不失嚼劲，完全不腥不腻。黑胡椒牛仔骨是点单榜第一名，38块一份，大块的牛肉裹着浓稠的黑椒汁，骨头小肉量大，嫩得一咬就脱骨。上汤虾饺19块钱一笼，里面包了三四只虾仁，皮薄得像蝉翼，咬开汤汁迸发，虾肉饱满弹牙，这个性价比真的绝了。还有鸭脚扎22块（腐皮包着鸭脚、猪肚、猪板筋，吸满秘制卤水层次超丰富）、鲍汁凤爪20块（软糯到骨肉分离）

  [5] 中山的咖啡馆 — 全市1600多家，藏着很多惊喜
      综合得分: 0.6064  (向量:0.4564 + 关键词:0.0000 + 标签:0.1500)
      标签: ['三乡镇', '东区', '五桂山街道', '南朗街道', '历史文化', '咖啡', '宵夜', '石岐区', '神湾镇', '网红打卡', '自然风光']
      来源: food/food\zhongshan_restaurants.md
      内容: 中山被称为"隐藏的咖啡之城"，全市有超过1600家咖啡馆。最出圈的是南朗崖口村的向云端咖啡店，被网友叫做宫崎骏稻田咖啡——坐在木质小椅上面对千亩稻田发呆喝咖啡，拍照出片率拉满，25到38一杯，春天青绿秋天金黄各有味道。崖口村还有个JANLU简庐电厂工坊，把废弃的旧发电厂改成了工业风咖啡馆，保留了50到80年代的发电设备，乡村柴窑是卖点，小红书热度超高。
五桂山那边的不荒樟咖啡开在桂南村的香樟林里，手冲28到45一杯，满眼绿意。东区库充村的囍楼咖啡把古碉楼活化成咖啡馆，保留了原来建筑特色。三乡镇雍陌村的希望咖啡依靠一座古老的华侨楼，历史感满满。东区的Lion咖啡有全景花园，25到45块的咖啡轻食

  [6] 中山特产采购实战指南
      综合得分: 0.6003  (向量:0.4503 + 关键词:0.0000 + 标签:0.1500)
      标签: ['历史文化', '小吃', '沙溪镇', '石岐区', '神湾镇', '自然风光', '购物', '黄圃镇']
      来源: general/general\zhongshan_travel.md
      内容: 杏仁饼的话，咀香园（1918年沙溪镇有门店）和惠赞饼家（1911年石岐区）最正宗，20到35一盒。南冲饼家和兴华饼家在石岐老区做烧饼鸡仔饼光酥饼，手工制作十到二十块一包。黄圃腊味真空装35到65，煲仔饭绝配。石岐米酒也是非遗手信25到50一瓶30度左右。孙文西路的中山名品荟集中了170多家名优企业近800个产品，威力奥马华帝格兰仕美的TCL洁柔完美这些品牌一站选购，一楼伴手礼二楼家电家居。白水井大街的杂货铺买特产比景区便宜。神湾菠萝是中山限定水果，个小超甜无渣不用泡盐水直接吃，10到11月旺季，路上水果摊基本都卖。

================================================================================
[2026-06-16 22:06:11] 查询: 烧烤
耗时: 510.5 ms | 命中数: 6 | 阈值: 0.3
--------------------------------------------------------------------------------

  [1] 阿炮美食城和谷源私厨 — 东区的实力派
      综合得分: 0.6494  (向量:0.2994 + 关键词:0.2000 + 标签:0.1500)
      标签: ['宵夜', '早茶', '烧烤', '自然风光']
      来源: food/food\zhongshan_restaurants.md
      内容: 阿炮美食城在东区，开了三十年了，是中山美食星榜的冠军，早茶直落宵夜。正宗的化州香油鸡68半只、招牌台山黄鳝饭48、阿炮咸猪骨粥22都是招牌。还有中式炭烧牛排88，中西合璧炭火烤肉。谷源私厨也在东区，CBD旁边的品质餐厅，湛江安铺白切鸡68半只、湛江泥虫粥38，食材新鲜但需要提前预订，有雅致包厢。

  [2] 聚餐/约会（2小时+，享受为主）
      综合得分: 0.6275  (向量:0.2775 + 关键词:0.2000 + 标签:0.1500)
      标签: ['乳鸽', '夜市', '宵夜', '异国风味', '情侣', '攻略', '火锅', '烧烤', '石岐区', '网红打卡', '自然风光', '购物']
      来源: food/food\scene_guide.md
      内容: - 优先级：环境氛围 > 口味 > 价格
- 推荐类型：火锅、日料、西餐、私房菜、酒楼
- 人均预算：80-150元
- 搜索关键词：火锅、日料、西餐、私房菜、约会
- 中山特色选择：蜀大侠火锅(80元)、金阁佬黑松露乳鸽(88元)、安塔利亚土耳其烤肉(128元)、谷源私厨包厢
- 加分项：岐江夜景+兴中广场滨江酒吧街、幻彩摩天轮求婚圣地、森泊营地约会拍照

  [3] 异国风味 — 古镇和内城的国际美食
      综合得分: 0.5548  (向量:0.2048 + 关键词:0.2000 + 标签:0.1500)
      标签: ['古镇镇', '坦洲镇', '夜市', '异国风味', '火锅', '烧烤', '石岐区', '自然风光']
      来源: food/food\zhongshan_restaurants.md
      内容: 古镇镇有条异国风情美食街聚集了多国风味。Kebabsn Curry印度料理的咖喱套餐68块味道很正宗，香料浓郁配烤饼一绝。安塔利亚土耳其西餐厅的烤肉拼盘128，烤肉多汁香气四溢。德拉朵西餐厅的意大利面和披萨58到88，手工现做。石岐区孙文西路的南洋风味餐厅做东南亚菜，咖喱牛腩48和沙嗲串28（6串）都是招牌。坦洲镇的春润大地海南椰子鸡在中山优越城二层，88一锅用椰青水做汤底，鸡肉嫩滑椰香四溢。

  [4] 脆肉鲩 — 中山地理标志产品，别的地方吃不到的口感
      综合得分: 0.5518  (向量:0.1718 + 关键词:0.2300 + 标签:0.1500)
      标签: ['东升镇', '乳鸽', '住宿', '宵夜', '海鲜', '火锅', '烧烤', '石岐区', '自然风光']
      来源: food/food\zhongshan_restaurants.md
      内容: 脆肉鲩是中山的地理标志产品，这个鱼特别在哪儿呢——它是用蚕豆喂养的草鱼，肉质变得特别爽脆，而且耐煮不烂，吃起来和普通鱼肉完全不是一个东西。东升镇是脆肉鲩的核心产区。庆丰鱼庄在东升镇，最经典的是脆肉鲩一鱼六味，158一条，六种吃法：鱼片涮火锅、鱼丸煮汤、鱼腩豉汁蒸、鱼骨炸酥、鱼头鱼尾焖煮，一条鱼从头吃到尾。中山国际酒店（石岐区）也有脆肉鲩宴，198一个人，五星酒店的做法更加精致创新。另外金山记靓鸡专门店（东区）有荔枝柴烧鹅88半只，荔枝柴明火烤的，皮色深红油亮，肉质带着果木的清香。小鳌溪山顶美食在东区，主打粤菜融合湘菜和衡阳烧烤，在山顶上吃脆肉鲩和乳鸽别有风味，下午5点半营业到凌晨2点，还有篝火

  [5] 宵夜地图 — 东区到港口的深夜觅食路线
      综合得分: 0.5319  (向量:0.1819 + 关键词:0.2000 + 标签:0.1500)
      标签: ['宵夜', '情侣', '攻略', '沙溪镇', '海鲜', '港口镇', '火锅', '烧烤', '网红打卡']
      来源: food/food\zhongshan_restaurants.md
      内容: 彭三锅小龙虾在东区开了十年，香辣油焖的128一份，还有蒜蓉和咸蛋黄焗口味，营业到凌晨两点。功夫西江鲩68麻辣鲜香。仁義社烧鸡铺的招牌烧鸡58一只皮脆肉嫩，营业时间是下午5点到凌晨2点，还有烤鸡翅烤五花肉8到15块一串。老少阳音乐烤吧有驻唱表演，烤鲩鱼58一份，氛围很适合年轻人聚会和生日派对，也到凌晨2点。0760齐齐哈尔炭火烤肉做北方风味，人均68分量很足。森泊营地在东区是营地风格的，金蒜烤生蚝38块6只，环境浪漫适合情侣约会拍照，晚上6点到凌晨1点半营业。港口镇港福路是宵夜一条街，老六沙溪牛肉火锅人均60、顺德福粥城的生滚粥25到45、林记潮汕砂锅粥38一锅，都是深夜暖胃的好选择。

  [6] 带朋友吃遍中山（有好吃的要分享）
      综合得分: 0.1925  (向量:0.1925 + 关键词:0.0000 + 标签:0.0000)
      标签: ['三乡镇', '东升镇', '乳鸽', '小吃', '小榄镇', '攻略', '早茶', '海鲜', '石岐区', '自然风光']
      来源: food/food\scene_guide.md
      内容: - 优先级：体验感 > 特色 > 价格
- 推荐类型：中山地标美食全覆盖
- 人均预算：100-200元（一天）
- 必吃路线：早茶爱群食店→石岐佬乳鸽→崖口煲仔饭→三乡濑粉→小榄炸鱼球→东升脆肉鲩
- 搜索关键词：乳鸽、早茶、濑粉、脆肉鲩、炸鱼球、海鲜

================================================================================
[2026-06-16 22:06:15] 查询: 阿炮美食城 差评 刷评 避坑 贵 排队
耗时: 443.4 ms | 命中数: 2 | 阈值: 0.3
--------------------------------------------------------------------------------

  [1] 阿炮美食城和谷源私厨 — 东区的实力派
      综合得分: 0.6426  (向量:0.4626 + 关键词:0.1800 + 标签:0.0000)
      标签: ['宵夜', '早茶', '烧烤', '自然风光']
      来源: food/food\zhongshan_restaurants.md
      内容: 阿炮美食城在东区，开了三十年了，是中山美食星榜的冠军，早茶直落宵夜。正宗的化州香油鸡68半只、招牌台山黄鳝饭48、阿炮咸猪骨粥22都是招牌。还有中式炭烧牛排88，中西合璧炭火烤肉。谷源私厨也在东区，CBD旁边的品质餐厅，湛江安铺白切鸡68半只、湛江泥虫粥38，食材新鲜但需要提前预订，有雅致包厢。

  [2] 避坑和实用贴士
      综合得分: 0.5873  (向量:0.2273 + 关键词:0.2100 + 标签:0.1500)
      标签: ['三乡镇', '东升镇', '乳鸽', '历史文化', '小吃', '小榄镇', '攻略', '早茶', '沙溪镇', '海鲜', '石岐区', '自然风光', '购物', '黄圃镇']
      来源: food/food\zhongshan_restaurants.md
      内容: 中山的早茶人均30到50块，基本是广州的三分之一价格，爱群食店6点开门建议8点前到免排队，周一和周四点心还打8折。乳鸽认准12到13天的妙龄鸽，石岐佬建议工作日11点前或17点前到，周末排队至少半小时。省钱吃法：早茶30到50一个人，乳鸽专门店60到80，海鲜大餐100到150。东升镇的脆肉鲩最正宗，沙溪镇的隆都菜最地道，石岐区的乳鸽最集中。三乡濑粉源于清嘉庆年间有200多年历史，上汤是灵魂要放烧鹅和叉烧。小榄菊花会每年11月下旬到12月举行，以菊入馔是中山独有文化。黄圃镇的腊味可以真空包装带回家，煲仔饭放几片腊肠满分。

================================================================================
[2026-06-16 22:06:16] 查询: 安塔利亚土耳其烤肉 差评 刷评 避坑 贵 排队
耗时: 508.5 ms | 命中数: 2 | 阈值: 0.3
--------------------------------------------------------------------------------

  [1] 异国风味 — 古镇和内城的国际美食
      综合得分: 0.5977  (向量:0.2977 + 关键词:0.0000 + 标签:0.3000)
      标签: ['古镇镇', '坦洲镇', '夜市', '异国风味', '火锅', '烧烤', '石岐区', '自然风光']
      来源: food/food\zhongshan_restaurants.md
      内容: 古镇镇有条异国风情美食街聚集了多国风味。Kebabsn Curry印度料理的咖喱套餐68块味道很正宗，香料浓郁配烤饼一绝。安塔利亚土耳其西餐厅的烤肉拼盘128，烤肉多汁香气四溢。德拉朵西餐厅的意大利面和披萨58到88，手工现做。石岐区孙文西路的南洋风味餐厅做东南亚菜，咖喱牛腩48和沙嗲串28（6串）都是招牌。坦洲镇的春润大地海南椰子鸡在中山优越城二层，88一锅用椰青水做汤底，鸡肉嫩滑椰香四溢。

  [2] 爱群食店 — 30年老牌早茶馆，中山人的集体记忆
      综合得分: 0.5160  (向量:0.1860 + 关键词:0.0300 + 标签:0.3000)
      标签: ['南区', '异国风味', '攻略', '早茶', '海鲜', '自然风光']
      来源: food/food\zhongshan_restaurants.md
      内容: 南区街道银潭二路的爱群食店，开了30年了，每天早上6点开门，里面坐满了阿公阿婆，是那种半自助的——自己拿点心，服务员在点心卡上盖章记账。最绝的是周一和周四点心打8折，茶位只要1块钱起步。他们家的镇店之宝是咖喱金钱肚，25块一份，肚肉特别厚实，吸满了金黄色的咖喱汁，软糯又不失嚼劲，完全不腥不腻。黑胡椒牛仔骨是点单榜第一名，38块一份，大块的牛肉裹着浓稠的黑椒汁，骨头小肉量大，嫩得一咬就脱骨。上汤虾饺19块钱一笼，里面包了三四只虾仁，皮薄得像蝉翼，咬开汤汁迸发，虾肉饱满弹牙，这个性价比真的绝了。还有鸭脚扎22块（腐皮包着鸭脚、猪肚、猪板筋，吸满秘制卤水层次超丰富）、鲍汁凤爪20块（软糯到骨肉分离）

================================================================================
[2026-06-16 22:06:16] 查询: 财务提醒 差评 刷评 避坑 贵 排队
耗时: 555.0 ms | 命中数: 2 | 阈值: 0.3
--------------------------------------------------------------------------------

  [1] 避坑和实用贴士
      综合得分: 0.4628  (向量:0.1028 + 关键词:0.2100 + 标签:0.1500)
      标签: ['三乡镇', '东升镇', '乳鸽', '历史文化', '小吃', '小榄镇', '攻略', '早茶', '沙溪镇', '海鲜', '石岐区', '自然风光', '购物', '黄圃镇']
      来源: food/food\zhongshan_restaurants.md
      内容: 中山的早茶人均30到50块，基本是广州的三分之一价格，爱群食店6点开门建议8点前到免排队，周一和周四点心还打8折。乳鸽认准12到13天的妙龄鸽，石岐佬建议工作日11点前或17点前到，周末排队至少半小时。省钱吃法：早茶30到50一个人，乳鸽专门店60到80，海鲜大餐100到150。东升镇的脆肉鲩最正宗，沙溪镇的隆都菜最地道，石岐区的乳鸽最集中。三乡濑粉源于清嘉庆年间有200多年历史，上汤是灵魂要放烧鹅和叉烧。小榄菊花会每年11月下旬到12月举行，以菊入馔是中山独有文化。黄圃镇的腊味可以真空包装带回家，煲仔饭放几片腊肠满分。

  [2] 旅游避坑和实用建议
      综合得分: 0.3885  (向量:0.0885 + 关键词:0.1500 + 标签:0.1500)
      标签: ['东升镇', '乳鸽', '五桂山街道', '交通出行', '住宿', '南朗街道', '历史文化', '小榄镇', '攻略', '海鲜', '温泉', '神湾镇', '翠亨新区', '自然风光']
      来源: general/general\zhongshan_travel.md
      内容: 最佳旅行时间是每年10到12月的秋季和3到5月的春季，气温最舒适。夏天6到9月高温多雨还有台风，出行注意天气预报。冬天1到2月湿冷但游客少。3到4月是回南天特别潮湿衣服多带两件。
什么季节吃什么也有讲究：10到12月乳鸽最肥美，11月小榄菊花会品菊花宴，3到5月脆肉鲩最鲜，5到8月吃荔枝菌，10到11月吃神湾菠萝。
有几个景点必须提前预约别跑空——孙中山故居纪念馆要在公众号预约，中山市博物馆要在文旅中山公众号预约，翠亨国家湿地公园也要预约。三个都是周一闭馆。节假日人流量大建议提前2到3天约好。
防坑方面：景区周边的三轮车摩的不要坐价格虚高不安全，叫网约车最靠谱。部分餐厅会推荐高价海鲜点菜前一定

================================================================================
[2026-06-16 22:20:47] 查询: 西乡安居家园附近烧烤
耗时: 780.1 ms | 命中数: 6 | 阈值: 0.3
--------------------------------------------------------------------------------

  [1] 阿炮美食城和谷源私厨 — 东区的实力派
      综合得分: 0.5162  (向量:0.3662 + 关键词:0.0000 + 标签:0.1500)
      标签: ['宵夜', '早茶', '烧烤', '自然风光']
      来源: food/food\zhongshan_restaurants.md
      内容: 阿炮美食城在东区，开了三十年了，是中山美食星榜的冠军，早茶直落宵夜。正宗的化州香油鸡68半只、招牌台山黄鳝饭48、阿炮咸猪骨粥22都是招牌。还有中式炭烧牛排88，中西合璧炭火烤肉。谷源私厨也在东区，CBD旁边的品质餐厅，湛江安铺白切鸡68半只、湛江泥虫粥38，食材新鲜但需要提前预订，有雅致包厢。

  [2] 异国风味 — 古镇和内城的国际美食
      综合得分: 0.3985  (向量:0.2485 + 关键词:0.0000 + 标签:0.1500)
      标签: ['古镇镇', '坦洲镇', '夜市', '异国风味', '火锅', '烧烤', '石岐区', '自然风光']
      来源: food/food\zhongshan_restaurants.md
      内容: 古镇镇有条异国风情美食街聚集了多国风味。Kebabsn Curry印度料理的咖喱套餐68块味道很正宗，香料浓郁配烤饼一绝。安塔利亚土耳其西餐厅的烤肉拼盘128，烤肉多汁香气四溢。德拉朵西餐厅的意大利面和披萨58到88，手工现做。石岐区孙文西路的南洋风味餐厅做东南亚菜，咖喱牛腩48和沙嗲串28（6串）都是招牌。坦洲镇的春润大地海南椰子鸡在中山优越城二层，88一锅用椰青水做汤底，鸡肉嫩滑椰香四溢。

  [3] 聚餐/约会（2小时+，享受为主）
      综合得分: 0.3925  (向量:0.2425 + 关键词:0.0000 + 标签:0.1500)
      标签: ['乳鸽', '夜市', '宵夜', '异国风味', '情侣', '攻略', '火锅', '烧烤', '石岐区', '网红打卡', '自然风光', '购物']
      来源: food/food\scene_guide.md
      内容: - 优先级：环境氛围 > 口味 > 价格
- 推荐类型：火锅、日料、西餐、私房菜、酒楼
- 人均预算：80-150元
- 搜索关键词：火锅、日料、西餐、私房菜、约会
- 中山特色选择：蜀大侠火锅(80元)、金阁佬黑松露乳鸽(88元)、安塔利亚土耳其烤肉(128元)、谷源私厨包厢
- 加分项：岐江夜景+兴中广场滨江酒吧街、幻彩摩天轮求婚圣地、森泊营地约会拍照

  [4] 宵夜地图 — 东区到港口的深夜觅食路线
      综合得分: 0.3707  (向量:0.2207 + 关键词:0.0000 + 标签:0.1500)
      标签: ['宵夜', '情侣', '攻略', '沙溪镇', '海鲜', '港口镇', '火锅', '烧烤', '网红打卡']
      来源: food/food\zhongshan_restaurants.md
      内容: 彭三锅小龙虾在东区开了十年，香辣油焖的128一份，还有蒜蓉和咸蛋黄焗口味，营业到凌晨两点。功夫西江鲩68麻辣鲜香。仁義社烧鸡铺的招牌烧鸡58一只皮脆肉嫩，营业时间是下午5点到凌晨2点，还有烤鸡翅烤五花肉8到15块一串。老少阳音乐烤吧有驻唱表演，烤鲩鱼58一份，氛围很适合年轻人聚会和生日派对，也到凌晨2点。0760齐齐哈尔炭火烤肉做北方风味，人均68分量很足。森泊营地在东区是营地风格的，金蒜烤生蚝38块6只，环境浪漫适合情侣约会拍照，晚上6点到凌晨1点半营业。港口镇港福路是宵夜一条街，老六沙溪牛肉火锅人均60、顺德福粥城的生滚粥25到45、林记潮汕砂锅粥38一锅，都是深夜暖胃的好选择。

  [5] 古镇灯都 — 中国灯饰之都
      综合得分: 0.3548  (向量:0.2048 + 关键词:0.0000 + 标签:0.1500)
      标签: ['古镇镇', '夜市', '异国风味', '烧烤', '翠亨新区', '自然风光']
      来源: general/general\zhongshan_travel.md
      内容: 古镇镇是中国灯饰之都，古镇灯都生态湿地公园白天逛灯饰卖场了解这个支柱产业，晚上看灯饰夜景五彩斑斓。搭配古镇异国风情美食街吃印度咖喱、土耳其烤肉或者意大利面，节奏悠闲。

  [6] 中山的特色民宿 — 2024年爆发式增长
      综合得分: 0.2321  (向量:0.2321 + 关键词:0.0000 + 标签:0.0000)
      标签: ['三乡镇', '五桂山街道', '住宿', '南朗街道', '咖啡', '情侣', '自然风光']
      来源: general/general\zhongshan_travel.md
      内容: 崖口村的禾田香野民宿开窗就是千亩稻田，350到700一晚，一层咖啡厅对外开放。原野之上原野之居在五桂山桂南村，竹海环绕木屋别墅风格，私密性强适合情侣度假，500到1000一晚，去逍遥谷只要5分钟。蝉意民枫民宿在五桂山深处，中式庭院围炉煮茶避世首选，500到900一晚。竹衣闲庭民宿在五桂山旗溪村，客家风情后山竹林可挖竹笋，300到650一晚。三乡镇的东街里和集在古鹤村，集民宿手作艺术展览于一体，400到800一晚。枫江别苑民宿在崖口村，水乡庭院院中有棵大树晚上乘凉喝茶看星星，350到700一晚。美宿雍陌在三乡镇雍陌村，闲置老宅改造的青砖灰瓦古色古香，300到600一晚。

================================================================================
[2026-06-16 22:33:08] 查询: 李小太·烧烤(西乡天虹店) 差评 刷评 避坑 贵 排队
耗时: 705.8 ms | 命中数: 2 | 阈值: 0.3
--------------------------------------------------------------------------------

  [1] 避坑和实用贴士
      综合得分: 0.5570  (向量:0.1970 + 关键词:0.2100 + 标签:0.1500)
      标签: ['三乡镇', '东升镇', '乳鸽', '历史文化', '小吃', '小榄镇', '攻略', '早茶', '沙溪镇', '海鲜', '石岐区', '自然风光', '购物', '黄圃镇']
      来源: food/food\zhongshan_restaurants.md
      内容: 中山的早茶人均30到50块，基本是广州的三分之一价格，爱群食店6点开门建议8点前到免排队，周一和周四点心还打8折。乳鸽认准12到13天的妙龄鸽，石岐佬建议工作日11点前或17点前到，周末排队至少半小时。省钱吃法：早茶30到50一个人，乳鸽专门店60到80，海鲜大餐100到150。东升镇的脆肉鲩最正宗，沙溪镇的隆都菜最地道，石岐区的乳鸽最集中。三乡濑粉源于清嘉庆年间有200多年历史，上汤是灵魂要放烧鹅和叉烧。小榄菊花会每年11月下旬到12月举行，以菊入馔是中山独有文化。黄圃镇的腊味可以真空包装带回家，煲仔饭放几片腊肠满分。

  [2] 聚餐/约会（2小时+，享受为主）
      综合得分: 0.5393  (向量:0.2393 + 关键词:0.0000 + 标签:0.3000)
      标签: ['乳鸽', '夜市', '宵夜', '异国风味', '情侣', '攻略', '火锅', '烧烤', '石岐区', '网红打卡', '自然风光', '购物']
      来源: food/food\scene_guide.md
      内容: - 优先级：环境氛围 > 口味 > 价格
- 推荐类型：火锅、日料、西餐、私房菜、酒楼
- 人均预算：80-150元
- 搜索关键词：火锅、日料、西餐、私房菜、约会
- 中山特色选择：蜀大侠火锅(80元)、金阁佬黑松露乳鸽(88元)、安塔利亚土耳其烤肉(128元)、谷源私厨包厢
- 加分项：岐江夜景+兴中广场滨江酒吧街、幻彩摩天轮求婚圣地、森泊营地约会拍照

================================================================================
[2026-06-16 22:33:09] 查询: 真火候烧烤屋(金兰路店) 差评 刷评 避坑 贵 排队
耗时: 523.7 ms | 命中数: 2 | 阈值: 0.3
--------------------------------------------------------------------------------

  [1] 避坑和实用贴士
      综合得分: 0.5723  (向量:0.2123 + 关键词:0.2100 + 标签:0.1500)
      标签: ['三乡镇', '东升镇', '乳鸽', '历史文化', '小吃', '小榄镇', '攻略', '早茶', '沙溪镇', '海鲜', '石岐区', '自然风光', '购物', '黄圃镇']
      来源: food/food\zhongshan_restaurants.md
      内容: 中山的早茶人均30到50块，基本是广州的三分之一价格，爱群食店6点开门建议8点前到免排队，周一和周四点心还打8折。乳鸽认准12到13天的妙龄鸽，石岐佬建议工作日11点前或17点前到，周末排队至少半小时。省钱吃法：早茶30到50一个人，乳鸽专门店60到80，海鲜大餐100到150。东升镇的脆肉鲩最正宗，沙溪镇的隆都菜最地道，石岐区的乳鸽最集中。三乡濑粉源于清嘉庆年间有200多年历史，上汤是灵魂要放烧鹅和叉烧。小榄菊花会每年11月下旬到12月举行，以菊入馔是中山独有文化。黄圃镇的腊味可以真空包装带回家，煲仔饭放几片腊肠满分。

  [2] 聚餐/约会（2小时+，享受为主）
      综合得分: 0.5521  (向量:0.2521 + 关键词:0.0000 + 标签:0.3000)
      标签: ['乳鸽', '夜市', '宵夜', '异国风味', '情侣', '攻略', '火锅', '烧烤', '石岐区', '网红打卡', '自然风光', '购物']
      来源: food/food\scene_guide.md
      内容: - 优先级：环境氛围 > 口味 > 价格
- 推荐类型：火锅、日料、西餐、私房菜、酒楼
- 人均预算：80-150元
- 搜索关键词：火锅、日料、西餐、私房菜、约会
- 中山特色选择：蜀大侠火锅(80元)、金阁佬黑松露乳鸽(88元)、安塔利亚土耳其烤肉(128元)、谷源私厨包厢
- 加分项：岐江夜景+兴中广场滨江酒吧街、幻彩摩天轮求婚圣地、森泊营地约会拍照

================================================================================
[2026-06-16 22:33:09] 查询: 二把手烧烤(白石洲店) 差评 刷评 避坑 贵 排队
耗时: 471.0 ms | 命中数: 2 | 阈值: 0.3
--------------------------------------------------------------------------------

  [1] 避坑和实用贴士
      综合得分: 0.5880  (向量:0.2280 + 关键词:0.2100 + 标签:0.1500)
      标签: ['三乡镇', '东升镇', '乳鸽', '历史文化', '小吃', '小榄镇', '攻略', '早茶', '沙溪镇', '海鲜', '石岐区', '自然风光', '购物', '黄圃镇']
      来源: food/food\zhongshan_restaurants.md
      内容: 中山的早茶人均30到50块，基本是广州的三分之一价格，爱群食店6点开门建议8点前到免排队，周一和周四点心还打8折。乳鸽认准12到13天的妙龄鸽，石岐佬建议工作日11点前或17点前到，周末排队至少半小时。省钱吃法：早茶30到50一个人，乳鸽专门店60到80，海鲜大餐100到150。东升镇的脆肉鲩最正宗，沙溪镇的隆都菜最地道，石岐区的乳鸽最集中。三乡濑粉源于清嘉庆年间有200多年历史，上汤是灵魂要放烧鹅和叉烧。小榄菊花会每年11月下旬到12月举行，以菊入馔是中山独有文化。黄圃镇的腊味可以真空包装带回家，煲仔饭放几片腊肠满分。

  [2] 聚餐/约会（2小时+，享受为主）
      综合得分: 0.5681  (向量:0.2681 + 关键词:0.0000 + 标签:0.3000)
      标签: ['乳鸽', '夜市', '宵夜', '异国风味', '情侣', '攻略', '火锅', '烧烤', '石岐区', '网红打卡', '自然风光', '购物']
      来源: food/food\scene_guide.md
      内容: - 优先级：环境氛围 > 口味 > 价格
- 推荐类型：火锅、日料、西餐、私房菜、酒楼
- 人均预算：80-150元
- 搜索关键词：火锅、日料、西餐、私房菜、约会
- 中山特色选择：蜀大侠火锅(80元)、金阁佬黑松露乳鸽(88元)、安塔利亚土耳其烤肉(128元)、谷源私厨包厢
- 加分项：岐江夜景+兴中广场滨江酒吧街、幻彩摩天轮求婚圣地、森泊营地约会拍照

================================================================================
[2026-06-16 22:45:30] 查询: 北木南烤肉和酒(西乡店) 差评 刷评 避坑 贵 排队
耗时: 719.0 ms | 命中数: 2 | 阈值: 0.3
--------------------------------------------------------------------------------

  [1] 聚餐/约会（2小时+，享受为主）
      综合得分: 0.5794  (向量:0.2794 + 关键词:0.0000 + 标签:0.3000)
      标签: ['乳鸽', '夜市', '宵夜', '异国风味', '情侣', '攻略', '火锅', '烧烤', '石岐区', '网红打卡', '自然风光', '购物']
      来源: food/food\scene_guide.md
      内容: - 优先级：环境氛围 > 口味 > 价格
- 推荐类型：火锅、日料、西餐、私房菜、酒楼
- 人均预算：80-150元
- 搜索关键词：火锅、日料、西餐、私房菜、约会
- 中山特色选择：蜀大侠火锅(80元)、金阁佬黑松露乳鸽(88元)、安塔利亚土耳其烤肉(128元)、谷源私厨包厢
- 加分项：岐江夜景+兴中广场滨江酒吧街、幻彩摩天轮求婚圣地、森泊营地约会拍照

  [2] 避坑和实用贴士
      综合得分: 0.5726  (向量:0.2126 + 关键词:0.2100 + 标签:0.1500)
      标签: ['三乡镇', '东升镇', '乳鸽', '历史文化', '小吃', '小榄镇', '攻略', '早茶', '沙溪镇', '海鲜', '石岐区', '自然风光', '购物', '黄圃镇']
      来源: food/food\zhongshan_restaurants.md
      内容: 中山的早茶人均30到50块，基本是广州的三分之一价格，爱群食店6点开门建议8点前到免排队，周一和周四点心还打8折。乳鸽认准12到13天的妙龄鸽，石岐佬建议工作日11点前或17点前到，周末排队至少半小时。省钱吃法：早茶30到50一个人，乳鸽专门店60到80，海鲜大餐100到150。东升镇的脆肉鲩最正宗，沙溪镇的隆都菜最地道，石岐区的乳鸽最集中。三乡濑粉源于清嘉庆年间有200多年历史，上汤是灵魂要放烧鹅和叉烧。小榄菊花会每年11月下旬到12月举行，以菊入馔是中山独有文化。黄圃镇的腊味可以真空包装带回家，煲仔饭放几片腊肠满分。

================================================================================
[2026-06-16 22:45:30] 查询: 伊澜烧烤(廊桥店) 差评 刷评 避坑 贵 排队
耗时: 515.9 ms | 命中数: 2 | 阈值: 0.3
--------------------------------------------------------------------------------

  [1] 聚餐/约会（2小时+，享受为主）
      综合得分: 0.5162  (向量:0.2162 + 关键词:0.0000 + 标签:0.3000)
      标签: ['乳鸽', '夜市', '宵夜', '异国风味', '情侣', '攻略', '火锅', '烧烤', '石岐区', '网红打卡', '自然风光', '购物']
      来源: food/food\scene_guide.md
      内容: - 优先级：环境氛围 > 口味 > 价格
- 推荐类型：火锅、日料、西餐、私房菜、酒楼
- 人均预算：80-150元
- 搜索关键词：火锅、日料、西餐、私房菜、约会
- 中山特色选择：蜀大侠火锅(80元)、金阁佬黑松露乳鸽(88元)、安塔利亚土耳其烤肉(128元)、谷源私厨包厢
- 加分项：岐江夜景+兴中广场滨江酒吧街、幻彩摩天轮求婚圣地、森泊营地约会拍照

  [2] 阿炮美食城和谷源私厨 — 东区的实力派
      综合得分: 0.4051  (向量:0.2551 + 关键词:0.0000 + 标签:0.1500)
      标签: ['宵夜', '早茶', '烧烤', '自然风光']
      来源: food/food\zhongshan_restaurants.md
      内容: 阿炮美食城在东区，开了三十年了，是中山美食星榜的冠军，早茶直落宵夜。正宗的化州香油鸡68半只、招牌台山黄鳝饭48、阿炮咸猪骨粥22都是招牌。还有中式炭烧牛排88，中西合璧炭火烤肉。谷源私厨也在东区，CBD旁边的品质餐厅，湛江安铺白切鸡68半只、湛江泥虫粥38，食材新鲜但需要提前预订，有雅致包厢。

================================================================================
[2026-06-16 22:45:31] 查询: 妖妖烧烤 差评 刷评 避坑 贵 排队
耗时: 529.3 ms | 命中数: 2 | 阈值: 0.3
--------------------------------------------------------------------------------

  [1] 聚餐/约会（2小时+，享受为主）
      综合得分: 0.5124  (向量:0.2124 + 关键词:0.0000 + 标签:0.3000)
      标签: ['乳鸽', '夜市', '宵夜', '异国风味', '情侣', '攻略', '火锅', '烧烤', '石岐区', '网红打卡', '自然风光', '购物']
      来源: food/food\scene_guide.md
      内容: - 优先级：环境氛围 > 口味 > 价格
- 推荐类型：火锅、日料、西餐、私房菜、酒楼
- 人均预算：80-150元
- 搜索关键词：火锅、日料、西餐、私房菜、约会
- 中山特色选择：蜀大侠火锅(80元)、金阁佬黑松露乳鸽(88元)、安塔利亚土耳其烤肉(128元)、谷源私厨包厢
- 加分项：岐江夜景+兴中广场滨江酒吧街、幻彩摩天轮求婚圣地、森泊营地约会拍照

  [2] 宵夜地图 — 东区到港口的深夜觅食路线
      综合得分: 0.4507  (向量:0.1507 + 关键词:0.0000 + 标签:0.3000)
      标签: ['宵夜', '情侣', '攻略', '沙溪镇', '海鲜', '港口镇', '火锅', '烧烤', '网红打卡']
      来源: food/food\zhongshan_restaurants.md
      内容: 彭三锅小龙虾在东区开了十年，香辣油焖的128一份，还有蒜蓉和咸蛋黄焗口味，营业到凌晨两点。功夫西江鲩68麻辣鲜香。仁義社烧鸡铺的招牌烧鸡58一只皮脆肉嫩，营业时间是下午5点到凌晨2点，还有烤鸡翅烤五花肉8到15块一串。老少阳音乐烤吧有驻唱表演，烤鲩鱼58一份，氛围很适合年轻人聚会和生日派对，也到凌晨2点。0760齐齐哈尔炭火烤肉做北方风味，人均68分量很足。森泊营地在东区是营地风格的，金蒜烤生蚝38块6只，环境浪漫适合情侣约会拍照，晚上6点到凌晨1点半营业。港口镇港福路是宵夜一条街，老六沙溪牛肉火锅人均60、顺德福粥城的生滚粥25到45、林记潮汕砂锅粥38一锅，都是深夜暖胃的好选择。

================================================================================
[2026-06-16 23:09:01] 查询: 正点烧烤店 差评 刷评 避坑 贵 排队
耗时: 863.6 ms | 命中数: 2 | 阈值: 0.3
--------------------------------------------------------------------------------

  [1] 聚餐/约会（2小时+，享受为主）
      综合得分: 0.5830  (向量:0.2830 + 关键词:0.0000 + 标签:0.3000)
      标签: ['乳鸽', '夜市', '宵夜', '异国风味', '情侣', '攻略', '火锅', '烧烤', '石岐区', '网红打卡', '自然风光', '购物']
      来源: food/food\scene_guide.md
      内容: - 优先级：环境氛围 > 口味 > 价格
- 推荐类型：火锅、日料、西餐、私房菜、酒楼
- 人均预算：80-150元
- 搜索关键词：火锅、日料、西餐、私房菜、约会
- 中山特色选择：蜀大侠火锅(80元)、金阁佬黑松露乳鸽(88元)、安塔利亚土耳其烤肉(128元)、谷源私厨包厢
- 加分项：岐江夜景+兴中广场滨江酒吧街、幻彩摩天轮求婚圣地、森泊营地约会拍照

  [2] 避坑和实用贴士
      综合得分: 0.5498  (向量:0.1898 + 关键词:0.2100 + 标签:0.1500)
      标签: ['三乡镇', '东升镇', '乳鸽', '历史文化', '小吃', '小榄镇', '攻略', '早茶', '沙溪镇', '海鲜', '石岐区', '自然风光', '购物', '黄圃镇']
      来源: food/food\zhongshan_restaurants.md
      内容: 中山的早茶人均30到50块，基本是广州的三分之一价格，爱群食店6点开门建议8点前到免排队，周一和周四点心还打8折。乳鸽认准12到13天的妙龄鸽，石岐佬建议工作日11点前或17点前到，周末排队至少半小时。省钱吃法：早茶30到50一个人，乳鸽专门店60到80，海鲜大餐100到150。东升镇的脆肉鲩最正宗，沙溪镇的隆都菜最地道，石岐区的乳鸽最集中。三乡濑粉源于清嘉庆年间有200多年历史，上汤是灵魂要放烧鹅和叉烧。小榄菊花会每年11月下旬到12月举行，以菊入馔是中山独有文化。黄圃镇的腊味可以真空包装带回家，煲仔饭放几片腊肠满分。

================================================================================
[2026-06-16 23:09:02] 查询: 新屋烧烤(下围园店) 差评 刷评 避坑 贵 排队
耗时: 726.8 ms | 命中数: 2 | 阈值: 0.3
--------------------------------------------------------------------------------

  [1] 避坑和实用贴士
      综合得分: 0.5879  (向量:0.2279 + 关键词:0.2100 + 标签:0.1500)
      标签: ['三乡镇', '东升镇', '乳鸽', '历史文化', '小吃', '小榄镇', '攻略', '早茶', '沙溪镇', '海鲜', '石岐区', '自然风光', '购物', '黄圃镇']
      来源: food/food\zhongshan_restaurants.md
      内容: 中山的早茶人均30到50块，基本是广州的三分之一价格，爱群食店6点开门建议8点前到免排队，周一和周四点心还打8折。乳鸽认准12到13天的妙龄鸽，石岐佬建议工作日11点前或17点前到，周末排队至少半小时。省钱吃法：早茶30到50一个人，乳鸽专门店60到80，海鲜大餐100到150。东升镇的脆肉鲩最正宗，沙溪镇的隆都菜最地道，石岐区的乳鸽最集中。三乡濑粉源于清嘉庆年间有200多年历史，上汤是灵魂要放烧鹅和叉烧。小榄菊花会每年11月下旬到12月举行，以菊入馔是中山独有文化。黄圃镇的腊味可以真空包装带回家，煲仔饭放几片腊肠满分。

  [2] 聚餐/约会（2小时+，享受为主）
      综合得分: 0.5169  (向量:0.2169 + 关键词:0.0000 + 标签:0.3000)
      标签: ['乳鸽', '夜市', '宵夜', '异国风味', '情侣', '攻略', '火锅', '烧烤', '石岐区', '网红打卡', '自然风光', '购物']
      来源: food/food\scene_guide.md
      内容: - 优先级：环境氛围 > 口味 > 价格
- 推荐类型：火锅、日料、西餐、私房菜、酒楼
- 人均预算：80-150元
- 搜索关键词：火锅、日料、西餐、私房菜、约会
- 中山特色选择：蜀大侠火锅(80元)、金阁佬黑松露乳鸽(88元)、安塔利亚土耳其烤肉(128元)、谷源私厨包厢
- 加分项：岐江夜景+兴中广场滨江酒吧街、幻彩摩天轮求婚圣地、森泊营地约会拍照

================================================================================
[2026-06-16 23:09:02] 查询: 乌兰烧烤烤羊腿(固戍店) 差评 刷评 避坑 贵 排队
耗时: 604.5 ms | 命中数: 2 | 阈值: 0.3
--------------------------------------------------------------------------------

  [1] 聚餐/约会（2小时+，享受为主）
      综合得分: 0.5312  (向量:0.2312 + 关键词:0.0000 + 标签:0.3000)
      标签: ['乳鸽', '夜市', '宵夜', '异国风味', '情侣', '攻略', '火锅', '烧烤', '石岐区', '网红打卡', '自然风光', '购物']
      来源: food/food\scene_guide.md
      内容: - 优先级：环境氛围 > 口味 > 价格
- 推荐类型：火锅、日料、西餐、私房菜、酒楼
- 人均预算：80-150元
- 搜索关键词：火锅、日料、西餐、私房菜、约会
- 中山特色选择：蜀大侠火锅(80元)、金阁佬黑松露乳鸽(88元)、安塔利亚土耳其烤肉(128元)、谷源私厨包厢
- 加分项：岐江夜景+兴中广场滨江酒吧街、幻彩摩天轮求婚圣地、森泊营地约会拍照

  [2] 阿炮美食城和谷源私厨 — 东区的实力派
      综合得分: 0.4203  (向量:0.2703 + 关键词:0.0000 + 标签:0.1500)
      标签: ['宵夜', '早茶', '烧烤', '自然风光']
      来源: food/food\zhongshan_restaurants.md
      内容: 阿炮美食城在东区，开了三十年了，是中山美食星榜的冠军，早茶直落宵夜。正宗的化州香油鸡68半只、招牌台山黄鳝饭48、阿炮咸猪骨粥22都是招牌。还有中式炭烧牛排88，中西合璧炭火烤肉。谷源私厨也在东区，CBD旁边的品质餐厅，湛江安铺白切鸡68半只、湛江泥虫粥38，食材新鲜但需要提前预订，有雅致包厢。

================================================================================
[2026-06-16 23:21:22] 查询: 西乡安居家园 差评 刷评 避坑 贵 排队
耗时: 837.6 ms | 命中数: 2 | 阈值: 0.3
--------------------------------------------------------------------------------

  [1] 避坑和实用贴士
      综合得分: 0.5133  (向量:0.1533 + 关键词:0.2100 + 标签:0.1500)
      标签: ['三乡镇', '东升镇', '乳鸽', '历史文化', '小吃', '小榄镇', '攻略', '早茶', '沙溪镇', '海鲜', '石岐区', '自然风光', '购物', '黄圃镇']
      来源: food/food\zhongshan_restaurants.md
      内容: 中山的早茶人均30到50块，基本是广州的三分之一价格，爱群食店6点开门建议8点前到免排队，周一和周四点心还打8折。乳鸽认准12到13天的妙龄鸽，石岐佬建议工作日11点前或17点前到，周末排队至少半小时。省钱吃法：早茶30到50一个人，乳鸽专门店60到80，海鲜大餐100到150。东升镇的脆肉鲩最正宗，沙溪镇的隆都菜最地道，石岐区的乳鸽最集中。三乡濑粉源于清嘉庆年间有200多年历史，上汤是灵魂要放烧鹅和叉烧。小榄菊花会每年11月下旬到12月举行，以菊入馔是中山独有文化。黄圃镇的腊味可以真空包装带回家，煲仔饭放几片腊肠满分。

  [2] 周末遛弯（半天闲逛+随便吃点）
      综合得分: 0.3148  (向量:0.1348 + 关键词:0.0300 + 标签:0.1500)
      标签: ['五桂山街道', '交通出行', '南朗街道', '历史文化', '咖啡', '小吃', '攻略', '石岐区', '自然风光', '西区', '购物']
      来源: food/food\scene_guide.md
      内容: - 优先级：顺路 > 轻松 > 不排队
- 推荐类型：街边小吃、咖啡馆、面包店
- 人均预算：30-60元
- 搜关键词：咖啡、小吃、骑楼、老街、公园
- 中山最佳遛弯路线：
  - 石岐老城线：孙文西路→香山商业文化博物馆→白水井大街吃满足面/顺柚记→岐江公园→烟墩山看日落→兴中广场（全程步行）
  - 崖口稻田线：崖口村稻田→向云端咖啡(25元)→崖口云吞(15元)→东堤海景路骑行→煲仔饭(30元)
  - 五桂山户外线：逍遥谷→旗溪村鸡煲→桂南村不荒樟咖啡(28元)

================================================================================
[2026-06-16 23:21:23] 查询: 正点烧烤店 差评 刷评 避坑 贵 排队
耗时: 647.6 ms | 命中数: 2 | 阈值: 0.3
--------------------------------------------------------------------------------

  [1] 聚餐/约会（2小时+，享受为主）
      综合得分: 0.5830  (向量:0.2830 + 关键词:0.0000 + 标签:0.3000)
      标签: ['乳鸽', '夜市', '宵夜', '异国风味', '情侣', '攻略', '火锅', '烧烤', '石岐区', '网红打卡', '自然风光', '购物']
      来源: food/food\scene_guide.md
      内容: - 优先级：环境氛围 > 口味 > 价格
- 推荐类型：火锅、日料、西餐、私房菜、酒楼
- 人均预算：80-150元
- 搜索关键词：火锅、日料、西餐、私房菜、约会
- 中山特色选择：蜀大侠火锅(80元)、金阁佬黑松露乳鸽(88元)、安塔利亚土耳其烤肉(128元)、谷源私厨包厢
- 加分项：岐江夜景+兴中广场滨江酒吧街、幻彩摩天轮求婚圣地、森泊营地约会拍照

  [2] 避坑和实用贴士
      综合得分: 0.5498  (向量:0.1898 + 关键词:0.2100 + 标签:0.1500)
      标签: ['三乡镇', '东升镇', '乳鸽', '历史文化', '小吃', '小榄镇', '攻略', '早茶', '沙溪镇', '海鲜', '石岐区', '自然风光', '购物', '黄圃镇']
      来源: food/food\zhongshan_restaurants.md
      内容: 中山的早茶人均30到50块，基本是广州的三分之一价格，爱群食店6点开门建议8点前到免排队，周一和周四点心还打8折。乳鸽认准12到13天的妙龄鸽，石岐佬建议工作日11点前或17点前到，周末排队至少半小时。省钱吃法：早茶30到50一个人，乳鸽专门店60到80，海鲜大餐100到150。东升镇的脆肉鲩最正宗，沙溪镇的隆都菜最地道，石岐区的乳鸽最集中。三乡濑粉源于清嘉庆年间有200多年历史，上汤是灵魂要放烧鹅和叉烧。小榄菊花会每年11月下旬到12月举行，以菊入馔是中山独有文化。黄圃镇的腊味可以真空包装带回家，煲仔饭放几片腊肠满分。

================================================================================
[2026-06-16 23:21:24] 查询: 距离 差评 刷评 避坑 贵 排队
耗时: 842.0 ms | 命中数: 2 | 阈值: 0.3
--------------------------------------------------------------------------------

  [1] 避坑和实用贴士
      综合得分: 0.5070  (向量:0.1470 + 关键词:0.2100 + 标签:0.1500)
      标签: ['三乡镇', '东升镇', '乳鸽', '历史文化', '小吃', '小榄镇', '攻略', '早茶', '沙溪镇', '海鲜', '石岐区', '自然风光', '购物', '黄圃镇']
      来源: food/food\zhongshan_restaurants.md
      内容: 中山的早茶人均30到50块，基本是广州的三分之一价格，爱群食店6点开门建议8点前到免排队，周一和周四点心还打8折。乳鸽认准12到13天的妙龄鸽，石岐佬建议工作日11点前或17点前到，周末排队至少半小时。省钱吃法：早茶30到50一个人，乳鸽专门店60到80，海鲜大餐100到150。东升镇的脆肉鲩最正宗，沙溪镇的隆都菜最地道，石岐区的乳鸽最集中。三乡濑粉源于清嘉庆年间有200多年历史，上汤是灵魂要放烧鹅和叉烧。小榄菊花会每年11月下旬到12月举行，以菊入馔是中山独有文化。黄圃镇的腊味可以真空包装带回家，煲仔饭放几片腊肠满分。

  [2] 旅游避坑和实用建议
      综合得分: 0.4326  (向量:0.1326 + 关键词:0.1500 + 标签:0.1500)
      标签: ['东升镇', '乳鸽', '五桂山街道', '交通出行', '住宿', '南朗街道', '历史文化', '小榄镇', '攻略', '海鲜', '温泉', '神湾镇', '翠亨新区', '自然风光']
      来源: general/general\zhongshan_travel.md
      内容: 最佳旅行时间是每年10到12月的秋季和3到5月的春季，气温最舒适。夏天6到9月高温多雨还有台风，出行注意天气预报。冬天1到2月湿冷但游客少。3到4月是回南天特别潮湿衣服多带两件。
什么季节吃什么也有讲究：10到12月乳鸽最肥美，11月小榄菊花会品菊花宴，3到5月脆肉鲩最鲜，5到8月吃荔枝菌，10到11月吃神湾菠萝。
有几个景点必须提前预约别跑空——孙中山故居纪念馆要在公众号预约，中山市博物馆要在文旅中山公众号预约，翠亨国家湿地公园也要预约。三个都是周一闭馆。节假日人流量大建议提前2到3天约好。
防坑方面：景区周边的三轮车摩的不要坐价格虚高不安全，叫网约车最靠谱。部分餐厅会推荐高价海鲜点菜前一定

================================================================================
[2026-06-16 23:31:58] 查询: 距离 差评 刷评 避坑 贵 排队
耗时: 628.9 ms | 命中数: 2 | 阈值: 0.3
--------------------------------------------------------------------------------

  [1] 避坑和实用贴士
      综合得分: 0.5070  (向量:0.1470 + 关键词:0.2100 + 标签:0.1500)
      标签: ['三乡镇', '东升镇', '乳鸽', '历史文化', '小吃', '小榄镇', '攻略', '早茶', '沙溪镇', '海鲜', '石岐区', '自然风光', '购物', '黄圃镇']
      来源: food/food\zhongshan_restaurants.md
      内容: 中山的早茶人均30到50块，基本是广州的三分之一价格，爱群食店6点开门建议8点前到免排队，周一和周四点心还打8折。乳鸽认准12到13天的妙龄鸽，石岐佬建议工作日11点前或17点前到，周末排队至少半小时。省钱吃法：早茶30到50一个人，乳鸽专门店60到80，海鲜大餐100到150。东升镇的脆肉鲩最正宗，沙溪镇的隆都菜最地道，石岐区的乳鸽最集中。三乡濑粉源于清嘉庆年间有200多年历史，上汤是灵魂要放烧鹅和叉烧。小榄菊花会每年11月下旬到12月举行，以菊入馔是中山独有文化。黄圃镇的腊味可以真空包装带回家，煲仔饭放几片腊肠满分。

  [2] 旅游避坑和实用建议
      综合得分: 0.4326  (向量:0.1326 + 关键词:0.1500 + 标签:0.1500)
      标签: ['东升镇', '乳鸽', '五桂山街道', '交通出行', '住宿', '南朗街道', '历史文化', '小榄镇', '攻略', '海鲜', '温泉', '神湾镇', '翠亨新区', '自然风光']
      来源: general/general\zhongshan_travel.md
      内容: 最佳旅行时间是每年10到12月的秋季和3到5月的春季，气温最舒适。夏天6到9月高温多雨还有台风，出行注意天气预报。冬天1到2月湿冷但游客少。3到4月是回南天特别潮湿衣服多带两件。
什么季节吃什么也有讲究：10到12月乳鸽最肥美，11月小榄菊花会品菊花宴，3到5月脆肉鲩最鲜，5到8月吃荔枝菌，10到11月吃神湾菠萝。
有几个景点必须提前预约别跑空——孙中山故居纪念馆要在公众号预约，中山市博物馆要在文旅中山公众号预约，翠亨国家湿地公园也要预约。三个都是周一闭馆。节假日人流量大建议提前2到3天约好。
防坑方面：景区周边的三轮车摩的不要坐价格虚高不安全，叫网约车最靠谱。部分餐厅会推荐高价海鲜点菜前一定

================================================================================
[2026-06-16 23:31:58] 查询: 耗时 差评 刷评 避坑 贵 排队
耗时: 526.4 ms | 命中数: 2 | 阈值: 0.3
--------------------------------------------------------------------------------

  [1] 避坑和实用贴士
      综合得分: 0.4930  (向量:0.1330 + 关键词:0.2100 + 标签:0.1500)
      标签: ['三乡镇', '东升镇', '乳鸽', '历史文化', '小吃', '小榄镇', '攻略', '早茶', '沙溪镇', '海鲜', '石岐区', '自然风光', '购物', '黄圃镇']
      来源: food/food\zhongshan_restaurants.md
      内容: 中山的早茶人均30到50块，基本是广州的三分之一价格，爱群食店6点开门建议8点前到免排队，周一和周四点心还打8折。乳鸽认准12到13天的妙龄鸽，石岐佬建议工作日11点前或17点前到，周末排队至少半小时。省钱吃法：早茶30到50一个人，乳鸽专门店60到80，海鲜大餐100到150。东升镇的脆肉鲩最正宗，沙溪镇的隆都菜最地道，石岐区的乳鸽最集中。三乡濑粉源于清嘉庆年间有200多年历史，上汤是灵魂要放烧鹅和叉烧。小榄菊花会每年11月下旬到12月举行，以菊入馔是中山独有文化。黄圃镇的腊味可以真空包装带回家，煲仔饭放几片腊肠满分。

  [2] 旅游避坑和实用建议
      综合得分: 0.4180  (向量:0.1180 + 关键词:0.1500 + 标签:0.1500)
      标签: ['东升镇', '乳鸽', '五桂山街道', '交通出行', '住宿', '南朗街道', '历史文化', '小榄镇', '攻略', '海鲜', '温泉', '神湾镇', '翠亨新区', '自然风光']
      来源: general/general\zhongshan_travel.md
      内容: 最佳旅行时间是每年10到12月的秋季和3到5月的春季，气温最舒适。夏天6到9月高温多雨还有台风，出行注意天气预报。冬天1到2月湿冷但游客少。3到4月是回南天特别潮湿衣服多带两件。
什么季节吃什么也有讲究：10到12月乳鸽最肥美，11月小榄菊花会品菊花宴，3到5月脆肉鲩最鲜，5到8月吃荔枝菌，10到11月吃神湾菠萝。
有几个景点必须提前预约别跑空——孙中山故居纪念馆要在公众号预约，中山市博物馆要在文旅中山公众号预约，翠亨国家湿地公园也要预约。三个都是周一闭馆。节假日人流量大建议提前2到3天约好。
防坑方面：景区周边的三轮车摩的不要坐价格虚高不安全，叫网约车最靠谱。部分餐厅会推荐高价海鲜点菜前一定

================================================================================
[2026-06-16 23:31:59] 查询: 预估费用 差评 刷评 避坑 贵 排队
耗时: 506.4 ms | 命中数: 2 | 阈值: 0.3
--------------------------------------------------------------------------------

  [1] 避坑和实用贴士
      综合得分: 0.5066  (向量:0.1466 + 关键词:0.2100 + 标签:0.1500)
      标签: ['三乡镇', '东升镇', '乳鸽', '历史文化', '小吃', '小榄镇', '攻略', '早茶', '沙溪镇', '海鲜', '石岐区', '自然风光', '购物', '黄圃镇']
      来源: food/food\zhongshan_restaurants.md
      内容: 中山的早茶人均30到50块，基本是广州的三分之一价格，爱群食店6点开门建议8点前到免排队，周一和周四点心还打8折。乳鸽认准12到13天的妙龄鸽，石岐佬建议工作日11点前或17点前到，周末排队至少半小时。省钱吃法：早茶30到50一个人，乳鸽专门店60到80，海鲜大餐100到150。东升镇的脆肉鲩最正宗，沙溪镇的隆都菜最地道，石岐区的乳鸽最集中。三乡濑粉源于清嘉庆年间有200多年历史，上汤是灵魂要放烧鹅和叉烧。小榄菊花会每年11月下旬到12月举行，以菊入馔是中山独有文化。黄圃镇的腊味可以真空包装带回家，煲仔饭放几片腊肠满分。

  [2] 旅游避坑和实用建议
      综合得分: 0.4827  (向量:0.1827 + 关键词:0.1500 + 标签:0.1500)
      标签: ['东升镇', '乳鸽', '五桂山街道', '交通出行', '住宿', '南朗街道', '历史文化', '小榄镇', '攻略', '海鲜', '温泉', '神湾镇', '翠亨新区', '自然风光']
      来源: general/general\zhongshan_travel.md
      内容: 最佳旅行时间是每年10到12月的秋季和3到5月的春季，气温最舒适。夏天6到9月高温多雨还有台风，出行注意天气预报。冬天1到2月湿冷但游客少。3到4月是回南天特别潮湿衣服多带两件。
什么季节吃什么也有讲究：10到12月乳鸽最肥美，11月小榄菊花会品菊花宴，3到5月脆肉鲩最鲜，5到8月吃荔枝菌，10到11月吃神湾菠萝。
有几个景点必须提前预约别跑空——孙中山故居纪念馆要在公众号预约，中山市博物馆要在文旅中山公众号预约，翠亨国家湿地公园也要预约。三个都是周一闭馆。节假日人流量大建议提前2到3天约好。
防坑方面：景区周边的三轮车摩的不要坐价格虚高不安全，叫网约车最靠谱。部分餐厅会推荐高价海鲜点菜前一定

================================================================================
[2026-06-16 23:33:55] 查询: 详细步骤 差评 刷评 避坑 贵 排队
耗时: 577.9 ms | 命中数: 2 | 阈值: 0.3
--------------------------------------------------------------------------------

  [1] 避坑和实用贴士
      综合得分: 0.4698  (向量:0.1098 + 关键词:0.2100 + 标签:0.1500)
      标签: ['三乡镇', '东升镇', '乳鸽', '历史文化', '小吃', '小榄镇', '攻略', '早茶', '沙溪镇', '海鲜', '石岐区', '自然风光', '购物', '黄圃镇']
      来源: food/food\zhongshan_restaurants.md
      内容: 中山的早茶人均30到50块，基本是广州的三分之一价格，爱群食店6点开门建议8点前到免排队，周一和周四点心还打8折。乳鸽认准12到13天的妙龄鸽，石岐佬建议工作日11点前或17点前到，周末排队至少半小时。省钱吃法：早茶30到50一个人，乳鸽专门店60到80，海鲜大餐100到150。东升镇的脆肉鲩最正宗，沙溪镇的隆都菜最地道，石岐区的乳鸽最集中。三乡濑粉源于清嘉庆年间有200多年历史，上汤是灵魂要放烧鹅和叉烧。小榄菊花会每年11月下旬到12月举行，以菊入馔是中山独有文化。黄圃镇的腊味可以真空包装带回家，煲仔饭放几片腊肠满分。

  [2] 旅游避坑和实用建议
      综合得分: 0.4099  (向量:0.1099 + 关键词:0.1500 + 标签:0.1500)
      标签: ['东升镇', '乳鸽', '五桂山街道', '交通出行', '住宿', '南朗街道', '历史文化', '小榄镇', '攻略', '海鲜', '温泉', '神湾镇', '翠亨新区', '自然风光']
      来源: general/general\zhongshan_travel.md
      内容: 最佳旅行时间是每年10到12月的秋季和3到5月的春季，气温最舒适。夏天6到9月高温多雨还有台风，出行注意天气预报。冬天1到2月湿冷但游客少。3到4月是回南天特别潮湿衣服多带两件。
什么季节吃什么也有讲究：10到12月乳鸽最肥美，11月小榄菊花会品菊花宴，3到5月脆肉鲩最鲜，5到8月吃荔枝菌，10到11月吃神湾菠萝。
有几个景点必须提前预约别跑空——孙中山故居纪念馆要在公众号预约，中山市博物馆要在文旅中山公众号预约，翠亨国家湿地公园也要预约。三个都是周一闭馆。节假日人流量大建议提前2到3天约好。
防坑方面：景区周边的三轮车摩的不要坐价格虚高不安全，叫网约车最靠谱。部分餐厅会推荐高价海鲜点菜前一定

================================================================================
[2026-06-16 23:38:38] 查询: 总距离 差评 刷评 避坑 贵 排队
耗时: 524.7 ms | 命中数: 2 | 阈值: 0.3
--------------------------------------------------------------------------------

  [1] 避坑和实用贴士
      综合得分: 0.4989  (向量:0.1389 + 关键词:0.2100 + 标签:0.1500)
      标签: ['三乡镇', '东升镇', '乳鸽', '历史文化', '小吃', '小榄镇', '攻略', '早茶', '沙溪镇', '海鲜', '石岐区', '自然风光', '购物', '黄圃镇']
      来源: food/food\zhongshan_restaurants.md
      内容: 中山的早茶人均30到50块，基本是广州的三分之一价格，爱群食店6点开门建议8点前到免排队，周一和周四点心还打8折。乳鸽认准12到13天的妙龄鸽，石岐佬建议工作日11点前或17点前到，周末排队至少半小时。省钱吃法：早茶30到50一个人，乳鸽专门店60到80，海鲜大餐100到150。东升镇的脆肉鲩最正宗，沙溪镇的隆都菜最地道，石岐区的乳鸽最集中。三乡濑粉源于清嘉庆年间有200多年历史，上汤是灵魂要放烧鹅和叉烧。小榄菊花会每年11月下旬到12月举行，以菊入馔是中山独有文化。黄圃镇的腊味可以真空包装带回家，煲仔饭放几片腊肠满分。

  [2] 旅游避坑和实用建议
      综合得分: 0.4508  (向量:0.1508 + 关键词:0.1500 + 标签:0.1500)
      标签: ['东升镇', '乳鸽', '五桂山街道', '交通出行', '住宿', '南朗街道', '历史文化', '小榄镇', '攻略', '海鲜', '温泉', '神湾镇', '翠亨新区', '自然风光']
      来源: general/general\zhongshan_travel.md
      内容: 最佳旅行时间是每年10到12月的秋季和3到5月的春季，气温最舒适。夏天6到9月高温多雨还有台风，出行注意天气预报。冬天1到2月湿冷但游客少。3到4月是回南天特别潮湿衣服多带两件。
什么季节吃什么也有讲究：10到12月乳鸽最肥美，11月小榄菊花会品菊花宴，3到5月脆肉鲩最鲜，5到8月吃荔枝菌，10到11月吃神湾菠萝。
有几个景点必须提前预约别跑空——孙中山故居纪念馆要在公众号预约，中山市博物馆要在文旅中山公众号预约，翠亨国家湿地公园也要预约。三个都是周一闭馆。节假日人流量大建议提前2到3天约好。
防坑方面：景区周边的三轮车摩的不要坐价格虚高不安全，叫网约车最靠谱。部分餐厅会推荐高价海鲜点菜前一定

================================================================================
[2026-06-16 23:38:38] 查询: 预计时间 差评 刷评 避坑 贵 排队
耗时: 509.2 ms | 命中数: 2 | 阈值: 0.3
--------------------------------------------------------------------------------

  [1] 避坑和实用贴士
      综合得分: 0.5001  (向量:0.1401 + 关键词:0.2100 + 标签:0.1500)
      标签: ['三乡镇', '东升镇', '乳鸽', '历史文化', '小吃', '小榄镇', '攻略', '早茶', '沙溪镇', '海鲜', '石岐区', '自然风光', '购物', '黄圃镇']
      来源: food/food\zhongshan_restaurants.md
      内容: 中山的早茶人均30到50块，基本是广州的三分之一价格，爱群食店6点开门建议8点前到免排队，周一和周四点心还打8折。乳鸽认准12到13天的妙龄鸽，石岐佬建议工作日11点前或17点前到，周末排队至少半小时。省钱吃法：早茶30到50一个人，乳鸽专门店60到80，海鲜大餐100到150。东升镇的脆肉鲩最正宗，沙溪镇的隆都菜最地道，石岐区的乳鸽最集中。三乡濑粉源于清嘉庆年间有200多年历史，上汤是灵魂要放烧鹅和叉烧。小榄菊花会每年11月下旬到12月举行，以菊入馔是中山独有文化。黄圃镇的腊味可以真空包装带回家，煲仔饭放几片腊肠满分。

  [2] 旅游避坑和实用建议
      综合得分: 0.4783  (向量:0.1783 + 关键词:0.1500 + 标签:0.1500)
      标签: ['东升镇', '乳鸽', '五桂山街道', '交通出行', '住宿', '南朗街道', '历史文化', '小榄镇', '攻略', '海鲜', '温泉', '神湾镇', '翠亨新区', '自然风光']
      来源: general/general\zhongshan_travel.md
      内容: 最佳旅行时间是每年10到12月的秋季和3到5月的春季，气温最舒适。夏天6到9月高温多雨还有台风，出行注意天气预报。冬天1到2月湿冷但游客少。3到4月是回南天特别潮湿衣服多带两件。
什么季节吃什么也有讲究：10到12月乳鸽最肥美，11月小榄菊花会品菊花宴，3到5月脆肉鲩最鲜，5到8月吃荔枝菌，10到11月吃神湾菠萝。
有几个景点必须提前预约别跑空——孙中山故居纪念馆要在公众号预约，中山市博物馆要在文旅中山公众号预约，翠亨国家湿地公园也要预约。三个都是周一闭馆。节假日人流量大建议提前2到3天约好。
防坑方面：景区周边的三轮车摩的不要坐价格虚高不安全，叫网约车最靠谱。部分餐厅会推荐高价海鲜点菜前一定

================================================================================
[2026-06-16 23:38:39] 查询: 提示 差评 刷评 避坑 贵 排队
耗时: 561.0 ms | 命中数: 2 | 阈值: 0.3
--------------------------------------------------------------------------------

  [1] 避坑和实用贴士
      综合得分: 0.4650  (向量:0.1050 + 关键词:0.2100 + 标签:0.1500)
      标签: ['三乡镇', '东升镇', '乳鸽', '历史文化', '小吃', '小榄镇', '攻略', '早茶', '沙溪镇', '海鲜', '石岐区', '自然风光', '购物', '黄圃镇']
      来源: food/food\zhongshan_restaurants.md
      内容: 中山的早茶人均30到50块，基本是广州的三分之一价格，爱群食店6点开门建议8点前到免排队，周一和周四点心还打8折。乳鸽认准12到13天的妙龄鸽，石岐佬建议工作日11点前或17点前到，周末排队至少半小时。省钱吃法：早茶30到50一个人，乳鸽专门店60到80，海鲜大餐100到150。东升镇的脆肉鲩最正宗，沙溪镇的隆都菜最地道，石岐区的乳鸽最集中。三乡濑粉源于清嘉庆年间有200多年历史，上汤是灵魂要放烧鹅和叉烧。小榄菊花会每年11月下旬到12月举行，以菊入馔是中山独有文化。黄圃镇的腊味可以真空包装带回家，煲仔饭放几片腊肠满分。

  [2] 旅游避坑和实用建议
      综合得分: 0.4074  (向量:0.1074 + 关键词:0.1500 + 标签:0.1500)
      标签: ['东升镇', '乳鸽', '五桂山街道', '交通出行', '住宿', '南朗街道', '历史文化', '小榄镇', '攻略', '海鲜', '温泉', '神湾镇', '翠亨新区', '自然风光']
      来源: general/general\zhongshan_travel.md
      内容: 最佳旅行时间是每年10到12月的秋季和3到5月的春季，气温最舒适。夏天6到9月高温多雨还有台风，出行注意天气预报。冬天1到2月湿冷但游客少。3到4月是回南天特别潮湿衣服多带两件。
什么季节吃什么也有讲究：10到12月乳鸽最肥美，11月小榄菊花会品菊花宴，3到5月脆肉鲩最鲜，5到8月吃荔枝菌，10到11月吃神湾菠萝。
有几个景点必须提前预约别跑空——孙中山故居纪念馆要在公众号预约，中山市博物馆要在文旅中山公众号预约，翠亨国家湿地公园也要预约。三个都是周一闭馆。节假日人流量大建议提前2到3天约好。
防坑方面：景区周边的三轮车摩的不要坐价格虚高不安全，叫网约车最靠谱。部分餐厅会推荐高价海鲜点菜前一定

================================================================================
[2026-06-16 23:44:16] 查询: 总距离 差评 刷评 避坑 贵 排队
耗时: 644.4 ms | 命中数: 2 | 阈值: 0.3
--------------------------------------------------------------------------------

  [1] 避坑和实用贴士
      综合得分: 0.4989  (向量:0.1389 + 关键词:0.2100 + 标签:0.1500)
      标签: ['三乡镇', '东升镇', '乳鸽', '历史文化', '小吃', '小榄镇', '攻略', '早茶', '沙溪镇', '海鲜', '石岐区', '自然风光', '购物', '黄圃镇']
      来源: food/food\zhongshan_restaurants.md
      内容: 中山的早茶人均30到50块，基本是广州的三分之一价格，爱群食店6点开门建议8点前到免排队，周一和周四点心还打8折。乳鸽认准12到13天的妙龄鸽，石岐佬建议工作日11点前或17点前到，周末排队至少半小时。省钱吃法：早茶30到50一个人，乳鸽专门店60到80，海鲜大餐100到150。东升镇的脆肉鲩最正宗，沙溪镇的隆都菜最地道，石岐区的乳鸽最集中。三乡濑粉源于清嘉庆年间有200多年历史，上汤是灵魂要放烧鹅和叉烧。小榄菊花会每年11月下旬到12月举行，以菊入馔是中山独有文化。黄圃镇的腊味可以真空包装带回家，煲仔饭放几片腊肠满分。

  [2] 旅游避坑和实用建议
      综合得分: 0.4508  (向量:0.1508 + 关键词:0.1500 + 标签:0.1500)
      标签: ['东升镇', '乳鸽', '五桂山街道', '交通出行', '住宿', '南朗街道', '历史文化', '小榄镇', '攻略', '海鲜', '温泉', '神湾镇', '翠亨新区', '自然风光']
      来源: general/general\zhongshan_travel.md
      内容: 最佳旅行时间是每年10到12月的秋季和3到5月的春季，气温最舒适。夏天6到9月高温多雨还有台风，出行注意天气预报。冬天1到2月湿冷但游客少。3到4月是回南天特别潮湿衣服多带两件。
什么季节吃什么也有讲究：10到12月乳鸽最肥美，11月小榄菊花会品菊花宴，3到5月脆肉鲩最鲜，5到8月吃荔枝菌，10到11月吃神湾菠萝。
有几个景点必须提前预约别跑空——孙中山故居纪念馆要在公众号预约，中山市博物馆要在文旅中山公众号预约，翠亨国家湿地公园也要预约。三个都是周一闭馆。节假日人流量大建议提前2到3天约好。
防坑方面：景区周边的三轮车摩的不要坐价格虚高不安全，叫网约车最靠谱。部分餐厅会推荐高价海鲜点菜前一定

================================================================================
[2026-06-16 23:44:16] 查询: 预估时间 差评 刷评 避坑 贵 排队
耗时: 524.6 ms | 命中数: 2 | 阈值: 0.3
--------------------------------------------------------------------------------

  [1] 旅游避坑和实用建议
      综合得分: 0.5093  (向量:0.2093 + 关键词:0.1500 + 标签:0.1500)
      标签: ['东升镇', '乳鸽', '五桂山街道', '交通出行', '住宿', '南朗街道', '历史文化', '小榄镇', '攻略', '海鲜', '温泉', '神湾镇', '翠亨新区', '自然风光']
      来源: general/general\zhongshan_travel.md
      内容: 最佳旅行时间是每年10到12月的秋季和3到5月的春季，气温最舒适。夏天6到9月高温多雨还有台风，出行注意天气预报。冬天1到2月湿冷但游客少。3到4月是回南天特别潮湿衣服多带两件。
什么季节吃什么也有讲究：10到12月乳鸽最肥美，11月小榄菊花会品菊花宴，3到5月脆肉鲩最鲜，5到8月吃荔枝菌，10到11月吃神湾菠萝。
有几个景点必须提前预约别跑空——孙中山故居纪念馆要在公众号预约，中山市博物馆要在文旅中山公众号预约，翠亨国家湿地公园也要预约。三个都是周一闭馆。节假日人流量大建议提前2到3天约好。
防坑方面：景区周边的三轮车摩的不要坐价格虚高不安全，叫网约车最靠谱。部分餐厅会推荐高价海鲜点菜前一定

  [2] 避坑和实用贴士
      综合得分: 0.5030  (向量:0.1430 + 关键词:0.2100 + 标签:0.1500)
      标签: ['三乡镇', '东升镇', '乳鸽', '历史文化', '小吃', '小榄镇', '攻略', '早茶', '沙溪镇', '海鲜', '石岐区', '自然风光', '购物', '黄圃镇']
      来源: food/food\zhongshan_restaurants.md
      内容: 中山的早茶人均30到50块，基本是广州的三分之一价格，爱群食店6点开门建议8点前到免排队，周一和周四点心还打8折。乳鸽认准12到13天的妙龄鸽，石岐佬建议工作日11点前或17点前到，周末排队至少半小时。省钱吃法：早茶30到50一个人，乳鸽专门店60到80，海鲜大餐100到150。东升镇的脆肉鲩最正宗，沙溪镇的隆都菜最地道，石岐区的乳鸽最集中。三乡濑粉源于清嘉庆年间有200多年历史，上汤是灵魂要放烧鹅和叉烧。小榄菊花会每年11月下旬到12月举行，以菊入馔是中山独有文化。黄圃镇的腊味可以真空包装带回家，煲仔饭放几片腊肠满分。

================================================================================
[2026-06-16 23:44:17] 查询: 西南方向 差评 刷评 避坑 贵 排队
耗时: 600.1 ms | 命中数: 2 | 阈值: 0.3
--------------------------------------------------------------------------------

  [1] 避坑和实用贴士
      综合得分: 0.5250  (向量:0.1650 + 关键词:0.2100 + 标签:0.1500)
      标签: ['三乡镇', '东升镇', '乳鸽', '历史文化', '小吃', '小榄镇', '攻略', '早茶', '沙溪镇', '海鲜', '石岐区', '自然风光', '购物', '黄圃镇']
      来源: food/food\zhongshan_restaurants.md
      内容: 中山的早茶人均30到50块，基本是广州的三分之一价格，爱群食店6点开门建议8点前到免排队，周一和周四点心还打8折。乳鸽认准12到13天的妙龄鸽，石岐佬建议工作日11点前或17点前到，周末排队至少半小时。省钱吃法：早茶30到50一个人，乳鸽专门店60到80，海鲜大餐100到150。东升镇的脆肉鲩最正宗，沙溪镇的隆都菜最地道，石岐区的乳鸽最集中。三乡濑粉源于清嘉庆年间有200多年历史，上汤是灵魂要放烧鹅和叉烧。小榄菊花会每年11月下旬到12月举行，以菊入馔是中山独有文化。黄圃镇的腊味可以真空包装带回家，煲仔饭放几片腊肠满分。

  [2] 旅游避坑和实用建议
      综合得分: 0.4573  (向量:0.1573 + 关键词:0.1500 + 标签:0.1500)
      标签: ['东升镇', '乳鸽', '五桂山街道', '交通出行', '住宿', '南朗街道', '历史文化', '小榄镇', '攻略', '海鲜', '温泉', '神湾镇', '翠亨新区', '自然风光']
      来源: general/general\zhongshan_travel.md
      内容: 最佳旅行时间是每年10到12月的秋季和3到5月的春季，气温最舒适。夏天6到9月高温多雨还有台风，出行注意天气预报。冬天1到2月湿冷但游客少。3到4月是回南天特别潮湿衣服多带两件。
什么季节吃什么也有讲究：10到12月乳鸽最肥美，11月小榄菊花会品菊花宴，3到5月脆肉鲩最鲜，5到8月吃荔枝菌，10到11月吃神湾菠萝。
有几个景点必须提前预约别跑空——孙中山故居纪念馆要在公众号预约，中山市博物馆要在文旅中山公众号预约，翠亨国家湿地公园也要预约。三个都是周一闭馆。节假日人流量大建议提前2到3天约好。
防坑方面：景区周边的三轮车摩的不要坐价格虚高不安全，叫网约车最靠谱。部分餐厅会推荐高价海鲜点菜前一定

================================================================================
[2026-06-16 23:53:50] 查询: 总距离 差评 刷评 避坑 贵 排队
耗时: 709.4 ms | 命中数: 2 | 阈值: 0.3
--------------------------------------------------------------------------------

  [1] 避坑和实用贴士
      综合得分: 0.4989  (向量:0.1389 + 关键词:0.2100 + 标签:0.1500)
      标签: ['三乡镇', '东升镇', '乳鸽', '历史文化', '小吃', '小榄镇', '攻略', '早茶', '沙溪镇', '海鲜', '石岐区', '自然风光', '购物', '黄圃镇']
      来源: food/food\zhongshan_restaurants.md
      内容: 中山的早茶人均30到50块，基本是广州的三分之一价格，爱群食店6点开门建议8点前到免排队，周一和周四点心还打8折。乳鸽认准12到13天的妙龄鸽，石岐佬建议工作日11点前或17点前到，周末排队至少半小时。省钱吃法：早茶30到50一个人，乳鸽专门店60到80，海鲜大餐100到150。东升镇的脆肉鲩最正宗，沙溪镇的隆都菜最地道，石岐区的乳鸽最集中。三乡濑粉源于清嘉庆年间有200多年历史，上汤是灵魂要放烧鹅和叉烧。小榄菊花会每年11月下旬到12月举行，以菊入馔是中山独有文化。黄圃镇的腊味可以真空包装带回家，煲仔饭放几片腊肠满分。

  [2] 旅游避坑和实用建议
      综合得分: 0.4508  (向量:0.1508 + 关键词:0.1500 + 标签:0.1500)
      标签: ['东升镇', '乳鸽', '五桂山街道', '交通出行', '住宿', '南朗街道', '历史文化', '小榄镇', '攻略', '海鲜', '温泉', '神湾镇', '翠亨新区', '自然风光']
      来源: general/general\zhongshan_travel.md
      内容: 最佳旅行时间是每年10到12月的秋季和3到5月的春季，气温最舒适。夏天6到9月高温多雨还有台风，出行注意天气预报。冬天1到2月湿冷但游客少。3到4月是回南天特别潮湿衣服多带两件。
什么季节吃什么也有讲究：10到12月乳鸽最肥美，11月小榄菊花会品菊花宴，3到5月脆肉鲩最鲜，5到8月吃荔枝菌，10到11月吃神湾菠萝。
有几个景点必须提前预约别跑空——孙中山故居纪念馆要在公众号预约，中山市博物馆要在文旅中山公众号预约，翠亨国家湿地公园也要预约。三个都是周一闭馆。节假日人流量大建议提前2到3天约好。
防坑方面：景区周边的三轮车摩的不要坐价格虚高不安全，叫网约车最靠谱。部分餐厅会推荐高价海鲜点菜前一定

================================================================================
[2026-06-16 23:53:51] 查询: 预计时间 差评 刷评 避坑 贵 排队
耗时: 511.9 ms | 命中数: 2 | 阈值: 0.3
--------------------------------------------------------------------------------

  [1] 避坑和实用贴士
      综合得分: 0.5001  (向量:0.1401 + 关键词:0.2100 + 标签:0.1500)
      标签: ['三乡镇', '东升镇', '乳鸽', '历史文化', '小吃', '小榄镇', '攻略', '早茶', '沙溪镇', '海鲜', '石岐区', '自然风光', '购物', '黄圃镇']
      来源: food/food\zhongshan_restaurants.md
      内容: 中山的早茶人均30到50块，基本是广州的三分之一价格，爱群食店6点开门建议8点前到免排队，周一和周四点心还打8折。乳鸽认准12到13天的妙龄鸽，石岐佬建议工作日11点前或17点前到，周末排队至少半小时。省钱吃法：早茶30到50一个人，乳鸽专门店60到80，海鲜大餐100到150。东升镇的脆肉鲩最正宗，沙溪镇的隆都菜最地道，石岐区的乳鸽最集中。三乡濑粉源于清嘉庆年间有200多年历史，上汤是灵魂要放烧鹅和叉烧。小榄菊花会每年11月下旬到12月举行，以菊入馔是中山独有文化。黄圃镇的腊味可以真空包装带回家，煲仔饭放几片腊肠满分。

  [2] 旅游避坑和实用建议
      综合得分: 0.4783  (向量:0.1783 + 关键词:0.1500 + 标签:0.1500)
      标签: ['东升镇', '乳鸽', '五桂山街道', '交通出行', '住宿', '南朗街道', '历史文化', '小榄镇', '攻略', '海鲜', '温泉', '神湾镇', '翠亨新区', '自然风光']
      来源: general/general\zhongshan_travel.md
      内容: 最佳旅行时间是每年10到12月的秋季和3到5月的春季，气温最舒适。夏天6到9月高温多雨还有台风，出行注意天气预报。冬天1到2月湿冷但游客少。3到4月是回南天特别潮湿衣服多带两件。
什么季节吃什么也有讲究：10到12月乳鸽最肥美，11月小榄菊花会品菊花宴，3到5月脆肉鲩最鲜，5到8月吃荔枝菌，10到11月吃神湾菠萝。
有几个景点必须提前预约别跑空——孙中山故居纪念馆要在公众号预约，中山市博物馆要在文旅中山公众号预约，翠亨国家湿地公园也要预约。三个都是周一闭馆。节假日人流量大建议提前2到3天约好。
防坑方面：景区周边的三轮车摩的不要坐价格虚高不安全，叫网约车最靠谱。部分餐厅会推荐高价海鲜点菜前一定

================================================================================
[2026-06-17 10:21:46] 查询: 总距离 差评 刷评 避坑 贵 排队
耗时: 2076.8 ms | 命中数: 2 | 阈值: 0.3
--------------------------------------------------------------------------------

  [1] 避坑和实用贴士
      综合得分: 0.4989  (向量:0.1389 + 关键词:0.2100 + 标签:0.1500)
      标签: ['三乡镇', '东升镇', '乳鸽', '历史文化', '小吃', '小榄镇', '攻略', '早茶', '沙溪镇', '海鲜', '石岐区', '自然风光', '购物', '黄圃镇']
      来源: food/food\zhongshan_restaurants.md
      内容: 中山的早茶人均30到50块，基本是广州的三分之一价格，爱群食店6点开门建议8点前到免排队，周一和周四点心还打8折。乳鸽认准12到13天的妙龄鸽，石岐佬建议工作日11点前或17点前到，周末排队至少半小时。省钱吃法：早茶30到50一个人，乳鸽专门店60到80，海鲜大餐100到150。东升镇的脆肉鲩最正宗，沙溪镇的隆都菜最地道，石岐区的乳鸽最集中。三乡濑粉源于清嘉庆年间有200多年历史，上汤是灵魂要放烧鹅和叉烧。小榄菊花会每年11月下旬到12月举行，以菊入馔是中山独有文化。黄圃镇的腊味可以真空包装带回家，煲仔饭放几片腊肠满分。

  [2] 旅游避坑和实用建议
      综合得分: 0.4508  (向量:0.1508 + 关键词:0.1500 + 标签:0.1500)
      标签: ['东升镇', '乳鸽', '五桂山街道', '交通出行', '住宿', '南朗街道', '历史文化', '小榄镇', '攻略', '海鲜', '温泉', '神湾镇', '翠亨新区', '自然风光']
      来源: general/general\zhongshan_travel.md
      内容: 最佳旅行时间是每年10到12月的秋季和3到5月的春季，气温最舒适。夏天6到9月高温多雨还有台风，出行注意天气预报。冬天1到2月湿冷但游客少。3到4月是回南天特别潮湿衣服多带两件。
什么季节吃什么也有讲究：10到12月乳鸽最肥美，11月小榄菊花会品菊花宴，3到5月脆肉鲩最鲜，5到8月吃荔枝菌，10到11月吃神湾菠萝。
有几个景点必须提前预约别跑空——孙中山故居纪念馆要在公众号预约，中山市博物馆要在文旅中山公众号预约，翠亨国家湿地公园也要预约。三个都是周一闭馆。节假日人流量大建议提前2到3天约好。
防坑方面：景区周边的三轮车摩的不要坐价格虚高不安全，叫网约车最靠谱。部分餐厅会推荐高价海鲜点菜前一定

================================================================================
[2026-06-17 10:21:46] 查询: 预估时间 差评 刷评 避坑 贵 排队
耗时: 543.6 ms | 命中数: 2 | 阈值: 0.3
--------------------------------------------------------------------------------

  [1] 旅游避坑和实用建议
      综合得分: 0.5093  (向量:0.2093 + 关键词:0.1500 + 标签:0.1500)
      标签: ['东升镇', '乳鸽', '五桂山街道', '交通出行', '住宿', '南朗街道', '历史文化', '小榄镇', '攻略', '海鲜', '温泉', '神湾镇', '翠亨新区', '自然风光']
      来源: general/general\zhongshan_travel.md
      内容: 最佳旅行时间是每年10到12月的秋季和3到5月的春季，气温最舒适。夏天6到9月高温多雨还有台风，出行注意天气预报。冬天1到2月湿冷但游客少。3到4月是回南天特别潮湿衣服多带两件。
什么季节吃什么也有讲究：10到12月乳鸽最肥美，11月小榄菊花会品菊花宴，3到5月脆肉鲩最鲜，5到8月吃荔枝菌，10到11月吃神湾菠萝。
有几个景点必须提前预约别跑空——孙中山故居纪念馆要在公众号预约，中山市博物馆要在文旅中山公众号预约，翠亨国家湿地公园也要预约。三个都是周一闭馆。节假日人流量大建议提前2到3天约好。
防坑方面：景区周边的三轮车摩的不要坐价格虚高不安全，叫网约车最靠谱。部分餐厅会推荐高价海鲜点菜前一定

  [2] 避坑和实用贴士
      综合得分: 0.5030  (向量:0.1430 + 关键词:0.2100 + 标签:0.1500)
      标签: ['三乡镇', '东升镇', '乳鸽', '历史文化', '小吃', '小榄镇', '攻略', '早茶', '沙溪镇', '海鲜', '石岐区', '自然风光', '购物', '黄圃镇']
      来源: food/food\zhongshan_restaurants.md
      内容: 中山的早茶人均30到50块，基本是广州的三分之一价格，爱群食店6点开门建议8点前到免排队，周一和周四点心还打8折。乳鸽认准12到13天的妙龄鸽，石岐佬建议工作日11点前或17点前到，周末排队至少半小时。省钱吃法：早茶30到50一个人，乳鸽专门店60到80，海鲜大餐100到150。东升镇的脆肉鲩最正宗，沙溪镇的隆都菜最地道，石岐区的乳鸽最集中。三乡濑粉源于清嘉庆年间有200多年历史，上汤是灵魂要放烧鹅和叉烧。小榄菊花会每年11月下旬到12月举行，以菊入馔是中山独有文化。黄圃镇的腊味可以真空包装带回家，煲仔饭放几片腊肠满分。

================================================================================
[2026-06-17 10:21:47] 查询: 拥堵少 差评 刷评 避坑 贵 排队
耗时: 559.1 ms | 命中数: 2 | 阈值: 0.3
--------------------------------------------------------------------------------

  [1] 避坑和实用贴士
      综合得分: 0.5000  (向量:0.1400 + 关键词:0.2100 + 标签:0.1500)
      标签: ['三乡镇', '东升镇', '乳鸽', '历史文化', '小吃', '小榄镇', '攻略', '早茶', '沙溪镇', '海鲜', '石岐区', '自然风光', '购物', '黄圃镇']
      来源: food/food\zhongshan_restaurants.md
      内容: 中山的早茶人均30到50块，基本是广州的三分之一价格，爱群食店6点开门建议8点前到免排队，周一和周四点心还打8折。乳鸽认准12到13天的妙龄鸽，石岐佬建议工作日11点前或17点前到，周末排队至少半小时。省钱吃法：早茶30到50一个人，乳鸽专门店60到80，海鲜大餐100到150。东升镇的脆肉鲩最正宗，沙溪镇的隆都菜最地道，石岐区的乳鸽最集中。三乡濑粉源于清嘉庆年间有200多年历史，上汤是灵魂要放烧鹅和叉烧。小榄菊花会每年11月下旬到12月举行，以菊入馔是中山独有文化。黄圃镇的腊味可以真空包装带回家，煲仔饭放几片腊肠满分。

  [2] 旅游避坑和实用建议
      综合得分: 0.4533  (向量:0.1533 + 关键词:0.1500 + 标签:0.1500)
      标签: ['东升镇', '乳鸽', '五桂山街道', '交通出行', '住宿', '南朗街道', '历史文化', '小榄镇', '攻略', '海鲜', '温泉', '神湾镇', '翠亨新区', '自然风光']
      来源: general/general\zhongshan_travel.md
      内容: 最佳旅行时间是每年10到12月的秋季和3到5月的春季，气温最舒适。夏天6到9月高温多雨还有台风，出行注意天气预报。冬天1到2月湿冷但游客少。3到4月是回南天特别潮湿衣服多带两件。
什么季节吃什么也有讲究：10到12月乳鸽最肥美，11月小榄菊花会品菊花宴，3到5月脆肉鲩最鲜，5到8月吃荔枝菌，10到11月吃神湾菠萝。
有几个景点必须提前预约别跑空——孙中山故居纪念馆要在公众号预约，中山市博物馆要在文旅中山公众号预约，翠亨国家湿地公园也要预约。三个都是周一闭馆。节假日人流量大建议提前2到3天约好。
防坑方面：景区周边的三轮车摩的不要坐价格虚高不安全，叫网约车最靠谱。部分餐厅会推荐高价海鲜点菜前一定

================================================================================
[2026-06-17 11:17:19] 查询: 乳鸽
耗时: 883.0 ms | 命中数: 6 | 阈值: 0.3
--------------------------------------------------------------------------------

  [1] 煲煲掂 — 街坊价的网红乳鸽店
      综合得分: 0.9501  (向量:0.4201 + 关键词:0.3800 + 标签:0.1500)
      标签: ['乳鸽', '石岐区', '网红打卡']
      来源: food/food\zhongshan_restaurants.md
      内容: 煲煲掂在石岐区，和石岐佬那种大酒楼风格完全不同——环境一般般，可能要搭枱（就是和不认识的人拼桌），但是味道真的对得起价格。红烧妙龄乳鸽才35块一只，三种口味可以选：红烧的、秘制卤水的、古法盐焗的，都是12-13天龄的小鸽子，骨头软肉嫩，汁水一样爆。属于那种本地街坊天天去的那种店，游客反而不一定找得到。

  [2] 石岐佬中山菜馆 — "天下第一鸽"不是白叫的
      综合得分: 0.9159  (向量:0.4459 + 关键词:0.3200 + 标签:0.1500)
      标签: ['乳鸽', '小吃', '攻略', '石岐区', '神湾镇', '自然风光']
      来源: food/food\zhongshan_restaurants.md
      内容: 要说到中山吃乳鸽，石岐佬是绕不过去的。张溪店在石岐区康华路，门口经常排队，周末晚市等30分钟算正常的。这家店的红烧乳鸽被食客叫做"天下第一鸽"，80块钱一只说实话不算便宜，但吃过的都说值——现点现做，皮脆得像纸一样，咬下去咔嚓响，撕开那个肉汁直接爆出来，连骨髓都浸足了卤香味。除了乳鸽，他们家的菠萝包和旺财大煎堆也很多人点，基本上每桌必点。有两个店，张溪店比石岐店人少一点，如果是工作日的话建议11点前或者下午5点前到，能少排点队。
还有个小窍门：选乳鸽要认准12到13天龄的"妙龄鸽"，这个天数的鸽子骨头还软，肉质最嫩，汁水最多。红烧是最经典的做法，不过盐焗和药膳口味也值得试试，吃的时候挤点柠檬汁

  [3] 成大鸽皇和鸽鸟轩 — 本地人才知道的好店
      综合得分: 0.7749  (向量:0.3649 + 关键词:0.2600 + 标签:0.1500)
      标签: ['乳鸽', '海鲜', '火锅', '石岐区', '自然风光']
      来源: food/food\zhongshan_restaurants.md
      内容: 成大鸽皇也在石岐区，主打生炸石岐乳鸽，45一只。生炸和红烧不一样，外皮会更酥一些，多了一层焦香，肉汁反而更饱满，是本地人带路才找得到的那种隐藏店。
鸽鸟轩在石岐街道康华路61号，说是中山第一家专门做白鸽的店，从早上11点开到晚上10点，门口有停车位比较方便。他们家最有名的是五指毛桃药膳鸽，70块一只，药材汤底炖出来的鸽子肉又鲜又香又软烂，汤清澈但很滋补。另外古法盐焗鸽65一只，鸽血炒饭35一份也很特别——米饭吸收了鸽血的味道，越嚼越香。鸽肉煲饭45块也值得一试，饭底的香气特别爆炸，每一粒米都吸满了鸽肉的精华。还有鸽班长在东区，做的是土茯苓五指毛桃鸽子火锅，人均75左右，香茅焗鸽也是招牌，营业到

  [4] 月底省钱（人均<30元，吃饱吃好）
      综合得分: 0.7253  (向量:0.2853 + 关键词:0.2900 + 标签:0.1500)
      标签: ['三乡镇', '乳鸽', '小吃', '攻略', '早茶', '海鲜', '石岐区', '自然风光']
      来源: food/food\scene_guide.md
      内容: - 优先级：价格 > 分量 > 口味
- 推荐类型：快餐、小吃、食堂、肠粉、濑粉、煲仔饭
- 人均预算：15-30元
- 搜索关键词：小吃、快餐、濑粉、肠粉、煲仔饭、街坊店
- 中山省钱清单：
  - 煲煲掂红烧乳鸽35元（乳鸽里最便宜的！）
  - 三乡濑粉18元一碗
  - 崖口云吞15元一碗
  - 满足面混酱肠粉12元+炸云吞15元，人均20吃撑
  - 爱群食店周一/四早茶8折，茶位1元起，虾饺19元
  - 白水井大街老字号小吃全部20以内
- 避坑：别去石岐佬（乳鸽80元一只，月底太贵）、海鲜大餐（人均100+）

  [5] 带朋友吃遍中山（有好吃的要分享）
      综合得分: 0.6704  (向量:0.2604 + 关键词:0.2600 + 标签:0.1500)
      标签: ['三乡镇', '东升镇', '乳鸽', '小吃', '小榄镇', '攻略', '早茶', '海鲜', '石岐区', '自然风光']
      来源: food/food\scene_guide.md
      内容: - 优先级：体验感 > 特色 > 价格
- 推荐类型：中山地标美食全覆盖
- 人均预算：100-200元（一天）
- 必吃路线：早茶爱群食店→石岐佬乳鸽→崖口煲仔饭→三乡濑粉→小榄炸鱼球→东升脆肉鲩
- 搜索关键词：乳鸽、早茶、濑粉、脆肉鲩、炸鱼球、海鲜

  [6] 避坑和实用贴士
      综合得分: 0.6350  (向量:0.1950 + 关键词:0.2900 + 标签:0.1500)
      标签: ['三乡镇', '东升镇', '乳鸽', '历史文化', '小吃', '小榄镇', '攻略', '早茶', '沙溪镇', '海鲜', '石岐区', '自然风光', '购物', '黄圃镇']
      来源: food/food\zhongshan_restaurants.md
      内容: 中山的早茶人均30到50块，基本是广州的三分之一价格，爱群食店6点开门建议8点前到免排队，周一和周四点心还打8折。乳鸽认准12到13天的妙龄鸽，石岐佬建议工作日11点前或17点前到，周末排队至少半小时。省钱吃法：早茶30到50一个人，乳鸽专门店60到80，海鲜大餐100到150。东升镇的脆肉鲩最正宗，沙溪镇的隆都菜最地道，石岐区的乳鸽最集中。三乡濑粉源于清嘉庆年间有200多年历史，上汤是灵魂要放烧鹅和叉烧。小榄菊花会每年11月下旬到12月举行，以菊入馔是中山独有文化。黄圃镇的腊味可以真空包装带回家，煲仔饭放几片腊肠满分。

================================================================================
[2026-06-17 11:17:39] 查询: 光明刘冰乳鸽店(公明店) 差评 刷评 避坑 贵 排队
耗时: 1600.3 ms | 命中数: 2 | 阈值: 0.3
--------------------------------------------------------------------------------

  [1] 石岐佬中山菜馆 — "天下第一鸽"不是白叫的
      综合得分: 0.8003  (向量:0.4703 + 关键词:0.0300 + 标签:0.3000)
      标签: ['乳鸽', '小吃', '攻略', '石岐区', '神湾镇', '自然风光']
      来源: food/food\zhongshan_restaurants.md
      内容: 要说到中山吃乳鸽，石岐佬是绕不过去的。张溪店在石岐区康华路，门口经常排队，周末晚市等30分钟算正常的。这家店的红烧乳鸽被食客叫做"天下第一鸽"，80块钱一只说实话不算便宜，但吃过的都说值——现点现做，皮脆得像纸一样，咬下去咔嚓响，撕开那个肉汁直接爆出来，连骨髓都浸足了卤香味。除了乳鸽，他们家的菠萝包和旺财大煎堆也很多人点，基本上每桌必点。有两个店，张溪店比石岐店人少一点，如果是工作日的话建议11点前或者下午5点前到，能少排点队。
还有个小窍门：选乳鸽要认准12到13天龄的"妙龄鸽"，这个天数的鸽子骨头还软，肉质最嫩，汁水最多。红烧是最经典的做法，不过盐焗和药膳口味也值得试试，吃的时候挤点柠檬汁

  [2] 避坑和实用贴士
      综合得分: 0.7596  (向量:0.2496 + 关键词:0.2100 + 标签:0.3000)
      标签: ['三乡镇', '东升镇', '乳鸽', '历史文化', '小吃', '小榄镇', '攻略', '早茶', '沙溪镇', '海鲜', '石岐区', '自然风光', '购物', '黄圃镇']
      来源: food/food\zhongshan_restaurants.md
      内容: 中山的早茶人均30到50块，基本是广州的三分之一价格，爱群食店6点开门建议8点前到免排队，周一和周四点心还打8折。乳鸽认准12到13天的妙龄鸽，石岐佬建议工作日11点前或17点前到，周末排队至少半小时。省钱吃法：早茶30到50一个人，乳鸽专门店60到80，海鲜大餐100到150。东升镇的脆肉鲩最正宗，沙溪镇的隆都菜最地道，石岐区的乳鸽最集中。三乡濑粉源于清嘉庆年间有200多年历史，上汤是灵魂要放烧鹅和叉烧。小榄菊花会每年11月下旬到12月举行，以菊入馔是中山独有文化。黄圃镇的腊味可以真空包装带回家，煲仔饭放几片腊肠满分。

================================================================================
[2026-06-17 11:17:39] 查询: 青峰乳鸽(中科谷店) 差评 刷评 避坑 贵 排队
耗时: 769.4 ms | 命中数: 2 | 阈值: 0.3
--------------------------------------------------------------------------------

  [1] 避坑和实用贴士
      综合得分: 0.7778  (向量:0.2678 + 关键词:0.2100 + 标签:0.3000)
      标签: ['三乡镇', '东升镇', '乳鸽', '历史文化', '小吃', '小榄镇', '攻略', '早茶', '沙溪镇', '海鲜', '石岐区', '自然风光', '购物', '黄圃镇']
      来源: food/food\zhongshan_restaurants.md
      内容: 中山的早茶人均30到50块，基本是广州的三分之一价格，爱群食店6点开门建议8点前到免排队，周一和周四点心还打8折。乳鸽认准12到13天的妙龄鸽，石岐佬建议工作日11点前或17点前到，周末排队至少半小时。省钱吃法：早茶30到50一个人，乳鸽专门店60到80，海鲜大餐100到150。东升镇的脆肉鲩最正宗，沙溪镇的隆都菜最地道，石岐区的乳鸽最集中。三乡濑粉源于清嘉庆年间有200多年历史，上汤是灵魂要放烧鹅和叉烧。小榄菊花会每年11月下旬到12月举行，以菊入馔是中山独有文化。黄圃镇的腊味可以真空包装带回家，煲仔饭放几片腊肠满分。

  [2] 石岐佬中山菜馆 — "天下第一鸽"不是白叫的
      综合得分: 0.7713  (向量:0.4413 + 关键词:0.0300 + 标签:0.3000)
      标签: ['乳鸽', '小吃', '攻略', '石岐区', '神湾镇', '自然风光']
      来源: food/food\zhongshan_restaurants.md
      内容: 要说到中山吃乳鸽，石岐佬是绕不过去的。张溪店在石岐区康华路，门口经常排队，周末晚市等30分钟算正常的。这家店的红烧乳鸽被食客叫做"天下第一鸽"，80块钱一只说实话不算便宜，但吃过的都说值——现点现做，皮脆得像纸一样，咬下去咔嚓响，撕开那个肉汁直接爆出来，连骨髓都浸足了卤香味。除了乳鸽，他们家的菠萝包和旺财大煎堆也很多人点，基本上每桌必点。有两个店，张溪店比石岐店人少一点，如果是工作日的话建议11点前或者下午5点前到，能少排点队。
还有个小窍门：选乳鸽要认准12到13天龄的"妙龄鸽"，这个天数的鸽子骨头还软，肉质最嫩，汁水最多。红烧是最经典的做法，不过盐焗和药膳口味也值得试试，吃的时候挤点柠檬汁

================================================================================
[2026-06-17 11:17:40] 查询: 新园乳鸽 差评 刷评 避坑 贵 排队
耗时: 888.5 ms | 命中数: 2 | 阈值: 0.3
--------------------------------------------------------------------------------

  [1] 石岐佬中山菜馆 — "天下第一鸽"不是白叫的
      综合得分: 0.7266  (向量:0.3966 + 关键词:0.0300 + 标签:0.3000)
      标签: ['乳鸽', '小吃', '攻略', '石岐区', '神湾镇', '自然风光']
      来源: food/food\zhongshan_restaurants.md
      内容: 要说到中山吃乳鸽，石岐佬是绕不过去的。张溪店在石岐区康华路，门口经常排队，周末晚市等30分钟算正常的。这家店的红烧乳鸽被食客叫做"天下第一鸽"，80块钱一只说实话不算便宜，但吃过的都说值——现点现做，皮脆得像纸一样，咬下去咔嚓响，撕开那个肉汁直接爆出来，连骨髓都浸足了卤香味。除了乳鸽，他们家的菠萝包和旺财大煎堆也很多人点，基本上每桌必点。有两个店，张溪店比石岐店人少一点，如果是工作日的话建议11点前或者下午5点前到，能少排点队。
还有个小窍门：选乳鸽要认准12到13天龄的"妙龄鸽"，这个天数的鸽子骨头还软，肉质最嫩，汁水最多。红烧是最经典的做法，不过盐焗和药膳口味也值得试试，吃的时候挤点柠檬汁

  [2] 避坑和实用贴士
      综合得分: 0.6833  (向量:0.1733 + 关键词:0.2100 + 标签:0.3000)
      标签: ['三乡镇', '东升镇', '乳鸽', '历史文化', '小吃', '小榄镇', '攻略', '早茶', '沙溪镇', '海鲜', '石岐区', '自然风光', '购物', '黄圃镇']
      来源: food/food\zhongshan_restaurants.md
      内容: 中山的早茶人均30到50块，基本是广州的三分之一价格，爱群食店6点开门建议8点前到免排队，周一和周四点心还打8折。乳鸽认准12到13天的妙龄鸽，石岐佬建议工作日11点前或17点前到，周末排队至少半小时。省钱吃法：早茶30到50一个人，乳鸽专门店60到80，海鲜大餐100到150。东升镇的脆肉鲩最正宗，沙溪镇的隆都菜最地道，石岐区的乳鸽最集中。三乡濑粉源于清嘉庆年间有200多年历史，上汤是灵魂要放烧鹅和叉烧。小榄菊花会每年11月下旬到12月举行，以菊入馔是中山独有文化。黄圃镇的腊味可以真空包装带回家，煲仔饭放几片腊肠满分。

================================================================================
[2026-06-17 12:30:06] 查询: 梅州嘉应学院附近烧烤店
耗时: 1303.5 ms | 命中数: 3 | 阈值: 0.3
--------------------------------------------------------------------------------

  [1] 阿炮美食城和谷源私厨 — 东区的实力派
      综合得分: 0.4459  (向量:0.2959 + 关键词:0.0000 + 标签:0.1500)
      标签: ['宵夜', '早茶', '烧烤', '自然风光']
      来源: food/food\zhongshan_restaurants.md
      内容: 阿炮美食城在东区，开了三十年了，是中山美食星榜的冠军，早茶直落宵夜。正宗的化州香油鸡68半只、招牌台山黄鳝饭48、阿炮咸猪骨粥22都是招牌。还有中式炭烧牛排88，中西合璧炭火烤肉。谷源私厨也在东区，CBD旁边的品质餐厅，湛江安铺白切鸡68半只、湛江泥虫粥38，食材新鲜但需要提前预订，有雅致包厢。

  [2] 聚餐/约会（2小时+，享受为主）
      综合得分: 0.3780  (向量:0.2280 + 关键词:0.0000 + 标签:0.1500)
      标签: ['乳鸽', '夜市', '宵夜', '异国风味', '情侣', '攻略', '火锅', '烧烤', '石岐区', '网红打卡', '自然风光', '购物']
      来源: food/food\scene_guide.md
      内容: - 优先级：环境氛围 > 口味 > 价格
- 推荐类型：火锅、日料、西餐、私房菜、酒楼
- 人均预算：80-150元
- 搜索关键词：火锅、日料、西餐、私房菜、约会
- 中山特色选择：蜀大侠火锅(80元)、金阁佬黑松露乳鸽(88元)、安塔利亚土耳其烤肉(128元)、谷源私厨包厢
- 加分项：岐江夜景+兴中广场滨江酒吧街、幻彩摩天轮求婚圣地、森泊营地约会拍照

  [3] 脆肉鲩 — 中山地理标志产品，别的地方吃不到的口感
      综合得分: 0.3570  (向量:0.2070 + 关键词:0.0000 + 标签:0.1500)
      标签: ['东升镇', '乳鸽', '住宿', '宵夜', '海鲜', '火锅', '烧烤', '石岐区', '自然风光']
      来源: food/food\zhongshan_restaurants.md
      内容: 脆肉鲩是中山的地理标志产品，这个鱼特别在哪儿呢——它是用蚕豆喂养的草鱼，肉质变得特别爽脆，而且耐煮不烂，吃起来和普通鱼肉完全不是一个东西。东升镇是脆肉鲩的核心产区。庆丰鱼庄在东升镇，最经典的是脆肉鲩一鱼六味，158一条，六种吃法：鱼片涮火锅、鱼丸煮汤、鱼腩豉汁蒸、鱼骨炸酥、鱼头鱼尾焖煮，一条鱼从头吃到尾。中山国际酒店（石岐区）也有脆肉鲩宴，198一个人，五星酒店的做法更加精致创新。另外金山记靓鸡专门店（东区）有荔枝柴烧鹅88半只，荔枝柴明火烤的，皮色深红油亮，肉质带着果木的清香。小鳌溪山顶美食在东区，主打粤菜融合湘菜和衡阳烧烤，在山顶上吃脆肉鲩和乳鸽别有风味，下午5点半营业到凌晨2点，还有篝火

================================================================================
[2026-06-17 12:51:01] 查询: 梅州嘉应学院附近烧烤店
耗时: 518.4 ms | 命中数: 6 | 阈值: 0.3
--------------------------------------------------------------------------------

  [1] 阿炮美食城和谷源私厨 — 东区的实力派
      综合得分: 0.4459  (向量:0.2959 + 关键词:0.0000 + 标签:0.1500)
      标签: ['宵夜', '早茶', '烧烤', '自然风光']
      来源: food/food\zhongshan_restaurants.md
      内容: 阿炮美食城在东区，开了三十年了，是中山美食星榜的冠军，早茶直落宵夜。正宗的化州香油鸡68半只、招牌台山黄鳝饭48、阿炮咸猪骨粥22都是招牌。还有中式炭烧牛排88，中西合璧炭火烤肉。谷源私厨也在东区，CBD旁边的品质餐厅，湛江安铺白切鸡68半只、湛江泥虫粥38，食材新鲜但需要提前预订，有雅致包厢。

  [2] 聚餐/约会（2小时+，享受为主）
      综合得分: 0.3780  (向量:0.2280 + 关键词:0.0000 + 标签:0.1500)
      标签: ['乳鸽', '夜市', '宵夜', '异国风味', '情侣', '攻略', '火锅', '烧烤', '石岐区', '网红打卡', '自然风光', '购物']
      来源: food/food\scene_guide.md
      内容: - 优先级：环境氛围 > 口味 > 价格
- 推荐类型：火锅、日料、西餐、私房菜、酒楼
- 人均预算：80-150元
- 搜索关键词：火锅、日料、西餐、私房菜、约会
- 中山特色选择：蜀大侠火锅(80元)、金阁佬黑松露乳鸽(88元)、安塔利亚土耳其烤肉(128元)、谷源私厨包厢
- 加分项：岐江夜景+兴中广场滨江酒吧街、幻彩摩天轮求婚圣地、森泊营地约会拍照

  [3] 脆肉鲩 — 中山地理标志产品，别的地方吃不到的口感
      综合得分: 0.3570  (向量:0.2070 + 关键词:0.0000 + 标签:0.1500)
      标签: ['东升镇', '乳鸽', '住宿', '宵夜', '海鲜', '火锅', '烧烤', '石岐区', '自然风光']
      来源: food/food\zhongshan_restaurants.md
      内容: 脆肉鲩是中山的地理标志产品，这个鱼特别在哪儿呢——它是用蚕豆喂养的草鱼，肉质变得特别爽脆，而且耐煮不烂，吃起来和普通鱼肉完全不是一个东西。东升镇是脆肉鲩的核心产区。庆丰鱼庄在东升镇，最经典的是脆肉鲩一鱼六味，158一条，六种吃法：鱼片涮火锅、鱼丸煮汤、鱼腩豉汁蒸、鱼骨炸酥、鱼头鱼尾焖煮，一条鱼从头吃到尾。中山国际酒店（石岐区）也有脆肉鲩宴，198一个人，五星酒店的做法更加精致创新。另外金山记靓鸡专门店（东区）有荔枝柴烧鹅88半只，荔枝柴明火烤的，皮色深红油亮，肉质带着果木的清香。小鳌溪山顶美食在东区，主打粤菜融合湘菜和衡阳烧烤，在山顶上吃脆肉鲩和乳鸽别有风味，下午5点半营业到凌晨2点，还有篝火

  [4] 五桂山 — 中山的绿肺和天然氧吧
      综合得分: 0.3153  (向量:0.1653 + 关键词:0.0000 + 标签:0.1500)
      标签: ['五桂山街道', '亲子', '咖啡', '烧烤', '自然风光']
      来源: general/general\zhongshan_travel.md
      内容: 五桂山街道是中山的生态屏障，号称"中山绿肺"。逍遥谷在五桂山南桥银坑，是天然森林景区，有溪流竹林吊桥，夏天可以溯溪玩水，有滑草场和烧烤场可以露营，门票35。旗溪村是客家村落，后山有竹林能挖竹笋，村里养的走地鸡做鸡煲一绝。桂南村有不荒樟咖啡，开在香樟林里喝手冲。整个五桂山蚊虫多，夏天一定要带防蚊水和做好防晒。

  [5] 三乡濑粉和小榄炸鱼球 — 中山最出名的两道小吃
      综合得分: 0.1917  (向量:0.1917 + 关键词:0.0000 + 标签:0.0000)
      标签: ['三乡镇', '历史文化', '小吃', '小榄镇', '海鲜', '自然风光']
      来源: food/food\zhongshan_restaurants.md
      内容: 三乡濑粉有200多年历史了，被列入广东省百种传统特色小吃。河生酒楼在三乡镇白石村，三乡濑粉18块一碗，粉条又细又长，韧中带滑，上汤是灵魂——用猪骨、大地鱼、烧鹅、白切鸡、叉烧一起熬好几个小时，鲜浓醇厚。濑粉源于清嘉庆年间，一定要放烧鹅和叉烧才正宗。
小榄炸鱼球起源于明代，是"以菊入馔"的代表菜，32一份。用鲮鱼净肉捶打起胶，加腊肉、陈皮、蒜蓉炸到金黄，外酥里嫩。最地道的吃法是要配食用菊花和生菜丝，蘸蚬蚧汁吃。每年11月下旬到12月小榄镇会举办菊花会（国家级非遗，源自南宋），到时候可以吃到菊花炸鱼球和菊花宴。

  [6] 中山的咖啡馆 — 全市1600多家，藏着很多惊喜
      综合得分: 0.1896  (向量:0.1896 + 关键词:0.0000 + 标签:0.0000)
      标签: ['三乡镇', '东区', '五桂山街道', '南朗街道', '历史文化', '咖啡', '宵夜', '石岐区', '神湾镇', '网红打卡', '自然风光']
      来源: food/food\zhongshan_restaurants.md
      内容: 中山被称为"隐藏的咖啡之城"，全市有超过1600家咖啡馆。最出圈的是南朗崖口村的向云端咖啡店，被网友叫做宫崎骏稻田咖啡——坐在木质小椅上面对千亩稻田发呆喝咖啡，拍照出片率拉满，25到38一杯，春天青绿秋天金黄各有味道。崖口村还有个JANLU简庐电厂工坊，把废弃的旧发电厂改成了工业风咖啡馆，保留了50到80年代的发电设备，乡村柴窑是卖点，小红书热度超高。
五桂山那边的不荒樟咖啡开在桂南村的香樟林里，手冲28到45一杯，满眼绿意。东区库充村的囍楼咖啡把古碉楼活化成咖啡馆，保留了原来建筑特色。三乡镇雍陌村的希望咖啡依靠一座古老的华侨楼，历史感满满。东区的Lion咖啡有全景花园，25到45块的咖啡轻食

================================================================================
[2026-06-17 12:57:40] 查询: 梅州烧烤店推荐
耗时: 606.9 ms | 命中数: 3 | 阈值: 0.3
--------------------------------------------------------------------------------

  [1] 阿炮美食城和谷源私厨 — 东区的实力派
      综合得分: 0.5718  (向量:0.4218 + 关键词:0.0000 + 标签:0.1500)
      标签: ['宵夜', '早茶', '烧烤', '自然风光']
      来源: food/food\zhongshan_restaurants.md
      内容: 阿炮美食城在东区，开了三十年了，是中山美食星榜的冠军，早茶直落宵夜。正宗的化州香油鸡68半只、招牌台山黄鳝饭48、阿炮咸猪骨粥22都是招牌。还有中式炭烧牛排88，中西合璧炭火烤肉。谷源私厨也在东区，CBD旁边的品质餐厅，湛江安铺白切鸡68半只、湛江泥虫粥38，食材新鲜但需要提前预订，有雅致包厢。

  [2] 聚餐/约会（2小时+，享受为主）
      综合得分: 0.5075  (向量:0.3575 + 关键词:0.0000 + 标签:0.1500)
      标签: ['乳鸽', '夜市', '宵夜', '异国风味', '情侣', '攻略', '火锅', '烧烤', '石岐区', '网红打卡', '自然风光', '购物']
      来源: food/food\scene_guide.md
      内容: - 优先级：环境氛围 > 口味 > 价格
- 推荐类型：火锅、日料、西餐、私房菜、酒楼
- 人均预算：80-150元
- 搜索关键词：火锅、日料、西餐、私房菜、约会
- 中山特色选择：蜀大侠火锅(80元)、金阁佬黑松露乳鸽(88元)、安塔利亚土耳其烤肉(128元)、谷源私厨包厢
- 加分项：岐江夜景+兴中广场滨江酒吧街、幻彩摩天轮求婚圣地、森泊营地约会拍照

  [3] 异国风味 — 古镇和内城的国际美食
      综合得分: 0.4515  (向量:0.3015 + 关键词:0.0000 + 标签:0.1500)
      标签: ['古镇镇', '坦洲镇', '夜市', '异国风味', '火锅', '烧烤', '石岐区', '自然风光']
      来源: food/food\zhongshan_restaurants.md
      内容: 古镇镇有条异国风情美食街聚集了多国风味。Kebabsn Curry印度料理的咖喱套餐68块味道很正宗，香料浓郁配烤饼一绝。安塔利亚土耳其西餐厅的烤肉拼盘128，烤肉多汁香气四溢。德拉朵西餐厅的意大利面和披萨58到88，手工现做。石岐区孙文西路的南洋风味餐厅做东南亚菜，咖喱牛腩48和沙嗲串28（6串）都是招牌。坦洲镇的春润大地海南椰子鸡在中山优越城二层，88一锅用椰青水做汤底，鸡肉嫩滑椰香四溢。

================================================================================
[2026-06-17 13:01:30] 查询: 梅州嘉应学院烧烤店推荐
耗时: 801.0 ms | 命中数: 3 | 阈值: 0.3
--------------------------------------------------------------------------------

  [1] 阿炮美食城和谷源私厨 — 东区的实力派
      综合得分: 0.5046  (向量:0.3546 + 关键词:0.0000 + 标签:0.1500)
      标签: ['宵夜', '早茶', '烧烤', '自然风光']
      来源: food/food\zhongshan_restaurants.md
      内容: 阿炮美食城在东区，开了三十年了，是中山美食星榜的冠军，早茶直落宵夜。正宗的化州香油鸡68半只、招牌台山黄鳝饭48、阿炮咸猪骨粥22都是招牌。还有中式炭烧牛排88，中西合璧炭火烤肉。谷源私厨也在东区，CBD旁边的品质餐厅，湛江安铺白切鸡68半只、湛江泥虫粥38，食材新鲜但需要提前预订，有雅致包厢。

  [2] 聚餐/约会（2小时+，享受为主）
      综合得分: 0.4602  (向量:0.3102 + 关键词:0.0000 + 标签:0.1500)
      标签: ['乳鸽', '夜市', '宵夜', '异国风味', '情侣', '攻略', '火锅', '烧烤', '石岐区', '网红打卡', '自然风光', '购物']
      来源: food/food\scene_guide.md
      内容: - 优先级：环境氛围 > 口味 > 价格
- 推荐类型：火锅、日料、西餐、私房菜、酒楼
- 人均预算：80-150元
- 搜索关键词：火锅、日料、西餐、私房菜、约会
- 中山特色选择：蜀大侠火锅(80元)、金阁佬黑松露乳鸽(88元)、安塔利亚土耳其烤肉(128元)、谷源私厨包厢
- 加分项：岐江夜景+兴中广场滨江酒吧街、幻彩摩天轮求婚圣地、森泊营地约会拍照

  [3] 脆肉鲩 — 中山地理标志产品，别的地方吃不到的口感
      综合得分: 0.3720  (向量:0.2220 + 关键词:0.0000 + 标签:0.1500)
      标签: ['东升镇', '乳鸽', '住宿', '宵夜', '海鲜', '火锅', '烧烤', '石岐区', '自然风光']
      来源: food/food\zhongshan_restaurants.md
      内容: 脆肉鲩是中山的地理标志产品，这个鱼特别在哪儿呢——它是用蚕豆喂养的草鱼，肉质变得特别爽脆，而且耐煮不烂，吃起来和普通鱼肉完全不是一个东西。东升镇是脆肉鲩的核心产区。庆丰鱼庄在东升镇，最经典的是脆肉鲩一鱼六味，158一条，六种吃法：鱼片涮火锅、鱼丸煮汤、鱼腩豉汁蒸、鱼骨炸酥、鱼头鱼尾焖煮，一条鱼从头吃到尾。中山国际酒店（石岐区）也有脆肉鲩宴，198一个人，五星酒店的做法更加精致创新。另外金山记靓鸡专门店（东区）有荔枝柴烧鹅88半只，荔枝柴明火烤的，皮色深红油亮，肉质带着果木的清香。小鳌溪山顶美食在东区，主打粤菜融合湘菜和衡阳烧烤，在山顶上吃脆肉鲩和乳鸽别有风味，下午5点半营业到凌晨2点，还有篝火

================================================================================
[2026-06-17 13:08:53] 查询: 梅州嘉应学院 烧烤店推荐
耗时: 536.6 ms | 命中数: 3 | 阈值: 0.3
--------------------------------------------------------------------------------

  [1] 阿炮美食城和谷源私厨 — 东区的实力派
      综合得分: 0.4693  (向量:0.3193 + 关键词:0.0000 + 标签:0.1500)
      标签: ['宵夜', '早茶', '烧烤', '自然风光']
      来源: food/food\zhongshan_restaurants.md
      内容: 阿炮美食城在东区，开了三十年了，是中山美食星榜的冠军，早茶直落宵夜。正宗的化州香油鸡68半只、招牌台山黄鳝饭48、阿炮咸猪骨粥22都是招牌。还有中式炭烧牛排88，中西合璧炭火烤肉。谷源私厨也在东区，CBD旁边的品质餐厅，湛江安铺白切鸡68半只、湛江泥虫粥38，食材新鲜但需要提前预订，有雅致包厢。

  [2] 聚餐/约会（2小时+，享受为主）
      综合得分: 0.4268  (向量:0.2768 + 关键词:0.0000 + 标签:0.1500)
      标签: ['乳鸽', '夜市', '宵夜', '异国风味', '情侣', '攻略', '火锅', '烧烤', '石岐区', '网红打卡', '自然风光', '购物']
      来源: food/food\scene_guide.md
      内容: - 优先级：环境氛围 > 口味 > 价格
- 推荐类型：火锅、日料、西餐、私房菜、酒楼
- 人均预算：80-150元
- 搜索关键词：火锅、日料、西餐、私房菜、约会
- 中山特色选择：蜀大侠火锅(80元)、金阁佬黑松露乳鸽(88元)、安塔利亚土耳其烤肉(128元)、谷源私厨包厢
- 加分项：岐江夜景+兴中广场滨江酒吧街、幻彩摩天轮求婚圣地、森泊营地约会拍照

  [3] 脆肉鲩 — 中山地理标志产品，别的地方吃不到的口感
      综合得分: 0.3558  (向量:0.2058 + 关键词:0.0000 + 标签:0.1500)
      标签: ['东升镇', '乳鸽', '住宿', '宵夜', '海鲜', '火锅', '烧烤', '石岐区', '自然风光']
      来源: food/food\zhongshan_restaurants.md
      内容: 脆肉鲩是中山的地理标志产品，这个鱼特别在哪儿呢——它是用蚕豆喂养的草鱼，肉质变得特别爽脆，而且耐煮不烂，吃起来和普通鱼肉完全不是一个东西。东升镇是脆肉鲩的核心产区。庆丰鱼庄在东升镇，最经典的是脆肉鲩一鱼六味，158一条，六种吃法：鱼片涮火锅、鱼丸煮汤、鱼腩豉汁蒸、鱼骨炸酥、鱼头鱼尾焖煮，一条鱼从头吃到尾。中山国际酒店（石岐区）也有脆肉鲩宴，198一个人，五星酒店的做法更加精致创新。另外金山记靓鸡专门店（东区）有荔枝柴烧鹅88半只，荔枝柴明火烤的，皮色深红油亮，肉质带着果木的清香。小鳌溪山顶美食在东区，主打粤菜融合湘菜和衡阳烧烤，在山顶上吃脆肉鲩和乳鸽别有风味，下午5点半营业到凌晨2点，还有篝火

================================================================================
[2026-06-17 16:11:30] 查询: 中山烧烤店推荐
耗时: 576.8 ms | 命中数: 3 | 阈值: 0.3
--------------------------------------------------------------------------------

  [1] 阿炮美食城和谷源私厨 — 东区的实力派
      综合得分: 0.7806  (向量:0.4806 + 关键词:0.0000 + 标签:0.3000)
      标签: ['宵夜', '早茶', '烧烤', '自然风光']
      来源: food/food\zhongshan_restaurants.md
      内容: 阿炮美食城在东区，开了三十年了，是中山美食星榜的冠军，早茶直落宵夜。正宗的化州香油鸡68半只、招牌台山黄鳝饭48、阿炮咸猪骨粥22都是招牌。还有中式炭烧牛排88，中西合璧炭火烤肉。谷源私厨也在东区，CBD旁边的品质餐厅，湛江安铺白切鸡68半只、湛江泥虫粥38，食材新鲜但需要提前预订，有雅致包厢。

  [2] 脆肉鲩 — 中山地理标志产品，别的地方吃不到的口感
      综合得分: 0.7274  (向量:0.4274 + 关键词:0.0000 + 标签:0.3000)
      标签: ['东升镇', '乳鸽', '住宿', '宵夜', '海鲜', '火锅', '烧烤', '石岐区', '自然风光']
      来源: food/food\zhongshan_restaurants.md
      内容: 脆肉鲩是中山的地理标志产品，这个鱼特别在哪儿呢——它是用蚕豆喂养的草鱼，肉质变得特别爽脆，而且耐煮不烂，吃起来和普通鱼肉完全不是一个东西。东升镇是脆肉鲩的核心产区。庆丰鱼庄在东升镇，最经典的是脆肉鲩一鱼六味，158一条，六种吃法：鱼片涮火锅、鱼丸煮汤、鱼腩豉汁蒸、鱼骨炸酥、鱼头鱼尾焖煮，一条鱼从头吃到尾。中山国际酒店（石岐区）也有脆肉鲩宴，198一个人，五星酒店的做法更加精致创新。另外金山记靓鸡专门店（东区）有荔枝柴烧鹅88半只，荔枝柴明火烤的，皮色深红油亮，肉质带着果木的清香。小鳌溪山顶美食在东区，主打粤菜融合湘菜和衡阳烧烤，在山顶上吃脆肉鲩和乳鸽别有风味，下午5点半营业到凌晨2点，还有篝火

  [3] 聚餐/约会（2小时+，享受为主）
      综合得分: 0.7233  (向量:0.4233 + 关键词:0.0000 + 标签:0.3000)
      标签: ['乳鸽', '夜市', '宵夜', '异国风味', '情侣', '攻略', '火锅', '烧烤', '石岐区', '网红打卡', '自然风光', '购物']
      来源: food/food\scene_guide.md
      内容: - 优先级：环境氛围 > 口味 > 价格
- 推荐类型：火锅、日料、西餐、私房菜、酒楼
- 人均预算：80-150元
- 搜索关键词：火锅、日料、西餐、私房菜、约会
- 中山特色选择：蜀大侠火锅(80元)、金阁佬黑松露乳鸽(88元)、安塔利亚土耳其烤肉(128元)、谷源私厨包厢
- 加分项：岐江夜景+兴中广场滨江酒吧街、幻彩摩天轮求婚圣地、森泊营地约会拍照

================================================================================
[2026-06-17 17:00:32] 查询: 梅州 烧烤店 推荐
耗时: 700.0 ms | 命中数: 3 | 阈值: 0.3
--------------------------------------------------------------------------------

  [1] 阿炮美食城和谷源私厨 — 东区的实力派
      综合得分: 0.5430  (向量:0.3930 + 关键词:0.0000 + 标签:0.1500)
      标签: ['宵夜', '早茶', '烧烤', '自然风光']
      来源: food/food\zhongshan_restaurants.md
      内容: 阿炮美食城在东区，开了三十年了，是中山美食星榜的冠军，早茶直落宵夜。正宗的化州香油鸡68半只、招牌台山黄鳝饭48、阿炮咸猪骨粥22都是招牌。还有中式炭烧牛排88，中西合璧炭火烤肉。谷源私厨也在东区，CBD旁边的品质餐厅，湛江安铺白切鸡68半只、湛江泥虫粥38，食材新鲜但需要提前预订，有雅致包厢。

  [2] 聚餐/约会（2小时+，享受为主）
      综合得分: 0.5058  (向量:0.3258 + 关键词:0.0300 + 标签:0.1500)
      标签: ['乳鸽', '夜市', '宵夜', '异国风味', '情侣', '攻略', '火锅', '烧烤', '石岐区', '网红打卡', '自然风光', '购物']
      来源: food/food\scene_guide.md
      内容: - 优先级：环境氛围 > 口味 > 价格
- 推荐类型：火锅、日料、西餐、私房菜、酒楼
- 人均预算：80-150元
- 搜索关键词：火锅、日料、西餐、私房菜、约会
- 中山特色选择：蜀大侠火锅(80元)、金阁佬黑松露乳鸽(88元)、安塔利亚土耳其烤肉(128元)、谷源私厨包厢
- 加分项：岐江夜景+兴中广场滨江酒吧街、幻彩摩天轮求婚圣地、森泊营地约会拍照

  [3] 异国风味 — 古镇和内城的国际美食
      综合得分: 0.4100  (向量:0.2600 + 关键词:0.0000 + 标签:0.1500)
      标签: ['古镇镇', '坦洲镇', '夜市', '异国风味', '火锅', '烧烤', '石岐区', '自然风光']
      来源: food/food\zhongshan_restaurants.md
      内容: 古镇镇有条异国风情美食街聚集了多国风味。Kebabsn Curry印度料理的咖喱套餐68块味道很正宗，香料浓郁配烤饼一绝。安塔利亚土耳其西餐厅的烤肉拼盘128，烤肉多汁香气四溢。德拉朵西餐厅的意大利面和披萨58到88，手工现做。石岐区孙文西路的南洋风味餐厅做东南亚菜，咖喱牛腩48和沙嗲串28（6串）都是招牌。坦洲镇的春润大地海南椰子鸡在中山优越城二层，88一锅用椰青水做汤底，鸡肉嫩滑椰香四溢。

================================================================================
[2026-06-17 17:33:59] 查询: 梅州 美食 烧烤店 推荐
耗时: 3396.4 ms | 命中数: 3 | 阈值: 0.3
--------------------------------------------------------------------------------

  [1] 阿炮美食城和谷源私厨 — 东区的实力派
      综合得分: 0.7898  (向量:0.4298 + 关键词:0.2100 + 标签:0.1500)
      标签: ['宵夜', '早茶', '烧烤', '自然风光']
      来源: food/food\zhongshan_restaurants.md
      内容: 阿炮美食城在东区，开了三十年了，是中山美食星榜的冠军，早茶直落宵夜。正宗的化州香油鸡68半只、招牌台山黄鳝饭48、阿炮咸猪骨粥22都是招牌。还有中式炭烧牛排88，中西合璧炭火烤肉。谷源私厨也在东区，CBD旁边的品质餐厅，湛江安铺白切鸡68半只、湛江泥虫粥38，食材新鲜但需要提前预订，有雅致包厢。

  [2] 异国风味 — 古镇和内城的国际美食
      综合得分: 0.6312  (向量:0.3012 + 关键词:0.1800 + 标签:0.1500)
      标签: ['古镇镇', '坦洲镇', '夜市', '异国风味', '火锅', '烧烤', '石岐区', '自然风光']
      来源: food/food\zhongshan_restaurants.md
      内容: 古镇镇有条异国风情美食街聚集了多国风味。Kebabsn Curry印度料理的咖喱套餐68块味道很正宗，香料浓郁配烤饼一绝。安塔利亚土耳其西餐厅的烤肉拼盘128，烤肉多汁香气四溢。德拉朵西餐厅的意大利面和披萨58到88，手工现做。石岐区孙文西路的南洋风味餐厅做东南亚菜，咖喱牛腩48和沙嗲串28（6串）都是招牌。坦洲镇的春润大地海南椰子鸡在中山优越城二层，88一锅用椰青水做汤底，鸡肉嫩滑椰香四溢。

  [3] 聚餐/约会（2小时+，享受为主）
      综合得分: 0.5144  (向量:0.3344 + 关键词:0.0300 + 标签:0.1500)
      标签: ['乳鸽', '夜市', '宵夜', '异国风味', '情侣', '攻略', '火锅', '烧烤', '石岐区', '网红打卡', '自然风光', '购物']
      来源: food/food\scene_guide.md
      内容: - 优先级：环境氛围 > 口味 > 价格
- 推荐类型：火锅、日料、西餐、私房菜、酒楼
- 人均预算：80-150元
- 搜索关键词：火锅、日料、西餐、私房菜、约会
- 中山特色选择：蜀大侠火锅(80元)、金阁佬黑松露乳鸽(88元)、安塔利亚土耳其烤肉(128元)、谷源私厨包厢
- 加分项：岐江夜景+兴中广场滨江酒吧街、幻彩摩天轮求婚圣地、森泊营地约会拍照

================================================================================
[2026-06-17 18:19:29] 查询: 梅州 烧烤店推荐
耗时: 877.1 ms | 命中数: 5 | 阈值: 0.3
--------------------------------------------------------------------------------

  [1] 阿炮美食城和谷源私厨 — 东区的实力派
      综合得分: 0.5490  (向量:0.3990 + 关键词:0.0000 + 标签:0.1500)
      标签: ['宵夜', '早茶', '烧烤', '自然风光']
      来源: food/food\zhongshan_restaurants.md
      内容: 阿炮美食城在东区，开了三十年了，是中山美食星榜的冠军，早茶直落宵夜。正宗的化州香油鸡68半只、招牌台山黄鳝饭48、阿炮咸猪骨粥22都是招牌。还有中式炭烧牛排88，中西合璧炭火烤肉。谷源私厨也在东区，CBD旁边的品质餐厅，湛江安铺白切鸡68半只、湛江泥虫粥38，食材新鲜但需要提前预订，有雅致包厢。

  [2] 聚餐/约会（2小时+，享受为主）
      综合得分: 0.4698  (向量:0.3198 + 关键词:0.0000 + 标签:0.1500)
      标签: ['乳鸽', '夜市', '宵夜', '异国风味', '情侣', '攻略', '火锅', '烧烤', '石岐区', '网红打卡', '自然风光', '购物']
      来源: food/food\scene_guide.md
      内容: - 优先级：环境氛围 > 口味 > 价格
- 推荐类型：火锅、日料、西餐、私房菜、酒楼
- 人均预算：80-150元
- 搜索关键词：火锅、日料、西餐、私房菜、约会
- 中山特色选择：蜀大侠火锅(80元)、金阁佬黑松露乳鸽(88元)、安塔利亚土耳其烤肉(128元)、谷源私厨包厢
- 加分项：岐江夜景+兴中广场滨江酒吧街、幻彩摩天轮求婚圣地、森泊营地约会拍照

  [3] 脆肉鲩 — 中山地理标志产品，别的地方吃不到的口感
      综合得分: 0.4193  (向量:0.2693 + 关键词:0.0000 + 标签:0.1500)
      标签: ['东升镇', '乳鸽', '住宿', '宵夜', '海鲜', '火锅', '烧烤', '石岐区', '自然风光']
      来源: food/food\zhongshan_restaurants.md
      内容: 脆肉鲩是中山的地理标志产品，这个鱼特别在哪儿呢——它是用蚕豆喂养的草鱼，肉质变得特别爽脆，而且耐煮不烂，吃起来和普通鱼肉完全不是一个东西。东升镇是脆肉鲩的核心产区。庆丰鱼庄在东升镇，最经典的是脆肉鲩一鱼六味，158一条，六种吃法：鱼片涮火锅、鱼丸煮汤、鱼腩豉汁蒸、鱼骨炸酥、鱼头鱼尾焖煮，一条鱼从头吃到尾。中山国际酒店（石岐区）也有脆肉鲩宴，198一个人，五星酒店的做法更加精致创新。另外金山记靓鸡专门店（东区）有荔枝柴烧鹅88半只，荔枝柴明火烤的，皮色深红油亮，肉质带着果木的清香。小鳌溪山顶美食在东区，主打粤菜融合湘菜和衡阳烧烤，在山顶上吃脆肉鲩和乳鸽别有风味，下午5点半营业到凌晨2点，还有篝火

  [4] 异国风味 — 古镇和内城的国际美食
      综合得分: 0.4150  (向量:0.2650 + 关键词:0.0000 + 标签:0.1500)
      标签: ['古镇镇', '坦洲镇', '夜市', '异国风味', '火锅', '烧烤', '石岐区', '自然风光']
      来源: food/food\zhongshan_restaurants.md
      内容: 古镇镇有条异国风情美食街聚集了多国风味。Kebabsn Curry印度料理的咖喱套餐68块味道很正宗，香料浓郁配烤饼一绝。安塔利亚土耳其西餐厅的烤肉拼盘128，烤肉多汁香气四溢。德拉朵西餐厅的意大利面和披萨58到88，手工现做。石岐区孙文西路的南洋风味餐厅做东南亚菜，咖喱牛腩48和沙嗲串28（6串）都是招牌。坦洲镇的春润大地海南椰子鸡在中山优越城二层，88一锅用椰青水做汤底，鸡肉嫩滑椰香四溢。

  [5] 带朋友吃遍中山（有好吃的要分享）
      综合得分: 0.3150  (向量:0.3150 + 关键词:0.0000 + 标签:0.0000)
      标签: ['三乡镇', '东升镇', '乳鸽', '小吃', '小榄镇', '攻略', '早茶', '海鲜', '石岐区', '自然风光']
      来源: food/food\scene_guide.md
      内容: - 优先级：体验感 > 特色 > 价格
- 推荐类型：中山地标美食全覆盖
- 人均预算：100-200元（一天）
- 必吃路线：早茶爱群食店→石岐佬乳鸽→崖口煲仔饭→三乡濑粉→小榄炸鱼球→东升脆肉鲩
- 搜索关键词：乳鸽、早茶、濑粉、脆肉鲩、炸鱼球、海鲜

================================================================================
[2026-06-17 18:47:27] 查询: 中山 烧烤店 推荐
耗时: 610.8 ms | 命中数: 3 | 阈值: 0.3
--------------------------------------------------------------------------------

  [1] 脆肉鲩 — 中山地理标志产品，别的地方吃不到的口感
      综合得分: 0.9278  (向量:0.4178 + 关键词:0.2100 + 标签:0.3000)
      标签: ['东升镇', '乳鸽', '住宿', '宵夜', '海鲜', '火锅', '烧烤', '石岐区', '自然风光']
      来源: food/food\zhongshan_restaurants.md
      内容: 脆肉鲩是中山的地理标志产品，这个鱼特别在哪儿呢——它是用蚕豆喂养的草鱼，肉质变得特别爽脆，而且耐煮不烂，吃起来和普通鱼肉完全不是一个东西。东升镇是脆肉鲩的核心产区。庆丰鱼庄在东升镇，最经典的是脆肉鲩一鱼六味，158一条，六种吃法：鱼片涮火锅、鱼丸煮汤、鱼腩豉汁蒸、鱼骨炸酥、鱼头鱼尾焖煮，一条鱼从头吃到尾。中山国际酒店（石岐区）也有脆肉鲩宴，198一个人，五星酒店的做法更加精致创新。另外金山记靓鸡专门店（东区）有荔枝柴烧鹅88半只，荔枝柴明火烤的，皮色深红油亮，肉质带着果木的清香。小鳌溪山顶美食在东区，主打粤菜融合湘菜和衡阳烧烤，在山顶上吃脆肉鲩和乳鸽别有风味，下午5点半营业到凌晨2点，还有篝火

  [2] 带朋友吃遍中山（有好吃的要分享）
      综合得分: 0.9025  (向量:0.5425 + 关键词:0.2100 + 标签:0.1500)
      标签: ['三乡镇', '东升镇', '乳鸽', '小吃', '小榄镇', '攻略', '早茶', '海鲜', '石岐区', '自然风光']
      来源: food/food\scene_guide.md
      内容: - 优先级：体验感 > 特色 > 价格
- 推荐类型：中山地标美食全覆盖
- 人均预算：100-200元（一天）
- 必吃路线：早茶爱群食店→石岐佬乳鸽→崖口煲仔饭→三乡濑粉→小榄炸鱼球→东升脆肉鲩
- 搜索关键词：乳鸽、早茶、濑粉、脆肉鲩、炸鱼球、海鲜

  [3] 中山特产手信 — 带得走的中山味道
      综合得分: 0.8841  (向量:0.4641 + 关键词:0.2700 + 标签:0.1500)
      标签: ['乳鸽', '历史文化', '小吃', '沙溪镇', '石岐区', '自然风光', '购物', '黄圃镇']
      来源: food/food\zhongshan_restaurants.md
      内容: 咀香园1918年创立，是百年老字号，主打的杏仁饼最有意思——名字叫杏仁饼但其实没有杏仁，是用绿豆粉和冰肉古法制作，入口酥化还有杏仁香，25一盒。沙溪镇有门店。惠赞饼家创于1911年，也是百年历史，主打传统杏仁饼和蛋卷，20到35块，分袋装和盒装。南冲饼家和兴华饼家都在石岐老区，烧饼鸡仔饼光酥饼老婆饼这些，十几二十块一包，坚持古法手工制作。食出石岐鸽可以买到真空包装的，45到88不等，还有鸽羹和椰皇鸽子汤，带回家也能吃到地道风味。黄圃镇是广东腊味之乡，腊肠腊肉真空装35到65，煲仔饭放几片绝了。石岐米酒也是非遗手信，广东四大豉香型米酒之一，酿造技艺起源于明代，30度左右，25到50一瓶。另外孙文

